ISO-10303-21;
HEADER;
FILE_DESCRIPTION (( 'STEP AP214' ),
    '1' );
FILE_NAME ('ASMB-MTB0-0B3A2.STEP',
    '2025-01-29T13:53:33',
    ( '' ),
    ( '' ),
    'SwSTEP 2.0',
    'SolidWorks 2016',
    '' );
FILE_SCHEMA (( 'AUTOMOTIVE_DESIGN' ));
ENDSEC;

DATA;
#1 = ORIENTED_EDGE ( 'NONE', *, *, #1642, .T. ) ;
#2 = LINE ( 'NONE', #3960, #3950 ) ;
#3 =( NAMED_UNIT ( * ) SI_UNIT ( $, .STERADIAN. ) SOLID_ANGLE_UNIT ( ) );
#4 = EDGE_CURVE ( 'NONE', #2772, #3541, #3744, .T. ) ;
#5 = ORIENTED_EDGE ( 'NONE', *, *, #304, .T. ) ;
#6 =( BOUNDED_CURVE ( )  B_SPLINE_CURVE ( 3, ( #2342, #3970, #1614, #3918 ),
 .UNSPECIFIED., .F., .F. ) 
 B_SPLINE_CURVE_WITH_KNOTS ( ( 4, 4 ),
 ( 3.924557823971281100, 4.712388980384686100 ),
 .UNSPECIFIED. ) 
 CURVE ( )  GEOMETRIC_REPRESENTATION_ITEM ( )  RATIONAL_B_SPLINE_CURVE ( ( 1.000000000000000000, 0.9489422106394279600, 0.9489422106394279600, 1.000000000000000000 ) ) 
 REPRESENTATION_ITEM ( '' )  );
#7 = STYLED_ITEM ( 'NONE', ( #2506 ), #933 ) ;
#8 = CARTESIAN_POINT ( 'NONE',  ( 0.4000000000000000800, -0.7500000000000003300, 1.549999999999999400 ) ) ;
#9 = DIRECTION ( 'NONE',  ( 1.000000000000000000, -0.0000000000000000000, -0.0000000000000000000 ) ) ;
#10 = DIRECTION ( 'NONE',  ( -1.000000000000000000, -0.0000000000000000000, -0.0000000000000000000 ) ) ;
#11 = AXIS2_PLACEMENT_3D ( 'NONE', #2408, #3419, #2779 ) ;
#12 =( LENGTH_UNIT ( ) NAMED_UNIT ( * ) SI_UNIT ( .MILLI., .METRE. ) );
#13 = VECTOR ( 'NONE', #650, 1000.000000000000100 ) ;
#14 = COLOUR_RGB ( '',0.7529411764705882200, 0.7529411764705882200, 0.7529411764705882200 ) ;
#15 = CARTESIAN_POINT ( 'NONE',  ( 1.306757946999685100, 0.9099999999999998100, 1.506757946999685500 ) ) ;
#16 = ORIENTED_EDGE ( 'NONE', *, *, #1330, .F. ) ;
#17 = STYLED_ITEM ( 'NONE', ( #1602 ), #3680 ) ;
#18 = EDGE_CURVE ( 'NONE', #774, #2223, #502, .T. ) ;
#19 = DIRECTION ( 'NONE',  ( 0.7071067811865474600, 0.0000000000000000000, -0.7071067811865474600 ) ) ;
#20 = EDGE_CURVE ( 'NONE', #2597, #1508, #1528, .T. ) ;
#21 = VECTOR ( 'NONE', #1003, 1000.000000000000200 ) ;
#22 = CARTESIAN_POINT ( 'NONE',  ( -1.339422019739825700, 0.7409841140852853100, 1.554575834452568200 ) ) ;
#23 = DIRECTION ( 'NONE',  ( 0.0000000000000000000, 0.0000000000000000000, -1.000000000000000000 ) ) ;
#24 = EDGE_LOOP ( 'NONE', ( #4398, #563, #3478, #1223 ) ) ;
#25 = ADVANCED_FACE ( 'NONE', ( #3162 ), #399, .T. ) ;
#26 = DIRECTION ( 'NONE',  ( 1.000000000000000000, 0.0000000000000000000, 0.0000000000000000000 ) ) ;
#27 = VECTOR ( 'NONE', #3227, 1000.000000000000000 ) ;
#28 = CARTESIAN_POINT ( 'NONE',  ( 1.303261606402508900, -0.6999999999999998400, 4.889468067122435000E-019 ) ) ;
#29 = CARTESIAN_POINT ( 'NONE',  ( -1.100000000000000100, -0.9152739131862739400, -0.8821496065635586700 ) ) ;
#30 = DIRECTION ( 'NONE',  ( 1.000000000000000000, 0.0000000000000000000, 0.0000000000000000000 ) ) ;
#31 = ORIENTED_EDGE ( 'NONE', *, *, #2939, .F. ) ;
#32 = SURFACE_SIDE_STYLE ('',( #3543 ) ) ;
#33 = CIRCLE ( 'NONE', #2417, 0.2499999999999995300 ) ;
#34 = ORIENTED_EDGE ( 'NONE', *, *, #3047, .F. ) ;
#35 = ORIENTED_EDGE ( 'NONE', *, *, #2967, .F. ) ;
#36 = DIRECTION ( 'NONE',  ( 0.0000000000000000000, 1.084202172485505200E-015, -1.000000000000000000 ) ) ;
#37 = VECTOR ( 'NONE', #3550, 1000.000000000000000 ) ;
#38 = VERTEX_POINT ( 'NONE', #4407 ) ;
#39 = AXIS2_PLACEMENT_3D ( 'NONE', #825, #1170, #2202 ) ;
#40 = CARTESIAN_POINT ( 'NONE',  ( 0.0000000000000000000, 0.9499999999999998400, 1.200000000000000000 ) ) ;
#41 = DIRECTION ( 'NONE',  ( 0.0000000000000000000, -0.9986295347545739400, -0.05233595624294415400 ) ) ;
#42 = DIRECTION ( 'NONE',  ( 0.0000000000000000000, 0.0000000000000000000, -1.000000000000000000 ) ) ;
#43 = ORIENTED_EDGE ( 'NONE', *, *, #71, .F. ) ;
#44 = AXIS2_PLACEMENT_3D ( 'NONE', #2937, #2557, #2591 ) ;
#45 = CARTESIAN_POINT ( 'NONE',  ( -0.4000000000000000800, -9.376883653928702400E-016, -1.600000000000000300 ) ) ;
#46 = DIRECTION ( 'NONE',  ( 0.0000000000000000000, -0.9986295347545739400, 0.05233595624294431300 ) ) ;
#47 = EDGE_CURVE ( 'NONE', #3437, #1904, #2966, .T. ) ;
#48 = ORIENTED_EDGE ( 'NONE', *, *, #2655, .T. ) ;
#49 = CARTESIAN_POINT ( 'NONE',  ( -0.4000000000000000800, -2.710505431213759900E-017, -1.600000000000000300 ) ) ;
#50 = CARTESIAN_POINT ( 'NONE',  ( 1.100000000000000100, -4.409164072843011400E-014, 1.221935645162453900E-027 ) ) ;
#51 = CARTESIAN_POINT ( 'NONE',  ( 0.4000000000000000800, -0.9497259069509144100, 1.539532808751409300 ) ) ;
#52 = VERTEX_POINT ( 'NONE', #3991 ) ;
#53 = SPHERICAL_SURFACE ( 'NONE', #3237, 0.04000000000000000100 ) ;
#54 = CARTESIAN_POINT ( 'NONE',  ( 1.302451816031413100, -0.6999999999999997300, -0.7762558472959992800 ) ) ;
#55 = CARTESIAN_POINT ( 'NONE',  ( -1.351147738841443200, 0.7500000000000000000, 0.9488522611585574800 ) ) ;
#56 =( LENGTH_UNIT ( ) NAMED_UNIT ( * ) SI_UNIT ( .MILLI., .METRE. ) );
#57 = ORIENTED_EDGE ( 'NONE', *, *, #4301, .F. ) ;
#58 = STYLED_ITEM ( 'NONE', ( #2013 ), #639 ) ;
#59 = ORIENTED_EDGE ( 'NONE', *, *, #917, .F. ) ;
#60 = FILL_AREA_STYLE ('',( #2807 ) ) ;
#61 = AXIS2_PLACEMENT_3D ( 'NONE', #1316, #2382, #1015 ) ;
#62 = CARTESIAN_POINT ( 'NONE',  ( 1.100000000000000100, -1.219729649861163500E-015, -1.750000000000000200 ) ) ;
#63 = CARTESIAN_POINT ( 'NONE',  ( -1.100000000000000100, -0.7654794829730883200, 0.8900000000000003500 ) ) ;
#64 = ORIENTED_EDGE ( 'NONE', *, *, #3321, .T. ) ;
#65 = CARTESIAN_POINT ( 'NONE',  ( -0.4000000000000000800, -0.8666620586815844100, 0.04541983388437099300 ) ) ;
#66 = ORIENTED_EDGE ( 'NONE', *, *, #2487, .T. ) ;
#67 = VERTEX_POINT ( 'NONE', #3308 ) ;
#68 = LINE ( 'NONE', #2528, #621 ) ;
#69 = VERTEX_POINT ( 'NONE', #2990 ) ;
#70 = EDGE_CURVE ( 'NONE', #2554, #2559, #2012, .T. ) ;
#71 = EDGE_CURVE ( 'NONE', #1623, #1981, #2316, .T. ) ;
#72 = CARTESIAN_POINT ( 'NONE',  ( -0.4000000000000000800, -0.9497259069509139700, -1.539532808751409300 ) ) ;
#73 = DIRECTION ( 'NONE',  ( -1.000000000000000000, -0.0000000000000000000, -0.0000000000000000000 ) ) ;
#74 = ORIENTED_EDGE ( 'NONE', *, *, #3679, .T. ) ;
#75 = PRESENTATION_STYLE_ASSIGNMENT (( #4339 ) ) ;
#76 = FACE_OUTER_BOUND ( 'NONE', #1538, .T. ) ;
#77 = DIRECTION ( 'NONE',  ( 0.0000000000000000000, 0.06975647374412533000, -0.9975640502598243100 ) ) ;
#78 = SURFACE_STYLE_USAGE ( .BOTH. , #3720 ) ;
#79 = LINE ( 'NONE', #2515, #1662 ) ;
#80 =( NAMED_UNIT ( * ) PLANE_ANGLE_UNIT ( ) SI_UNIT ( $, .RADIAN. ) );
#81 = ORIENTED_EDGE ( 'NONE', *, *, #2514, .T. ) ;
#82 = COLOUR_RGB ( '',0.7529411764705882200, 0.7529411764705882200, 0.7529411764705882200 ) ;
#83 = FACE_OUTER_BOUND ( 'NONE', #2836, .T. ) ;
#84 = ORIENTED_EDGE ( 'NONE', *, *, #1784, .F. ) ;
#85 = DIRECTION ( 'NONE',  ( 0.06958737431666108000, 0.9951458157835088000, -0.06958737431666478500 ) ) ;
#86 = UNCERTAINTY_MEASURE_WITH_UNIT (LENGTH_MEASURE( 1.000000000000000100E-005 ), #3175, 'distance_accuracy_value', 'NONE');
#87 = EDGE_CURVE ( 'NONE', #2379, #195, #2089, .T. ) ;
#88 =( NAMED_UNIT ( * ) SI_UNIT ( $, .STERADIAN. ) SOLID_ANGLE_UNIT ( ) );
#89 = ORIENTED_EDGE ( 'NONE', *, *, #3696, .F. ) ;
#90 =( GEOMETRIC_REPRESENTATION_CONTEXT ( 3 ) GLOBAL_UNCERTAINTY_ASSIGNED_CONTEXT ( ( #3879 ) ) GLOBAL_UNIT_ASSIGNED_CONTEXT ( ( #934, #3260, #2354 ) ) REPRESENTATION_CONTEXT ( 'NONE', 'WORKASPACE' ) );
#91 = CARTESIAN_POINT ( 'NONE',  ( 0.4000000000000000800, -0.7654794829730883200, 0.8900000000000003500 ) ) ;
#92 = LINE ( 'NONE', #4070, #3561 ) ;
#93 = EDGE_CURVE ( 'NONE', #166, #424, #3582, .T. ) ;
#94 = EDGE_CURVE ( 'NONE', #2757, #3188, #2071, .T. ) ;
#95 = AXIS2_PLACEMENT_3D ( 'NONE', #763, #1515, #3103 ) ;
#96 = SURFACE_STYLE_FILL_AREA ( #1741 ) ;
#97 =( LENGTH_UNIT ( ) NAMED_UNIT ( * ) SI_UNIT ( .MILLI., .METRE. ) );
#98 = SURFACE_STYLE_USAGE ( .BOTH. , #811 ) ;
#99 = DIRECTION ( 'NONE',  ( 0.06958737431666096900, -0.9951458157835088000, 0.06958737431666675600 ) ) ;
#100 = ORIENTED_EDGE ( 'NONE', *, *, #1378, .F. ) ;
#101 = SURFACE_STYLE_FILL_AREA ( #4365 ) ;
#102 = FACE_OUTER_BOUND ( 'NONE', #1000, .T. ) ;
#103 = DIRECTION ( 'NONE',  ( -1.000000000000000000, -1.743152798421049800E-032, 1.218931179239928000E-033 ) ) ;
#104 = PLANE ( 'NONE',  #3041 ) ;
#105 = ORIENTED_EDGE ( 'NONE', *, *, #2152, .T. ) ;
#106 = SURFACE_STYLE_USAGE ( .BOTH. , #1513 ) ;
#107 = CYLINDRICAL_SURFACE ( 'NONE', #1365, 0.04000000000000010500 ) ;
#108 = FACE_OUTER_BOUND ( 'NONE', #3551, .T. ) ;
#109 = DIRECTION ( 'NONE',  ( 0.06958737431665859600, 0.9951458157835081400, 0.06958737431667705300 ) ) ;
#110 =( NAMED_UNIT ( * ) PLANE_ANGLE_UNIT ( ) SI_UNIT ( $, .RADIAN. ) );
#111 = VECTOR ( 'NONE', #2138, 1000.000000000000000 ) ;
#112 = ORIENTED_EDGE ( 'NONE', *, *, #3457, .T. ) ;
#113 = CARTESIAN_POINT ( 'NONE',  ( -1.318791840464721200, 0.7406975647374410800, 1.558694402475115500 ) ) ;
#114 = EDGE_LOOP ( 'NONE', ( #1194, #2741, #911 ) ) ;
#115 = SURFACE_SIDE_STYLE ('',( #3685 ) ) ;
#116 = AXIS2_PLACEMENT_3D ( 'NONE', #3501, #1540, #165 ) ;
#117 = VECTOR ( 'NONE', #3890, 1000.000000000000000 ) ;
#118 = ORIENTED_EDGE ( 'NONE', *, *, #827, .T. ) ;
#119 = CARTESIAN_POINT ( 'NONE',  ( -1.100000000000000100, -0.04861185450468941800, -0.9275694404479294400 ) ) ;
#120 = AXIS2_PLACEMENT_3D ( 'NONE', #4402, #3364, #2396 ) ;
#121 = DIRECTION ( 'NONE',  ( 1.000000000000000000, 0.0000000000000000000, 5.467612324048528100E-015 ) ) ;
#122 = CARTESIAN_POINT ( 'NONE',  ( -1.358694402475114600, 0.7406975647374410800, 1.518791840464722300 ) ) ;
#123 = FILL_AREA_STYLE ('',( #1175 ) ) ;
#124 = COLOUR_RGB ( '',0.7529411764705882200, 0.7529411764705882200, 0.7529411764705882200 ) ;
#125 = PRESENTATION_LAYER_ASSIGNMENT (  '', '', ( #1278 ) ) ;
#126 = CARTESIAN_POINT ( 'NONE',  ( 0.4000000000000000800, -0.7999314767377274600, -1.547383202187851700 ) ) ;
#127 = LINE ( 'NONE', #1247, #3983 ) ;
#128 = CARTESIAN_POINT ( 'NONE',  ( -0.7378097678920488800, 0.7502885280554703100, 1.558023736986818600 ) ) ;
#129 = CARTESIAN_POINT ( 'NONE',  ( 0.0000000000000000000, -0.9000000000000000200, -6.505213034913026600E-017 ) ) ;
#130 = EDGE_CURVE ( 'NONE', #1986, #1723, #2723, .T. ) ;
#131 = EDGE_CURVE ( 'NONE', #844, #1363, #2210, .T. ) ;
#132 = FACE_OUTER_BOUND ( 'NONE', #2175, .T. ) ;
#133 = ORIENTED_EDGE ( 'NONE', *, *, #2890, .T. ) ;
#134 = SURFACE_SIDE_STYLE ('',( #234 ) ) ;
#135 = CARTESIAN_POINT ( 'NONE',  ( 1.342155380341946600, -0.1037931194280719000, -1.542155380341949200 ) ) ;
#136 = LINE ( 'NONE', #1377, #1100 ) ;
#137 = ORIENTED_EDGE ( 'NONE', *, *, #2627, .T. ) ;
#138 = CARTESIAN_POINT ( 'NONE',  ( -0.4000000000000000800, -9.376883653928696500E-016, 1.600000000000000300 ) ) ;
#139 = CIRCLE ( 'NONE', #799, 0.4207106781186547600 ) ;
#140 = CARTESIAN_POINT ( 'NONE',  ( 1.100000000000000100, -0.7999314767377274600, -1.547383202187851700 ) ) ;
#141 = COLOUR_RGB ( '',1.000000000000000000, 1.000000000000000000, 0.9803921568627450600 ) ;
#142 = DIRECTION ( 'NONE',  ( 0.06958737431666137100, -0.9951458157835089100, -0.06958737431666479900 ) ) ;
#143 = ORIENTED_EDGE ( 'NONE', *, *, #162, .T. ) ;
#144 =( BOUNDED_CURVE ( )  B_SPLINE_CURVE ( 3, ( #3716, #2109, #3062, #1058 ),
 .UNSPECIFIED., .F., .T. ) 
 B_SPLINE_CURVE_WITH_KNOTS ( ( 4, 4 ),
 ( 1.570796326794885700, 2.283948327096619200 ),
 .UNSPECIFIED. ) 
 CURVE ( )  GEOMETRIC_REPRESENTATION_ITEM ( )  RATIONAL_B_SPLINE_CURVE ( ( 1.000000000000000000, 0.9580650147507753200, 0.9580650147507753200, 1.000000000000000000 ) ) 
 REPRESENTATION_ITEM ( '' )  );
#145 = LINE ( 'NONE', #3587, #1335 ) ;
#146 = CARTESIAN_POINT ( 'NONE',  ( 1.303261606402508900, -0.6999999999999998400, 0.7762062805697256300 ) ) ;
#147 = DIRECTION ( 'NONE',  ( 0.7071067811865475700, -0.0000000000000000000, 0.7071067811865475700 ) ) ;
#148 = VERTEX_POINT ( 'NONE', #354 ) ;
#149 = EDGE_CURVE ( 'NONE', #2719, #1307, #3694, .T. ) ;
#150 = COLOUR_RGB ( '',0.7529411764705882200, 0.7529411764705882200, 0.7529411764705882200 ) ;
#151 = DIRECTION ( 'NONE',  ( 0.0000000000000000000, -1.000000000000000000, -7.228014483236695800E-017 ) ) ;
#152 = CARTESIAN_POINT ( 'NONE',  ( 1.399999999999994800, 0.1500000000000028300, 1.583495311715530200 ) ) ;
#153 = STYLED_ITEM ( 'NONE', ( #2835 ), #897 ) ;
#154 = LINE ( 'NONE', #3024, #1454 ) ;
#155 = DIRECTION ( 'NONE',  ( 0.0000000000000000000, 0.0000000000000000000, -1.000000000000000000 ) ) ;
#156 = STYLED_ITEM ( 'NONE', ( #4337 ), #2947 ) ;
#157 = CARTESIAN_POINT ( 'NONE',  ( -0.7624840979130365100, 0.9499999999999998400, 1.528912372951082300 ) ) ;
#158 = DIRECTION ( 'NONE',  ( 1.000000000000000000, -0.0000000000000000000, 0.0000000000000000000 ) ) ;
#159 = VERTEX_POINT ( 'NONE', #3743 ) ;
#160 = LINE ( 'NONE', #221, #1940 ) ;
#161 = STYLED_ITEM ( 'NONE', ( #2429 ), #4277 ) ;
#162 = EDGE_CURVE ( 'NONE', #1697, #844, #3634, .T. ) ;
#163 = EDGE_CURVE ( 'NONE', #3422, #2371, #1421, .T. ) ;
#164 = CARTESIAN_POINT ( 'NONE',  ( -1.306757946999685100, 0.9499999999999998400, 3.335340047708217100E-017 ) ) ;
#165 = DIRECTION ( 'NONE',  ( 0.0000000000000000000, -7.228014483236695800E-017, 1.000000000000000000 ) ) ;
#166 = VERTEX_POINT ( 'NONE', #3371 ) ;
#167 = PRESENTATION_STYLE_ASSIGNMENT (( #78 ) ) ;
#168 = FILL_AREA_STYLE_COLOUR ( '', #1962 ) ;
#169 = DIRECTION ( 'NONE',  ( -1.000000000000000000, 0.0000000000000000000, 0.0000000000000000000 ) ) ;
#170 =( NAMED_UNIT ( * ) PLANE_ANGLE_UNIT ( ) SI_UNIT ( $, .RADIAN. ) );
#171 = UNCERTAINTY_MEASURE_WITH_UNIT (LENGTH_MEASURE( 1.000000000000000100E-005 ), #271, 'distance_accuracy_value', 'NONE');
#172 = EDGE_LOOP ( 'NONE', ( #2931, #2603, #833 ) ) ;
#173 = CARTESIAN_POINT ( 'NONE',  ( 1.100000000000000100, -1.219729649861163100E-015, 1.750000000000000200 ) ) ;
#174 = EDGE_CURVE ( 'NONE', #3871, #4217, #1032, .T. ) ;
#175 = ORIENTED_EDGE ( 'NONE', *, *, #4320, .F. ) ;
#176 = DIRECTION ( 'NONE',  ( 0.0000000000000000000, 0.06975647374412564900, -0.9975640502598242000 ) ) ;
#177 = ORIENTED_EDGE ( 'NONE', *, *, #1842, .F. ) ;
#178 = ORIENTED_EDGE ( 'NONE', *, *, #3114, .F. ) ;
#179 = CARTESIAN_POINT ( 'NONE',  ( -1.304349212707389700, 0.9472367641649794800, -1.544251774717782400 ) ) ;
#180 = ORIENTED_EDGE ( 'NONE', *, *, #1312, .T. ) ;
#181 = CARTESIAN_POINT ( 'NONE',  ( -1.100000000000000100, -0.01000000000000009600, -1.600000000000000300 ) ) ;
#182 = AXIS2_PLACEMENT_3D ( 'NONE', #3065, #2149, #1434 ) ;
#183 = EDGE_LOOP ( 'NONE', ( #3969, #1791, #3638, #4083 ) ) ;
#184 = EDGE_CURVE ( 'NONE', #3288, #2367, #3072, .T. ) ;
#185 = VERTEX_POINT ( 'NONE', #2443 ) ;
#186 = DIRECTION ( 'NONE',  ( 0.0000000000000000000, -5.860552283705437800E-016, -1.000000000000000000 ) ) ;
#187 =( NAMED_UNIT ( * ) PLANE_ANGLE_UNIT ( ) SI_UNIT ( $, .RADIAN. ) );
#188 = VECTOR ( 'NONE', #1988, 1000.000000000000000 ) ;
#189 = PRESENTATION_LAYER_ASSIGNMENT (  '', '', ( #1523 ) ) ;
#190 = LINE ( 'NONE', #3623, #4209 ) ;
#191 = ORIENTED_EDGE ( 'NONE', *, *, #1134, .T. ) ;
#192 = VECTOR ( 'NONE', #3313, 1000.000000000000100 ) ;
#193 = VECTOR ( 'NONE', #3913, 1000.000000000000000 ) ;
#194 = PLANE ( 'NONE',  #3892 ) ;
#195 = VERTEX_POINT ( 'NONE', #2114 ) ;
#196 = CARTESIAN_POINT ( 'NONE',  ( -1.348718761972516500, 0.7399999999999997700, 1.518791840464722300 ) ) ;
#197 = SURFACE_STYLE_FILL_AREA ( #2637 ) ;
#198 = CARTESIAN_POINT ( 'NONE',  ( -1.341675069290770200, 0.8407294982565047800, 0.9441827950854990700 ) ) ;
#199 = VERTEX_POINT ( 'NONE', #51 ) ;
#200 =( BOUNDED_CURVE ( )  B_SPLINE_CURVE ( 3, ( #2863, #1207, #3512, #3884 ),
 .UNSPECIFIED., .F., .T. ) 
 B_SPLINE_CURVE_WITH_KNOTS ( ( 4, 4 ),
 ( 2.358627482608275800, 3.924557824571413900 ),
 .UNSPECIFIED. ) 
 CURVE ( )  GEOMETRIC_REPRESENTATION_ITEM ( )  RATIONAL_B_SPLINE_CURVE ( ( 1.000000000000000000, 0.8058833813891835800, 0.8058833813891835800, 1.000000000000000000 ) ) 
 REPRESENTATION_ITEM ( '' )  );
#201 = SURFACE_STYLE_USAGE ( .BOTH. , #3840 ) ;
#202 = PRESENTATION_STYLE_ASSIGNMENT (( #4020 ) ) ;
#203 = CARTESIAN_POINT ( 'NONE',  ( 1.399999999999999900, -0.8599999999999998800, -0.7149122703230398300 ) ) ;
#204 = AXIS2_PLACEMENT_3D ( 'NONE', #685, #4397, #2349 ) ;
#205 =( GEOMETRIC_REPRESENTATION_CONTEXT ( 3 ) GLOBAL_UNCERTAINTY_ASSIGNED_CONTEXT ( ( #884 ) ) GLOBAL_UNIT_ASSIGNED_CONTEXT ( ( #2510, #486, #2843 ) ) REPRESENTATION_CONTEXT ( 'NONE', 'WORKASPACE' ) );
#206 = EDGE_LOOP ( 'NONE', ( #191, #585, #251, #3816 ) ) ;
#207 = DIRECTION ( 'NONE',  ( 1.000000000000000000, -0.0000000000000000000, 0.0000000000000000000 ) ) ;
#208 = AXIS2_PLACEMENT_3D ( 'NONE', #1516, #3824, #1855 ) ;
#209 = ORIENTED_EDGE ( 'NONE', *, *, #604, .T. ) ;
#210 =( NAMED_UNIT ( * ) PLANE_ANGLE_UNIT ( ) SI_UNIT ( $, .RADIAN. ) );
#211 = PRESENTATION_LAYER_ASSIGNMENT (  '', '', ( #1609 ) ) ;
#212 = SURFACE_SIDE_STYLE ('',( #485 ) ) ;
#213 = CARTESIAN_POINT ( 'NONE',  ( 0.4000000000000000800, 4.300749537507581400E-014, -1.164031684864866500E-027 ) ) ;
#214 = EDGE_CURVE ( 'NONE', #69, #1097, #3474, .T. ) ;
#215 = SURFACE_STYLE_FILL_AREA ( #984 ) ;
#216 = EDGE_CURVE ( 'NONE', #504, #3437, #3259, .T. ) ;
#217 = EDGE_LOOP ( 'NONE', ( #1882, #2905, #1651, #558, #787, #4249, #4330, #4024 ) ) ;
#218 = DIRECTION ( 'NONE',  ( 1.000000000000000000, 0.0000000000000000000, 0.0000000000000000000 ) ) ;
#219 = CARTESIAN_POINT ( 'NONE',  ( -1.348718761972516300, 0.7499999999999997800, 1.518791840464722300 ) ) ;
#220 = SURFACE_STYLE_FILL_AREA ( #3693 ) ;
#221 = CARTESIAN_POINT ( 'NONE',  ( -0.4000000000000000800, -0.7499999999999990000, -1.599999999999999900 ) ) ;
#222 = VERTEX_POINT ( 'NONE', #1103 ) ;
#223 = CARTESIAN_POINT ( 'NONE',  ( -1.306757946999685100, 0.9099999999999999200, 3.194904677278397600E-017 ) ) ;
#224 = CARTESIAN_POINT ( 'NONE',  ( -0.7861709851884495200, 0.9399999999999998400, 1.513829014811550700 ) ) ;
#225 = ORIENTED_EDGE ( 'NONE', *, *, #2654, .T. ) ;
#226 = ORIENTED_EDGE ( 'NONE', *, *, #2487, .F. ) ;
#227 = ORIENTED_EDGE ( 'NONE', *, *, #837, .T. ) ;
#228 = CARTESIAN_POINT ( 'NONE',  ( 1.342155380341946800, -0.1037931194280719000, 1.542155380341949200 ) ) ;
#229 = ORIENTED_EDGE ( 'NONE', *, *, #1951, .F. ) ;
#230 = DIRECTION ( 'NONE',  ( 0.0000000000000000000, -0.9975640502598242000, 0.06975647374412530200 ) ) ;
#231 = LINE ( 'NONE', #2942, #404 ) ;
#232 = ORIENTED_EDGE ( 'NONE', *, *, #3145, .T. ) ;
#233 = EDGE_CURVE ( 'NONE', #1638, #878, #3846, .T. ) ;
#234 = SURFACE_STYLE_FILL_AREA ( #2240 ) ;
#235 = CARTESIAN_POINT ( 'NONE',  ( 1.100000000000000100, -0.04861185450468941800, -0.9275694404479294400 ) ) ;
#236 = SURFACE_STYLE_USAGE ( .BOTH. , #1996 ) ;
#237 = AXIS2_PLACEMENT_3D ( 'NONE', #2750, #3957, #4358 ) ;
#238 =( GEOMETRIC_REPRESENTATION_CONTEXT ( 3 ) GLOBAL_UNCERTAINTY_ASSIGNED_CONTEXT ( ( #1425 ) ) GLOBAL_UNIT_ASSIGNED_CONTEXT ( ( #295, #3038, #1676 ) ) REPRESENTATION_CONTEXT ( 'NONE', 'WORKASPACE' ) );
#239 = SURFACE_STYLE_FILL_AREA ( #2625 ) ;
#240 =( LENGTH_UNIT ( ) NAMED_UNIT ( * ) SI_UNIT ( .MILLI., .METRE. ) );
#241 =( NAMED_UNIT ( * ) PLANE_ANGLE_UNIT ( ) SI_UNIT ( $, .RADIAN. ) );
#242 = AXIS2_PLACEMENT_3D ( 'NONE', #426, #1776, #413 ) ;
#243 = VERTEX_POINT ( 'NONE', #2425 ) ;
#244 = FILL_AREA_STYLE ('',( #3205 ) ) ;
#245 = MECHANICAL_DESIGN_GEOMETRIC_PRESENTATION_REPRESENTATION (  '', ( #1410 ), #3761 ) ;
#246 = EDGE_CURVE ( 'NONE', #2491, #4066, #1086, .T. ) ;
#247 = DIRECTION ( 'NONE',  ( -0.0000000000000000000, 1.000000000000000000, 3.510884260745492600E-017 ) ) ;
#248 = EDGE_CURVE ( 'NONE', #199, #1616, #723, .T. ) ;
#249 = ADVANCED_FACE ( 'NONE', ( #2602 ), #4302, .T. ) ;
#250 = CARTESIAN_POINT ( 'NONE',  ( 1.303261606402508900, -0.6999999999999998400, -1.503261606402509500 ) ) ;
#251 = ORIENTED_EDGE ( 'NONE', *, *, #1729, .F. ) ;
#252 = DIRECTION ( 'NONE',  ( 0.0000000000000000000, 0.0000000000000000000, -1.000000000000000000 ) ) ;
#253 = LINE ( 'NONE', #429, #3090 ) ;
#254 = LINE ( 'NONE', #535, #1062 ) ;
#255 =( LENGTH_UNIT ( ) NAMED_UNIT ( * ) SI_UNIT ( .MILLI., .METRE. ) );
#256 = ORIENTED_EDGE ( 'NONE', *, *, #4028, .T. ) ;
#257 = PLANE ( 'NONE',  #3158 ) ;
#258 = ORIENTED_EDGE ( 'NONE', *, *, #1195, .T. ) ;
#259 =( LENGTH_UNIT ( ) NAMED_UNIT ( * ) SI_UNIT ( .MILLI., .METRE. ) );
#260 = PRODUCT_DEFINITION_SHAPE ( 'NONE', 'NONE',  #4172 ) ;
#261 = DIRECTION ( 'NONE',  ( 0.0000000000000000000, 0.0000000000000000000, 1.000000000000000000 ) ) ;
#262 = ADVANCED_FACE ( 'NONE', ( #4368 ), #762, .T. ) ;
#263 = CARTESIAN_POINT ( 'NONE',  ( 1.100000000000000100, 0.0000000000000000000, 0.0000000000000000000 ) ) ;
#264 = CARTESIAN_POINT ( 'NONE',  ( 0.4000000000000000800, -0.9497259069509139700, -1.539532808751409300 ) ) ;
#265 = ORIENTED_EDGE ( 'NONE', *, *, #3555, .T. ) ;
#266 = SURFACE_SIDE_STYLE ('',( #4321 ) ) ;
#267 = STYLED_ITEM ( 'NONE', ( #2312 ), #2042 ) ;
#268 = ADVANCED_FACE ( 'NONE', ( #2924 ), #1490, .F. ) ;
#269 =( NAMED_UNIT ( * ) SI_UNIT ( $, .STERADIAN. ) SOLID_ANGLE_UNIT ( ) );
#270 = CIRCLE ( 'NONE', #242, 0.03999999999999999400 ) ;
#271 =( LENGTH_UNIT ( ) NAMED_UNIT ( * ) SI_UNIT ( .MILLI., .METRE. ) );
#272 = MECHANICAL_DESIGN_GEOMETRIC_PRESENTATION_REPRESENTATION (  '', ( #3495 ), #3732 ) ;
#273 = FILL_AREA_STYLE_COLOUR ( '', #2283 ) ;
#274 = PRESENTATION_LAYER_ASSIGNMENT (  '', '', ( #4206 ) ) ;
#275 = LINE ( 'NONE', #2215, #2449 ) ;
#276 = CARTESIAN_POINT ( 'NONE',  ( -1.343164168412901900, -0.6627902589497647300, -0.7411929124102061300 ) ) ;
#277 = EDGE_CURVE ( 'NONE', #2023, #725, #3772, .T. ) ;
#278 = VECTOR ( 'NONE', #1006, 1000.000000000000000 ) ;
#279 = CARTESIAN_POINT ( 'NONE',  ( -0.4000000000000000800, -0.1106085859236701400, 1.581776472421251300 ) ) ;
#280 = CIRCLE ( 'NONE', #120, 0.1499999999999999700 ) ;
#281 = CARTESIAN_POINT ( 'NONE',  ( 1.343164168412901600, -0.6627902589497647300, -0.7411929124102062400 ) ) ;
#282 = UNCERTAINTY_MEASURE_WITH_UNIT (LENGTH_MEASURE( 1.000000000000000100E-005 ), #3663, 'distance_accuracy_value', 'NONE');
#283 = SURFACE_STYLE_USAGE ( .BOTH. , #2633 ) ;
#284 = FACE_OUTER_BOUND ( 'NONE', #2579, .T. ) ;
#285 = CARTESIAN_POINT ( 'NONE',  ( 0.4000000000000000800, -1.011922027653141700E-015, -1.750000000000000200 ) ) ;
#286 = VERTEX_POINT ( 'NONE', #2829 ) ;
#287 = ORIENTED_EDGE ( 'NONE', *, *, #2365, .T. ) ;
#288 = SURFACE_STYLE_USAGE ( .BOTH. , #4367 ) ;
#289 = ORIENTED_EDGE ( 'NONE', *, *, #1566, .F. ) ;
#290 = DIRECTION ( 'NONE',  ( -1.000000000000000000, -0.0000000000000000000, -0.0000000000000000000 ) ) ;
#291 = ORIENTED_EDGE ( 'NONE', *, *, #1615, .F. ) ;
#292 = ADVANCED_FACE ( 'NONE', ( #1553 ), #3005, .T. ) ;
#293 = SURFACE_SIDE_STYLE ('',( #3985 ) ) ;
#294 = AXIS2_PLACEMENT_3D ( 'NONE', #1146, #1835, #777 ) ;
#295 =( LENGTH_UNIT ( ) NAMED_UNIT ( * ) SI_UNIT ( .MILLI., .METRE. ) );
#296 =( LENGTH_UNIT ( ) NAMED_UNIT ( * ) SI_UNIT ( .MILLI., .METRE. ) );
#297 = STYLED_ITEM ( 'NONE', ( #767 ), #955 ) ;
#298 = CARTESIAN_POINT ( 'NONE',  ( -0.4000000000000000800, -0.7499999999999985600, 1.749999999999999800 ) ) ;
#299 = CIRCLE ( 'NONE', #3324, 0.04000000000000010500 ) ;
#300 = ORIENTED_EDGE ( 'NONE', *, *, #3939, .T. ) ;
#301 = AXIS2_PLACEMENT_3D ( 'NONE', #1341, #2651, #3657 ) ;
#302 = VERTEX_POINT ( 'NONE', #2465 ) ;
#303 = EDGE_CURVE ( 'NONE', #4007, #286, #1502, .T. ) ;
#304 = EDGE_CURVE ( 'NONE', #793, #1477, #2143, .T. ) ;
#305 = FACE_OUTER_BOUND ( 'NONE', #3531, .T. ) ;
#306 = PLANE ( 'NONE',  #1750 ) ;
#307 = PRESENTATION_STYLE_ASSIGNMENT (( #1522 ) ) ;
#308 = ORIENTED_EDGE ( 'NONE', *, *, #2891, .T. ) ;
#309 = UNCERTAINTY_MEASURE_WITH_UNIT (LENGTH_MEASURE( 1.000000000000000100E-005 ), #988, 'distance_accuracy_value', 'NONE');
#310 =( NAMED_UNIT ( * ) SI_UNIT ( $, .STERADIAN. ) SOLID_ANGLE_UNIT ( ) );
#311 = VECTOR ( 'NONE', #1817, 1000.000000000000000 ) ;
#312 = SURFACE_SIDE_STYLE ('',( #1034 ) ) ;
#313 =( LENGTH_UNIT ( ) NAMED_UNIT ( * ) SI_UNIT ( .MILLI., .METRE. ) );
#314 = FILL_AREA_STYLE ('',( #1974 ) ) ;
#315 = DIRECTION ( 'NONE',  ( -1.000000000000000000, -0.0000000000000000000, -0.0000000000000000000 ) ) ;
#316 = ADVANCED_FACE ( 'NONE', ( #2903 ), #789, .T. ) ;
#317 = CARTESIAN_POINT ( 'NONE',  ( 1.360097437989604300, 0.1499999999999998600, 1.600000000000000300 ) ) ;
#318 = LINE ( 'NONE', #1525, #1777 ) ;
#319 = DIRECTION ( 'NONE',  ( 0.0000000000000000000, 1.000000000000000000, 5.782411586589377400E-016 ) ) ;
#320 = EDGE_LOOP ( 'NONE', ( #1110, #2645, #820, #1960 ) ) ;
#321 = CARTESIAN_POINT ( 'NONE',  ( -0.7573280719607417000, 0.9275926884924484700, 1.542671928039258500 ) ) ;
#322 = COLOUR_RGB ( '',0.7529411764705882200, 0.7529411764705882200, 0.7529411764705882200 ) ;
#323 = AXIS2_PLACEMENT_3D ( 'NONE', #1371, #4343, #3706 ) ;
#324 = ORIENTED_EDGE ( 'NONE', *, *, #2153, .T. ) ;
#325 = FACE_OUTER_BOUND ( 'NONE', #2673, .T. ) ;
#326 = AXIS2_PLACEMENT_3D ( 'NONE', #554, #3942, #1204 ) ;
#327 =( GEOMETRIC_REPRESENTATION_CONTEXT ( 3 ) GLOBAL_UNCERTAINTY_ASSIGNED_CONTEXT ( ( #1333 ) ) GLOBAL_UNIT_ASSIGNED_CONTEXT ( ( #4291, #241, #1288 ) ) REPRESENTATION_CONTEXT ( 'NONE', 'WORKASPACE' ) );
#328 = SURFACE_STYLE_USAGE ( .BOTH. , #2049 ) ;
#329 =( NAMED_UNIT ( * ) SI_UNIT ( $, .STERADIAN. ) SOLID_ANGLE_UNIT ( ) );
#330 = DIRECTION ( 'NONE',  ( 1.000000000000000000, -0.0000000000000000000, 0.0000000000000000000 ) ) ;
#331 = AXIS2_PLACEMENT_3D ( 'NONE', #1128, #3830, #1535 ) ;
#332 = CARTESIAN_POINT ( 'NONE',  ( 1.306757946999685100, 0.9099999999999999200, -1.506757946999684800 ) ) ;
#333 = COLOUR_RGB ( '',0.08235294117647058700, 0.08235294117647058700, 0.08235294117647058700 ) ;
#334 = CARTESIAN_POINT ( 'NONE',  ( -1.100000000000000100, -9.376883653928696500E-016, 1.600000000000000300 ) ) ;
#335 = ORIENTED_EDGE ( 'NONE', *, *, #645, .T. ) ;
#336 = AXIS2_PLACEMENT_3D ( 'NONE', #1397, #405, #703 ) ;
#337 = DIRECTION ( 'NONE',  ( -0.0000000000000000000, -1.000000000000000000, -7.228014483236695800E-017 ) ) ;
#338 = EDGE_CURVE ( 'NONE', #3270, #2901, #4050, .T. ) ;
#339 = EDGE_CURVE ( 'NONE', #3629, #1759, #1449, .T. ) ;
#340 = CARTESIAN_POINT ( 'NONE',  ( -0.7491729958687891600, 0.9127902589497646200, 1.546660509010078200 ) ) ;
#341 = AXIS2_PLACEMENT_3D ( 'NONE', #4115, #3100, #1861 ) ;
#342 = CARTESIAN_POINT ( 'NONE',  ( 0.4000000000000000800, -0.7654794829730877700, -0.8900000000000002400 ) ) ;
#343 = ADVANCED_FACE ( 'NONE', ( #1113 ), #3933, .F. ) ;
#344 = FACE_OUTER_BOUND ( 'NONE', #1973, .T. ) ;
#345 = EDGE_LOOP ( 'NONE', ( #265, #3330, #3546, #4311 ) ) ;
#346 = EDGE_LOOP ( 'NONE', ( #2292, #1343, #2219 ) ) ;
#347 = DIRECTION ( 'NONE',  ( -0.0000000000000000000, 0.06975647374412540000, 0.9975640502598243100 ) ) ;
#348 = UNCERTAINTY_MEASURE_WITH_UNIT (LENGTH_MEASURE( 1.000000000000000100E-005 ), #3508, 'distance_accuracy_value', 'NONE');
#349 = ORIENTED_EDGE ( 'NONE', *, *, #1493, .T. ) ;
#350 = LINE ( 'NONE', #235, #2608 ) ;
#351 = DIRECTION ( 'NONE',  ( 0.0000000000000000000, 0.05233595624294358500, -0.9986295347545739400 ) ) ;
#352 =( NAMED_UNIT ( * ) SI_UNIT ( $, .STERADIAN. ) SOLID_ANGLE_UNIT ( ) );
#353 = ORIENTED_EDGE ( 'NONE', *, *, #1705, .F. ) ;
#354 = CARTESIAN_POINT ( 'NONE',  ( 1.346660509010078100, 0.9127902589497646200, 1.506757946999685500 ) ) ;
#355 = DIRECTION ( 'NONE',  ( 1.000000000000000000, 0.0000000000000000000, 0.0000000000000000000 ) ) ;
#356 = CARTESIAN_POINT ( 'NONE',  ( -1.303261606402508900, -0.6599999999999999200, -1.503261606402509700 ) ) ;
#357 = LINE ( 'NONE', #179, #4093 ) ;
#358 = PRESENTATION_STYLE_ASSIGNMENT (( #1201 ) ) ;
#359 = CARTESIAN_POINT ( 'NONE',  ( 0.4000000000000000800, -0.7499999999999985600, 1.749999999999999800 ) ) ;
#360 = DIRECTION ( 'NONE',  ( -0.06916478287887444000, 0.9891024766687781500, 0.1299712408843093100 ) ) ;
#361 = ORIENTED_EDGE ( 'NONE', *, *, #2488, .T. ) ;
#362 = PRESENTATION_STYLE_ASSIGNMENT (( #3463 ) ) ;
#363 = MECHANICAL_DESIGN_GEOMETRIC_PRESENTATION_REPRESENTATION (  '', ( #1749 ), #3134 ) ;
#364 = STYLED_ITEM ( 'NONE', ( #1292 ), #591 ) ;
#365 = CARTESIAN_POINT ( 'NONE',  ( -1.289276244013807700, -0.8600000000000001000, 0.7149122703230401700 ) ) ;
#366 = ORIENTED_EDGE ( 'NONE', *, *, #930, .T. ) ;
#367 = DIRECTION ( 'NONE',  ( 0.0000000000000000000, 0.0000000000000000000, -1.000000000000000000 ) ) ;
#368 =( GEOMETRIC_REPRESENTATION_CONTEXT ( 3 ) GLOBAL_UNCERTAINTY_ASSIGNED_CONTEXT ( ( #1083 ) ) GLOBAL_UNIT_ASSIGNED_CONTEXT ( ( #2092, #2721, #2737 ) ) REPRESENTATION_CONTEXT ( 'NONE', 'WORKASPACE' ) );
#369 = ADVANCED_FACE ( 'NONE', ( #1392 ), #3177, .F. ) ;
#370 = FILL_AREA_STYLE_COLOUR ( '', #2066 ) ;
#371 = AXIS2_PLACEMENT_3D ( 'NONE', #2463, #2439, #783 ) ;
#372 = ORIENTED_EDGE ( 'NONE', *, *, #216, .T. ) ;
#373 = CARTESIAN_POINT ( 'NONE',  ( -1.345531514540884800, 0.7499999999999997800, 1.534392748977047000 ) ) ;
#374 = FACE_OUTER_BOUND ( 'NONE', #3029, .T. ) ;
#375 = CARTESIAN_POINT ( 'NONE',  ( 0.0000000000000000000, 0.9299999999999998300, 3.265122362493307300E-017 ) ) ;
#376 = EDGE_CURVE ( 'NONE', #4157, #4035, #2136, .T. ) ;
#377 =( LENGTH_UNIT ( ) NAMED_UNIT ( * ) SI_UNIT ( .MILLI., .METRE. ) );
#378 = ORIENTED_EDGE ( 'NONE', *, *, #1134, .F. ) ;
#379 = UNCERTAINTY_MEASURE_WITH_UNIT (LENGTH_MEASURE( 1.000000000000000100E-005 ), #400, 'distance_accuracy_value', 'NONE');
#380 = EDGE_CURVE ( 'NONE', #3416, #3961, #2895, .T. ) ;
#381 = VECTOR ( 'NONE', #3497, 1000.000000000000000 ) ;
#382 = CARTESIAN_POINT ( 'NONE',  ( -1.325416032353905900, -0.6999999999999998400, -0.7748502229947242800 ) ) ;
#383 = PLANE ( 'NONE',  #1545 ) ;
#384 = DIRECTION ( 'NONE',  ( -5.434248418450530200E-015, -0.0000000000000000000, 1.000000000000000000 ) ) ;
#385 = FILL_AREA_STYLE_COLOUR ( '', #433 ) ;
#386 = CARTESIAN_POINT ( 'NONE',  ( -1.326936219888397800, -0.8948607348298108800, -0.7106981068321969200 ) ) ;
#387 = ORIENTED_EDGE ( 'NONE', *, *, #1106, .T. ) ;
#388 =( NAMED_UNIT ( * ) SI_UNIT ( $, .STERADIAN. ) SOLID_ANGLE_UNIT ( ) );
#389 = DIRECTION ( 'NONE',  ( 0.0000000000000000000, 0.05233595624294430600, 0.9986295347545738300 ) ) ;
#390 = FILL_AREA_STYLE ('',( #2377 ) ) ;
#391 = ORIENTED_EDGE ( 'NONE', *, *, #1094, .F. ) ;
#392 = ADVANCED_FACE ( 'NONE', ( #1202 ), #3209, .T. ) ;
#393 = EDGE_CURVE ( 'NONE', #2760, #3360, #415, .T. ) ;
#394 = COLOUR_RGB ( '',0.7529411764705882200, 0.7529411764705882200, 0.7529411764705882200 ) ;
#395 = AXIS2_PLACEMENT_3D ( 'NONE', #4117, #4089, #2113 ) ;
#396 = DIRECTION ( 'NONE',  ( 0.0000000000000000000, 0.9975640502598242000, 0.06975647374412531600 ) ) ;
#397 = CARTESIAN_POINT ( 'NONE',  ( 0.4000000000000000800, -0.9497259069509144100, 1.539532808751409300 ) ) ;
#398 = PRESENTATION_LAYER_ASSIGNMENT (  '', '', ( #1081 ) ) ;
#399 = SPHERICAL_SURFACE ( 'NONE', #323, 0.04000000000000000100 ) ;
#400 =( LENGTH_UNIT ( ) NAMED_UNIT ( * ) SI_UNIT ( .MILLI., .METRE. ) );
#401 = EDGE_CURVE ( 'NONE', #1176, #38, #1487, .T. ) ;
#402 = CARTESIAN_POINT ( 'NONE',  ( 1.100000000000000100, -0.7499999999999985600, 1.749999999999999800 ) ) ;
#403 = EDGE_CURVE ( 'NONE', #478, #1798, #4255, .T. ) ;
#404 = VECTOR ( 'NONE', #3562, 1000.000000000000000 ) ;
#405 = DIRECTION ( 'NONE',  ( -0.06916478287887668800, -0.9891024766687781500, 0.1299712408843091700 ) ) ;
#406 = ORIENTED_EDGE ( 'NONE', *, *, #2366, .T. ) ;
#407 = FILL_AREA_STYLE ('',( #3736 ) ) ;
#408 = ORIENTED_EDGE ( 'NONE', *, *, #1082, .F. ) ;
#409 = CLOSED_SHELL ( 'NONE', ( #3269, #2969, #3946, #4364, #962, #2714, #1033, #2398, #3728, #658, #3251, #1254, #4409, #3367, #2018, #2596, #2690, #990, #3388, #2373, #4299, #942, #564, #3014, #1354, #1910, #2306, #2268, #2975, #392, #1724, #2042, #4277, #1329, #1303, #2284, #2247, #3319, #4329, #3344, #897, #1294, #706, #639, #343, #933, #268, #1613, #955, #3928, #1273, #1603, #1323, #369, #591, #1943, #2640, #3580, #3059, #2610, #1746, #2994, #1382, #2333, #4075, #3198, #4338, #684, #4021, #2739, #2110, #3952, #292, #4049, #3973, #1061, #3226, #316, #1656, #2010, #2909, #615, #1989, #4282, #4384, #571, #2562, #3980, #727, #2663, #1582, #867, #3920, #2314, #3559, #1011, #249, #2085, #1675, #3034, #3708, #25, #262, #2413, #611, #3565, #914, #2947, #1961, #4351, #3294, #3605, #2063, #2262, #3680, #2635, #1407, #1967 ) ) ;
#410 = CYLINDRICAL_SURFACE ( 'NONE', #2556, 0.1999999999999998700 ) ;
#411 = EDGE_LOOP ( 'NONE', ( #2192, #3285, #1877, #59 ) ) ;
#412 = DIRECTION ( 'NONE',  ( 0.06958737431666106600, -0.9951458157835089100, -0.06958737431666471600 ) ) ;
#413 = DIRECTION ( 'NONE',  ( -5.421010862427523000E-015, -1.000000000000000000, -5.421010862427523000E-015 ) ) ;
#414 = EDGE_LOOP ( 'NONE', ( #2430, #1637, #612, #1120 ) ) ;
#415 = LINE ( 'NONE', #213, #27 ) ;
#416 = COLOUR_RGB ( '',1.000000000000000000, 1.000000000000000000, 0.7921568627450980000 ) ;
#417 = VERTEX_POINT ( 'NONE', #4268 ) ;
#418 = EDGE_CURVE ( 'NONE', #2023, #1640, #127, .T. ) ;
#419 = CARTESIAN_POINT ( 'NONE',  ( -1.306757946999685100, 0.9499999999999998400, -1.506757946999684800 ) ) ;
#420 = ORIENTED_EDGE ( 'NONE', *, *, #3592, .T. ) ;
#421 = DIRECTION ( 'NONE',  ( -1.000000000000000000, -0.0000000000000000000, -0.0000000000000000000 ) ) ;
#422 = DIRECTION ( 'NONE',  ( 0.0000000000000000000, 0.0000000000000000000, -1.000000000000000000 ) ) ;
#423 = SURFACE_STYLE_FILL_AREA ( #4261 ) ;
#424 = VERTEX_POINT ( 'NONE', #2228 ) ;
#425 = DIRECTION ( 'NONE',  ( 5.054320094942372400E-018, 0.0000000000000000000, 1.000000000000000000 ) ) ;
#426 = CARTESIAN_POINT ( 'NONE',  ( -1.303261606402508900, -0.6599999999999999200, 1.503261606402509700 ) ) ;
#427 = ORIENTED_EDGE ( 'NONE', *, *, #1106, .F. ) ;
#428 = EDGE_CURVE ( 'NONE', #1981, #4163, #2032, .T. ) ;
#429 = CARTESIAN_POINT ( 'NONE',  ( -1.355119164296085400, 0.7495909633180292100, 0.9448808357039150100 ) ) ;
#430 = DIRECTION ( 'NONE',  ( 5.054320094942357000E-018, 0.0000000000000000000, -1.000000000000000000 ) ) ;
#431 = UNCERTAINTY_MEASURE_WITH_UNIT (LENGTH_MEASURE( 1.000000000000000100E-005 ), #1674, 'distance_accuracy_value', 'NONE');
#432 = CARTESIAN_POINT ( 'NONE',  ( -0.4000000000000000800, -2.710505431213759900E-017, -1.600000000000000300 ) ) ;
#433 = COLOUR_RGB ( '',0.7529411764705882200, 0.7529411764705882200, 0.7529411764705882200 ) ;
#434 = PLANE ( 'NONE',  #1457 ) ;
#435 = DIRECTION ( 'NONE',  ( -1.000000000000000000, 0.0000000000000000000, -0.0000000000000000000 ) ) ;
#436 = VERTEX_POINT ( 'NONE', #1315 ) ;
#437 = LINE ( 'NONE', #4165, #1224 ) ;
#438 = DIRECTION ( 'NONE',  ( -5.421010862427523000E-015, 0.0000000000000000000, 1.000000000000000000 ) ) ;
#439 = DIRECTION ( 'NONE',  ( 0.0000000000000000000, 1.000000000000000000, 0.0000000000000000000 ) ) ;
#440 = DIRECTION ( 'NONE',  ( 3.851859888774471700E-034, -3.510884260745492600E-017, 1.000000000000000000 ) ) ;
#441 = EDGE_LOOP ( 'NONE', ( #34, #1505, #457, #48 ) ) ;
#442 = PRESENTATION_LAYER_ASSIGNMENT (  '', '', ( #161 ) ) ;
#443 = DIRECTION ( 'NONE',  ( -1.000000000000000000, 0.0000000000000000000, -5.054320094942377800E-018 ) ) ;
#444 = VECTOR ( 'NONE', #968, 1000.000000000000000 ) ;
#445 = ORIENTED_EDGE ( 'NONE', *, *, #1854, .F. ) ;
#446 = CARTESIAN_POINT ( 'NONE',  ( -1.289276244013807500, -0.9000000000000000200, -0.7149122703230398300 ) ) ;
#447 = AXIS2_PLACEMENT_3D ( 'NONE', #4381, #3981, #2043 ) ;
#448 = AXIS2_PLACEMENT_3D ( 'NONE', #1189, #522, #1229 ) ;
#449 = AXIS2_PLACEMENT_3D ( 'NONE', #1822, #121, #438 ) ;
#450 = PRESENTATION_STYLE_ASSIGNMENT (( #3909 ) ) ;
#451 = CARTESIAN_POINT ( 'NONE',  ( -1.358681398924512600, 0.7408835241747554500, 1.529520240720223300 ) ) ;
#452 = ORIENTED_EDGE ( 'NONE', *, *, #3865, .F. ) ;
#453 = FILL_AREA_STYLE_COLOUR ( '', #1265 ) ;
#454 = AXIS2_PLACEMENT_3D ( 'NONE', #584, #551, #1902 ) ;
#455 = ORIENTED_EDGE ( 'NONE', *, *, #1244, .T. ) ;
#456 = DIRECTION ( 'NONE',  ( -0.06958737431666105200, 0.9951458157835088000, 0.06958737431666473000 ) ) ;
#457 = ORIENTED_EDGE ( 'NONE', *, *, #1868, .T. ) ;
#458 = CARTESIAN_POINT ( 'NONE',  ( -0.4000000000000000800, -0.9152739131862739400, -0.8821496065635586700 ) ) ;
#459 = VERTEX_POINT ( 'NONE', #2968 ) ;
#460 = EDGE_CURVE ( 'NONE', #1399, #1986, #1150, .T. ) ;
#461 = EDGE_CURVE ( 'NONE', #424, #4035, #2783, .T. ) ;
#462 =( LENGTH_UNIT ( ) NAMED_UNIT ( * ) SI_UNIT ( .MILLI., .METRE. ) );
#463 = CARTESIAN_POINT ( 'NONE',  ( 1.289276244013807500, -0.9000000000000000200, 0.7149122703230401700 ) ) ;
#464 = EDGE_LOOP ( 'NONE', ( #1226, #1039, #118, #4167, #672, #2657 ) ) ;
#465 = LINE ( 'NONE', #4062, #1863 ) ;
#466 = ORIENTED_EDGE ( 'NONE', *, *, #2902, .T. ) ;
#467 = VECTOR ( 'NONE', #1683, 1000.000000000000000 ) ;
#468 = CARTESIAN_POINT ( 'NONE',  ( -1.303261606402508900, -0.6599999999999999200, 1.503261606402509700 ) ) ;
#469 = EDGE_LOOP ( 'NONE', ( #699, #518, #1768, #1356 ) ) ;
#470 = FILL_AREA_STYLE_COLOUR ( '', #322 ) ;
#471 = DIRECTION ( 'NONE',  ( 0.0000000000000000000, 0.0000000000000000000, 1.000000000000000000 ) ) ;
#472 = CIRCLE ( 'NONE', #598, 0.01000000000000002600 ) ;
#473 = EDGE_CURVE ( 'NONE', #2978, #2267, #2735, .T. ) ;
#474 = COLOUR_RGB ( '',0.7529411764705882200, 0.7529411764705882200, 0.7529411764705882200 ) ;
#475 = VECTOR ( 'NONE', #1143, 1000.000000000000000 ) ;
#476 = SURFACE_SIDE_STYLE ('',( #3843 ) ) ;
#477 = DIRECTION ( 'NONE',  ( 0.0000000000000000000, -0.06975647374412699600, -0.9975640502598242000 ) ) ;
#478 = VERTEX_POINT ( 'NONE', #915 ) ;
#479 = DIRECTION ( 'NONE',  ( 0.0000000000000000000, 0.0000000000000000000, -1.000000000000000000 ) ) ;
#480 = PRESENTATION_STYLE_ASSIGNMENT (( #3880 ) ) ;
#481 = PRESENTATION_LAYER_ASSIGNMENT (  '', '', ( #2172 ) ) ;
#482 = ORIENTED_EDGE ( 'NONE', *, *, #1245, .T. ) ;
#483 = DIRECTION ( 'NONE',  ( 0.0000000000000000000, 1.000000000000000000, 3.510884260745492000E-017 ) ) ;
#484 = CARTESIAN_POINT ( 'NONE',  ( -1.354575834452567100, 0.7409841140852853100, 1.539422019739827800 ) ) ;
#485 = SURFACE_STYLE_FILL_AREA ( #2594 ) ;
#486 =( NAMED_UNIT ( * ) PLANE_ANGLE_UNIT ( ) SI_UNIT ( $, .RADIAN. ) );
#487 = STYLED_ITEM ( 'NONE', ( #2738 ), #3928 ) ;
#488 =( BOUNDED_CURVE ( )  B_SPLINE_CURVE ( 3, ( #2802, #1830, #55, #2462 ),
 .UNSPECIFIED., .F., .T. ) 
 B_SPLINE_CURVE_WITH_KNOTS ( ( 4, 4 ),
 ( 0.8576443264931689100, 1.570796326794918100 ),
 .UNSPECIFIED. ) 
 CURVE ( )  GEOMETRIC_REPRESENTATION_ITEM ( )  RATIONAL_B_SPLINE_CURVE ( ( 1.000000000000000000, 0.9580650147507734400, 0.9580650147507734400, 1.000000000000000000 ) ) 
 REPRESENTATION_ITEM ( '' )  );
#489 = EDGE_CURVE ( 'NONE', #3882, #964, #1620, .T. ) ;
#490 = CARTESIAN_POINT ( 'NONE',  ( -0.4000000000000000800, -0.7499999999999998900, -1.549999999999999400 ) ) ;
#491 = DIRECTION ( 'NONE',  ( -8.375636483167948800E-018, -1.548860246407863600E-016, 1.000000000000000000 ) ) ;
#492 = ORIENTED_EDGE ( 'NONE', *, *, #3620, .T. ) ;
#493 = CARTESIAN_POINT ( 'NONE',  ( -1.100000000000000100, -1.011922027653141300E-015, 1.750000000000000200 ) ) ;
#494 = VERTEX_POINT ( 'NONE', #2982 ) ;
#495 = CARTESIAN_POINT ( 'NONE',  ( 0.4000000000000000800, -0.9152739131862739400, -0.8821496065635586700 ) ) ;
#496 = CARTESIAN_POINT ( 'NONE',  ( -0.4000000000000000800, -0.01000000000000010300, 1.600000000000000300 ) ) ;
#497 = CARTESIAN_POINT ( 'NONE',  ( -1.467216999815780300E-032, 0.7499999999999997800, 1.548718761972517300 ) ) ;
#498 = LINE ( 'NONE', #386, #662 ) ;
#499 = DIRECTION ( 'NONE',  ( 1.000000000000000000, 0.0000000000000000000, 0.0000000000000000000 ) ) ;
#500 = DIRECTION ( 'NONE',  ( 0.0000000000000000000, 0.0000000000000000000, 1.000000000000000000 ) ) ;
#501 = DIRECTION ( 'NONE',  ( 0.06958737431666478500, -0.9951458157835086900, 0.06958737431666475700 ) ) ;
#502 = CIRCLE ( 'NONE', #4011, 0.04999999999999969700 ) ;
#503 = CIRCLE ( 'NONE', #449, 0.03999999999999999400 ) ;
#504 = VERTEX_POINT ( 'NONE', #250 ) ;
#505 = DIRECTION ( 'NONE',  ( 0.0000000000000000000, 0.9986295347545739400, -0.05233595624294431300 ) ) ;
#506 = DIRECTION ( 'NONE',  ( 1.000000000000000000, -0.0000000000000000000, 0.0000000000000000000 ) ) ;
#507 = PRESENTATION_LAYER_ASSIGNMENT (  '', '', ( #267 ) ) ;
#508 = LINE ( 'NONE', #3911, #117 ) ;
#509 = ORIENTED_EDGE ( 'NONE', *, *, #3049, .F. ) ;
#510 = ORIENTED_EDGE ( 'NONE', *, *, #1444, .F. ) ;
#511 = FACE_OUTER_BOUND ( 'NONE', #4188, .T. ) ;
#512 = AXIS2_PLACEMENT_3D ( 'NONE', #2441, #3770, #3406 ) ;
#513 = ORIENTED_EDGE ( 'NONE', *, *, #1577, .T. ) ;
#514 = DIRECTION ( 'NONE',  ( 0.06958737431666098300, -0.9951458157835090200, -0.06958737431666367500 ) ) ;
#515 = EDGE_CURVE ( 'NONE', #3541, #38, #3919, .T. ) ;
#516 = DIRECTION ( 'NONE',  ( -0.06958737431666127400, -0.9951458157835089100, 0.06958737431666471600 ) ) ;
#517 = COLOUR_RGB ( '',0.7529411764705882200, 0.7529411764705882200, 0.7529411764705882200 ) ;
#518 = ORIENTED_EDGE ( 'NONE', *, *, #4168, .F. ) ;
#519 = FACE_OUTER_BOUND ( 'NONE', #2403, .T. ) ;
#520 =( NAMED_UNIT ( * ) SI_UNIT ( $, .STERADIAN. ) SOLID_ANGLE_UNIT ( ) );
#521 = VECTOR ( 'NONE', #1947, 1000.000000000000000 ) ;
#522 = DIRECTION ( 'NONE',  ( 1.000000000000000000, -0.0000000000000000000, 0.0000000000000000000 ) ) ;
#523 = ORIENTED_EDGE ( 'NONE', *, *, #174, .F. ) ;
#524 = DIRECTION ( 'NONE',  ( -1.000000000000000000, 0.0000000000000000000, 0.0000000000000000000 ) ) ;
#525 = CYLINDRICAL_SURFACE ( 'NONE', #1837, 0.03999999999999998000 ) ;
#526 = VECTOR ( 'NONE', #4143, 1000.000000000000000 ) ;
#527 = CARTESIAN_POINT ( 'NONE',  ( -0.4000000000000000800, -1.219729649861163100E-015, 1.750000000000000200 ) ) ;
#528 = SURFACE_STYLE_USAGE ( .BOTH. , #2518 ) ;
#529 = ORIENTED_EDGE ( 'NONE', *, *, #645, .F. ) ;
#530 = CARTESIAN_POINT ( 'NONE',  ( -1.325416032353905700, -0.6999999999999998400, 0.7748502229947246100 ) ) ;
#531 = CIRCLE ( 'NONE', #1374, 0.04999999999999991300 ) ;
#532 =( NAMED_UNIT ( * ) SI_UNIT ( $, .STERADIAN. ) SOLID_ANGLE_UNIT ( ) );
#533 = AXIS2_PLACEMENT_3D ( 'NONE', #2825, #483, #3785 ) ;
#534 = FACE_OUTER_BOUND ( 'NONE', #469, .T. ) ;
#535 = CARTESIAN_POINT ( 'NONE',  ( -1.100000000000000100, -0.8666620586815844100, 0.04541983388437099300 ) ) ;
#536 = STYLED_ITEM ( 'NONE', ( #480 ), #2640 ) ;
#537 = UNCERTAINTY_MEASURE_WITH_UNIT (LENGTH_MEASURE( 1.000000000000000100E-005 ), #1559, 'distance_accuracy_value', 'NONE');
#538 = DIRECTION ( 'NONE',  ( 5.054320094942357000E-018, -0.0000000000000000000, -1.000000000000000000 ) ) ;
#539 = ORIENTED_EDGE ( 'NONE', *, *, #277, .F. ) ;
#540 = PRESENTATION_STYLE_ASSIGNMENT (( #1373 ) ) ;
#541 = EDGE_CURVE ( 'NONE', #635, #2151, #3539, .T. ) ;
#542 = EDGE_CURVE ( 'NONE', #1477, #2367, #3040, .T. ) ;
#543 = DIRECTION ( 'NONE',  ( 0.0000000000000000000, 1.000000000000000000, 5.860552283705434800E-016 ) ) ;
#544 = ORIENTED_EDGE ( 'NONE', *, *, #2891, .F. ) ;
#545 = DIRECTION ( 'NONE',  ( 0.0000000000000000000, 0.0000000000000000000, 1.000000000000000000 ) ) ;
#546 =( LENGTH_UNIT ( ) NAMED_UNIT ( * ) SI_UNIT ( .MILLI., .METRE. ) );
#547 = LINE ( 'NONE', #1317, #1574 ) ;
#548 = DIRECTION ( 'NONE',  ( 0.0000000000000000000, 0.0000000000000000000, -1.000000000000000000 ) ) ;
#549 = SURFACE_SIDE_STYLE ('',( #3610 ) ) ;
#550 = COLOUR_RGB ( '',0.7529411764705882200, 0.7529411764705882200, 0.7529411764705882200 ) ;
#551 = DIRECTION ( 'NONE',  ( 1.000000000000000000, -0.0000000000000000000, 0.0000000000000000000 ) ) ;
#552 =( NAMED_UNIT ( * ) SI_UNIT ( $, .STERADIAN. ) SOLID_ANGLE_UNIT ( ) );
#553 = EDGE_LOOP ( 'NONE', ( #492, #2128, #877, #1748 ) ) ;
#554 = CARTESIAN_POINT ( 'NONE',  ( -0.4000000000000000800, -0.7168676284683990200, 0.03756944044792886300 ) ) ;
#555 = ORIENTED_EDGE ( 'NONE', *, *, #3527, .T. ) ;
#556 = DIRECTION ( 'NONE',  ( 0.0000000000000000000, 1.000000000000000000, -5.860552283705437800E-016 ) ) ;
#557 = DIRECTION ( 'NONE',  ( -1.000000000000000000, -0.0000000000000000000, -0.0000000000000000000 ) ) ;
#558 = ORIENTED_EDGE ( 'NONE', *, *, #1551, .T. ) ;
#559 =( GEOMETRIC_REPRESENTATION_CONTEXT ( 3 ) GLOBAL_UNCERTAINTY_ASSIGNED_CONTEXT ( ( #3108 ) ) GLOBAL_UNIT_ASSIGNED_CONTEXT ( ( #1992, #2317, #310 ) ) REPRESENTATION_CONTEXT ( 'NONE', 'WORKASPACE' ) );
#560 = AXIS2_PLACEMENT_3D ( 'NONE', #4185, #1199, #868 ) ;
#561 = ORIENTED_EDGE ( 'NONE', *, *, #2801, .F. ) ;
#562 = VECTOR ( 'NONE', #2630, 1000.000000000000000 ) ;
#563 = ORIENTED_EDGE ( 'NONE', *, *, #3245, .F. ) ;
#564 = ADVANCED_FACE ( 'NONE', ( #2275 ), #2617, .T. ) ;
#565 = PRESENTATION_LAYER_ASSIGNMENT (  '', '', ( #4257 ) ) ;
#566 = DIRECTION ( 'NONE',  ( 0.0000000000000000000, 0.0000000000000000000, -1.000000000000000000 ) ) ;
#567 = AXIS2_PLACEMENT_3D ( 'NONE', #608, #4324, #1668 ) ;
#568 = EDGE_CURVE ( 'NONE', #2243, #1196, #3484, .T. ) ;
#569 = VERTEX_POINT ( 'NONE', #276 ) ;
#570 = EDGE_CURVE ( 'NONE', #2753, #1408, #6, .T. ) ;
#571 = ADVANCED_FACE ( 'NONE', ( #1029 ), #1231, .T. ) ;
#572 = VECTOR ( 'NONE', #1968, 1000.000000000000000 ) ;
#573 = AXIS2_PLACEMENT_3D ( 'NONE', #1200, #1876, #3507 ) ;
#574 = PLANE ( 'NONE',  #326 ) ;
#575 = VERTEX_POINT ( 'NONE', #3320 ) ;
#576 = CARTESIAN_POINT ( 'NONE',  ( -1.348718761972516500, 0.7499999999999998900, 1.526847893319300200 ) ) ;
#577 = CARTESIAN_POINT ( 'NONE',  ( -0.4000000000000000800, -0.7499999999999982200, -1.749999999999999800 ) ) ;
#578 = VERTEX_POINT ( 'NONE', #2352 ) ;
#579 = DIRECTION ( 'NONE',  ( 3.851859888774471700E-034, -3.510884260745492600E-017, 1.000000000000000000 ) ) ;
#580 = CARTESIAN_POINT ( 'NONE',  ( -1.345535749789777500, 0.9310180254395458200, 0.9544642502102159700 ) ) ;
#581 = SPHERICAL_SURFACE ( 'NONE', #3116, 0.04000000000000000100 ) ;
#582 = DIRECTION ( 'NONE',  ( 0.0000000000000000000, -0.9975640502598242000, -0.06975647374412530200 ) ) ;
#583 = EDGE_LOOP ( 'NONE', ( #724, #2656, #378 ) ) ;
#584 = CARTESIAN_POINT ( 'NONE',  ( 0.4000000000000000800, -0.7499999999999998900, -1.549999999999999400 ) ) ;
#585 = ORIENTED_EDGE ( 'NONE', *, *, #602, .F. ) ;
#586 = VECTOR ( 'NONE', #538, 1000.000000000000000 ) ;
#587 = CARTESIAN_POINT ( 'NONE',  ( -1.343164168412901900, -0.6627902589497647300, 1.540562209848016100 ) ) ;
#588 = MECHANICAL_DESIGN_GEOMETRIC_PRESENTATION_REPRESENTATION (  '', ( #267 ), #1884 ) ;
#589 =( NAMED_UNIT ( * ) PLANE_ANGLE_UNIT ( ) SI_UNIT ( $, .RADIAN. ) );
#590 = MECHANICAL_DESIGN_GEOMETRIC_PRESENTATION_REPRESENTATION (  '', ( #4054 ), #1126 ) ;
#591 = ADVANCED_FACE ( 'NONE', ( #1895 ), #306, .T. ) ;
#592 = DIRECTION ( 'NONE',  ( 0.0000000000000000000, 0.05233595624294430600, -0.9986295347545738300 ) ) ;
#593 = PRESENTATION_STYLE_ASSIGNMENT (( #3483 ) ) ;
#594 = CARTESIAN_POINT ( 'NONE',  ( -1.100000000000000100, 0.0000000000000000000, 0.0000000000000000000 ) ) ;
#595 = DIRECTION ( 'NONE',  ( 0.06958737431666137100, -0.9951458157835089100, 0.06958737431666478500 ) ) ;
#596 = MECHANICAL_DESIGN_GEOMETRIC_PRESENTATION_REPRESENTATION (  '', ( #2360 ), #2857 ) ;
#597 = ORIENTED_EDGE ( 'NONE', *, *, #3071, .F. ) ;
#598 = AXIS2_PLACEMENT_3D ( 'NONE', #1592, #207, #548 ) ;
#599 = LINE ( 'NONE', #1322, #961 ) ;
#600 = CARTESIAN_POINT ( 'NONE',  ( -0.7861709851884495200, 0.9399999999999998400, 1.513829014811550700 ) ) ;
#601 = CARTESIAN_POINT ( 'NONE',  ( -1.289276244013807700, -0.8599999999999999900, -0.7149122703230398300 ) ) ;
#602 = EDGE_CURVE ( 'NONE', #2705, #3788, #2415, .T. ) ;
#603 = FACE_OUTER_BOUND ( 'NONE', #1080, .T. ) ;
#604 = EDGE_CURVE ( 'NONE', #575, #69, #1423, .T. ) ;
#605 = FILL_AREA_STYLE ('',( #2955 ) ) ;
#606 = ORIENTED_EDGE ( 'NONE', *, *, #1411, .F. ) ;
#607 = CARTESIAN_POINT ( 'NONE',  ( 1.303261606402508700, -0.6599999999999999200, 1.503261606402509700 ) ) ;
#608 = CARTESIAN_POINT ( 'NONE',  ( 1.303261606402508700, -0.6599999999999999200, -1.503261606402509700 ) ) ;
#609 = FACE_OUTER_BOUND ( 'NONE', #1713, .T. ) ;
#610 = CARTESIAN_POINT ( 'NONE',  ( -1.343164168412901900, -0.6627902589497647300, -1.503261606402509700 ) ) ;
#611 = ADVANCED_FACE ( 'NONE', ( #1529 ), #1572, .T. ) ;
#612 = ORIENTED_EDGE ( 'NONE', *, *, #174, .T. ) ;
#613 = COLOUR_RGB ( '',0.7529411764705882200, 0.7529411764705882200, 0.7529411764705882200 ) ;
#614 = VERTEX_POINT ( 'NONE', #853 ) ;
#615 = ADVANCED_FACE ( 'NONE', ( #2165 ), #2880, .T. ) ;
#616 = SURFACE_SIDE_STYLE ('',( #239 ) ) ;
#617 = LINE ( 'NONE', #2024, #3908 ) ;
#618 = EDGE_LOOP ( 'NONE', ( #2044, #544, #1567, #2521, #3153 ) ) ;
#619 = DIRECTION ( 'NONE',  ( 0.0000000000000000000, 0.0000000000000000000, -1.000000000000000000 ) ) ;
#620 = EDGE_CURVE ( 'NONE', #4288, #3697, #3118, .T. ) ;
#621 = VECTOR ( 'NONE', #838, 1000.000000000000100 ) ;
#622 = CARTESIAN_POINT ( 'NONE',  ( -1.348718761972516300, 0.7499999999999997800, 1.518791840464722300 ) ) ;
#623 = ORIENTED_EDGE ( 'NONE', *, *, #2627, .F. ) ;
#624 = UNCERTAINTY_MEASURE_WITH_UNIT (LENGTH_MEASURE( 1.000000000000000100E-005 ), #991, 'distance_accuracy_value', 'NONE');
#625 = ORIENTED_EDGE ( 'NONE', *, *, #2436, .F. ) ;
#626 = CARTESIAN_POINT ( 'NONE',  ( -0.4000000000000000800, -0.7499999999999985600, 1.749999999999999800 ) ) ;
#627 = AXIS2_PLACEMENT_3D ( 'NONE', #2977, #956, #319 ) ;
#628 = CARTESIAN_POINT ( 'NONE',  ( -0.4000000000000000800, -2.710505431213761100E-017, 1.590000000000000300 ) ) ;
#629 = PRESENTATION_STYLE_ASSIGNMENT (( #283 ) ) ;
#630 =( NAMED_UNIT ( * ) PLANE_ANGLE_UNIT ( ) SI_UNIT ( $, .RADIAN. ) );
#631 = AXIS2_PLACEMENT_3D ( 'NONE', #2303, #3292, #2616 ) ;
#632 = EDGE_CURVE ( 'NONE', #3752, #2433, #1954, .T. ) ;
#633 = EDGE_CURVE ( 'NONE', #1196, #1723, #1758, .T. ) ;
#634 = LINE ( 'NONE', #126, #781 ) ;
#635 = VERTEX_POINT ( 'NONE', #1898 ) ;
#636 = ORIENTED_EDGE ( 'NONE', *, *, #1444, .T. ) ;
#637 =( LENGTH_UNIT ( ) NAMED_UNIT ( * ) SI_UNIT ( .MILLI., .METRE. ) );
#638 = PLANE ( 'NONE',  #3468 ) ;
#639 = ADVANCED_FACE ( 'NONE', ( #2980 ), #2896, .T. ) ;
#640 = CARTESIAN_POINT ( 'NONE',  ( -0.7512812380274830300, 0.7499999999999997800, 1.548718761972517300 ) ) ;
#641 = ORIENTED_EDGE ( 'NONE', *, *, #3677, .T. ) ;
#642 = CIRCLE ( 'NONE', #2386, 1.200000000000000000 ) ;
#643 = SURFACE_SIDE_STYLE ('',( #4325 ) ) ;
#644 = DIRECTION ( 'NONE',  ( 0.0000000000000000000, -0.1302832367974144100, -0.9914768167786822700 ) ) ;
#645 = EDGE_CURVE ( 'NONE', #725, #3961, #3574, .T. ) ;
#646 = LINE ( 'NONE', #2070, #1998 ) ;
#647 = SURFACE_STYLE_USAGE ( .BOTH. , #1686 ) ;
#648 = AXIS2_PLACEMENT_3D ( 'NONE', #765, #430, #443 ) ;
#649 = VERTEX_POINT ( 'NONE', #3848 ) ;
#650 = DIRECTION ( 'NONE',  ( 0.06958737431666124600, 0.9951458157835086900, 0.06958737431666470200 ) ) ;
#651 = FACE_OUTER_BOUND ( 'NONE', #2021, .T. ) ;
#652 = AXIS2_PLACEMENT_3D ( 'NONE', #2480, #4205, #2842 ) ;
#653 = CARTESIAN_POINT ( 'NONE',  ( 1.100000000000000100, -0.01000000000000001900, -1.590000000000000300 ) ) ;
#654 = ORIENTED_EDGE ( 'NONE', *, *, #1084, .F. ) ;
#655 = DIRECTION ( 'NONE',  ( 0.0000000000000000000, 0.05233595624294430600, -0.9986295347545738300 ) ) ;
#656 = STYLED_ITEM ( 'NONE', ( #3866 ), #3198 ) ;
#657 = CYLINDRICAL_SURFACE ( 'NONE', #1831, 0.04999999999999969700 ) ;
#658 = ADVANCED_FACE ( 'NONE', ( #1839, #102 ), #1532, .T. ) ;
#659 = CARTESIAN_POINT ( 'NONE',  ( 1.100000000000000100, 0.0000000000000000000, 0.0000000000000000000 ) ) ;
#660 = ORIENTED_EDGE ( 'NONE', *, *, #2593, .T. ) ;
#661 = DIRECTION ( 'NONE',  ( 1.000000000000000000, 0.0000000000000000000, 0.0000000000000000000 ) ) ;
#662 = VECTOR ( 'NONE', #1035, 1000.000000000000200 ) ;
#663 = VECTOR ( 'NONE', #775, 1000.000000000000000 ) ;
#664 =( NAMED_UNIT ( * ) PLANE_ANGLE_UNIT ( ) SI_UNIT ( $, .RADIAN. ) );
#665 =( LENGTH_UNIT ( ) NAMED_UNIT ( * ) SI_UNIT ( .MILLI., .METRE. ) );
#666 = VERTEX_POINT ( 'NONE', #181 ) ;
#667 = SURFACE_SIDE_STYLE ('',( #1072 ) ) ;
#668 = FILL_AREA_STYLE_COLOUR ( '', #3461 ) ;
#669 = ORIENTED_EDGE ( 'NONE', *, *, #4000, .T. ) ;
#670 = ORIENTED_EDGE ( 'NONE', *, *, #3035, .T. ) ;
#671 = DIRECTION ( 'NONE',  ( 0.0000000000000000000, -1.000000000000000000, -7.228014483236695800E-017 ) ) ;
#672 = ORIENTED_EDGE ( 'NONE', *, *, #1951, .T. ) ;
#673 = LINE ( 'NONE', #1994, #2932 ) ;
#674 = DIRECTION ( 'NONE',  ( 0.0000000000000000000, 0.06975647374412430300, 0.9975640502598243100 ) ) ;
#675 = EDGE_LOOP ( 'NONE', ( #391, #2351, #625, #3837 ) ) ;
#676 = STYLED_ITEM ( 'NONE', ( #629 ), #4351 ) ;
#677 = STYLED_ITEM ( 'NONE', ( #540 ), #1746 ) ;
#678 = UNCERTAINTY_MEASURE_WITH_UNIT (LENGTH_MEASURE( 1.000000000000000100E-005 ), #296, 'distance_accuracy_value', 'NONE');
#679 = ORIENTED_EDGE ( 'NONE', *, *, #2035, .F. ) ;
#680 = AXIS2_PLACEMENT_3D ( 'NONE', #2002, #2641, #3603 ) ;
#681 = FILL_AREA_STYLE ('',( #3340 ) ) ;
#682 = FACE_OUTER_BOUND ( 'NONE', #2343, .T. ) ;
#683 = PRESENTATION_LAYER_ASSIGNMENT (  '', '', ( #2360 ) ) ;
#684 = ADVANCED_FACE ( 'NONE', ( #1857 ), #1138, .T. ) ;
#685 = CARTESIAN_POINT ( 'NONE',  ( 0.0000000000000000000, -0.9000000000000000200, -6.505213034913026600E-017 ) ) ;
#686 = PRESENTATION_STYLE_ASSIGNMENT (( #1005 ) ) ;
#687 = ORIENTED_EDGE ( 'NONE', *, *, #3301, .F. ) ;
#688 = MECHANICAL_DESIGN_GEOMETRIC_PRESENTATION_REPRESENTATION (  '', ( #536 ), #902 ) ;
#689 = CARTESIAN_POINT ( 'NONE',  ( -0.4000000000000000800, -0.7499999999999994400, 1.549999999999999800 ) ) ;
#690 = SURFACE_STYLE_FILL_AREA ( #4087 ) ;
#691 = CARTESIAN_POINT ( 'NONE',  ( -1.358681657949502700, 0.7408798199448206600, 1.529306244167012000 ) ) ;
#692 = ORIENTED_EDGE ( 'NONE', *, *, #796, .T. ) ;
#693 = EDGE_CURVE ( 'NONE', #4403, #3749, #3126, .T. ) ;
#694 = EDGE_CURVE ( 'NONE', #166, #4157, #1654, .T. ) ;
#695 = ORIENTED_EDGE ( 'NONE', *, *, #1281, .F. ) ;
#696 = DIRECTION ( 'NONE',  ( 0.0000000000000000000, -1.000000000000000000, -7.228014483236695800E-017 ) ) ;
#697 = VECTOR ( 'NONE', #4313, 1000.000000000000200 ) ;
#698 = PLANE ( 'NONE',  #2304 ) ;
#699 = ORIENTED_EDGE ( 'NONE', *, *, #4028, .F. ) ;
#700 = DIRECTION ( 'NONE',  ( 0.0000000000000000000, 0.05233595624294358500, 0.9986295347545739400 ) ) ;
#701 = CYLINDRICAL_SURFACE ( 'NONE', #2509, 0.03999999999999998000 ) ;
#702 = CARTESIAN_POINT ( 'NONE',  ( 1.289276244013807500, -0.9000000000000000200, 0.7500000000000000000 ) ) ;
#703 = DIRECTION ( 'NONE',  ( 0.0000000000000000000, -0.1302832367974170700, -0.9914768167786819400 ) ) ;
#704 = PLANE ( 'NONE',  #2620 ) ;
#705 = UNCERTAINTY_MEASURE_WITH_UNIT (LENGTH_MEASURE( 1.000000000000000100E-005 ), #1372, 'distance_accuracy_value', 'NONE');
#706 = ADVANCED_FACE ( 'NONE', ( #4317 ), #257, .F. ) ;
#707 = EDGE_CURVE ( 'NONE', #1638, #569, #508, .T. ) ;
#708 = ORIENTED_EDGE ( 'NONE', *, *, #2286, .T. ) ;
#709 = VECTOR ( 'NONE', #1979, 1000.000000000000100 ) ;
#710 = AXIS2_PLACEMENT_3D ( 'NONE', #1689, #2345, #351 ) ;
#711 = DIRECTION ( 'NONE',  ( 0.0000000000000000000, 1.084202172485505200E-015, -1.000000000000000000 ) ) ;
#712 = DIRECTION ( 'NONE',  ( 0.06916478287887466200, 0.9891024766687782600, -0.1299712408843093900 ) ) ;
#713 = AXIS2_PLACEMENT_3D ( 'NONE', #1995, #4377, #2357 ) ;
#714 = CARTESIAN_POINT ( 'NONE',  ( 0.0000000000000000000, -0.9000000000000000200, 0.4207106781186547000 ) ) ;
#715 = VECTOR ( 'NONE', #2346, 1000.000000000000100 ) ;
#716 = SURFACE_SIDE_STYLE ('',( #1183 ) ) ;
#717 = ORIENTED_EDGE ( 'NONE', *, *, #3333, .T. ) ;
#718 = PRESENTATION_LAYER_ASSIGNMENT (  '', '', ( #1243 ) ) ;
#719 = CARTESIAN_POINT ( 'NONE',  ( -1.346640333163002800, 0.9130787870052352600, 0.9491931717158645900 ) ) ;
#720 = EDGE_CURVE ( 'NONE', #2170, #3119, #3971, .T. ) ;
#721 = COLOUR_RGB ( '',0.7529411764705882200, 0.7529411764705882200, 0.7529411764705882200 ) ;
#722 = EDGE_CURVE ( 'NONE', #2760, #2184, #3030, .T. ) ;
#723 = LINE ( 'NONE', #397, #972 ) ;
#724 = ORIENTED_EDGE ( 'NONE', *, *, #1566, .T. ) ;
#725 = VERTEX_POINT ( 'NONE', #2910 ) ;
#726 = ORIENTED_EDGE ( 'NONE', *, *, #4085, .T. ) ;
#727 = ADVANCED_FACE ( 'NONE', ( #3589 ), #1851, .T. ) ;
#728 = SURFACE_STYLE_USAGE ( .BOTH. , #3130 ) ;
#729 = CARTESIAN_POINT ( 'NONE',  ( -1.300852872110213500, -0.6972367641649795900, 1.540755434120607100 ) ) ;
#730 = ORIENTED_EDGE ( 'NONE', *, *, #1629, .F. ) ;
#731 = DIRECTION ( 'NONE',  ( 0.0000000000000000000, -0.0000000000000000000, 1.000000000000000000 ) ) ;
#732 = FACE_OUTER_BOUND ( 'NONE', #2309, .T. ) ;
#733 = SHAPE_DEFINITION_REPRESENTATION ( #260, #2472 ) ;
#734 = AXIS2_PLACEMENT_3D ( 'NONE', #4059, #2731, #2893 ) ;
#735 = CARTESIAN_POINT ( 'NONE',  ( -1.326576847459314300, -0.9000000000000000200, -6.505213034913026600E-017 ) ) ;
#736 = SURFACE_STYLE_FILL_AREA ( #605 ) ;
#737 = DIRECTION ( 'NONE',  ( 0.0000000000000000000, 0.0000000000000000000, -1.000000000000000000 ) ) ;
#738 = ORIENTED_EDGE ( 'NONE', *, *, #2094, .F. ) ;
#739 = STYLED_ITEM ( 'NONE', ( #3796 ), #1273 ) ;
#740 = CIRCLE ( 'NONE', #1024, 0.1499999999999999700 ) ;
#741 = MECHANICAL_DESIGN_GEOMETRIC_PRESENTATION_REPRESENTATION (  '', ( #4206 ), #960 ) ;
#742 = CARTESIAN_POINT ( 'NONE',  ( -0.4000000000000000800, -1.011922027653141700E-015, -1.750000000000000200 ) ) ;
#743 = VECTOR ( 'NONE', #3581, 1000.000000000000000 ) ;
#744 = VECTOR ( 'NONE', #3815, 1000.000000000000000 ) ;
#745 = DIRECTION ( 'NONE',  ( 1.000000000000000000, 0.0000000000000000000, 0.0000000000000000000 ) ) ;
#746 = ORIENTED_EDGE ( 'NONE', *, *, #338, .T. ) ;
#747 = EDGE_CURVE ( 'NONE', #3027, #3752, #3477, .T. ) ;
#748 = VECTOR ( 'NONE', #1511, 1000.000000000000000 ) ;
#749 = DIRECTION ( 'NONE',  ( 0.0000000000000000000, 0.06975647374412564900, -0.9975640502598242000 ) ) ;
#750 = SURFACE_SIDE_STYLE ('',( #1618 ) ) ;
#751 = LINE ( 'NONE', #164, #2394 ) ;
#752 = ORIENTED_EDGE ( 'NONE', *, *, #2833, .F. ) ;
#753 = CARTESIAN_POINT ( 'NONE',  ( 1.340921582277099000, -0.6948607348298107000, -0.7369787489193633200 ) ) ;
#754 = ORIENTED_EDGE ( 'NONE', *, *, #4180, .T. ) ;
#755 = PRESENTATION_LAYER_ASSIGNMENT (  '', '', ( #2551 ) ) ;
#756 = COLOUR_RGB ( '',0.7529411764705882200, 0.7529411764705882200, 0.7529411764705882200 ) ;
#757 = PRESENTATION_LAYER_ASSIGNMENT (  '', '', ( #957 ) ) ;
#758 =( NAMED_UNIT ( * ) PLANE_ANGLE_UNIT ( ) SI_UNIT ( $, .RADIAN. ) );
#759 = VERTEX_POINT ( 'NONE', #1132 ) ;
#760 = DIRECTION ( 'NONE',  ( 1.000000000000000000, 0.0000000000000000000, 0.0000000000000000000 ) ) ;
#761 =( GEOMETRIC_REPRESENTATION_CONTEXT ( 3 ) GLOBAL_UNCERTAINTY_ASSIGNED_CONTEXT ( ( #2392 ) ) GLOBAL_UNIT_ASSIGNED_CONTEXT ( ( #56, #2789, #1096 ) ) REPRESENTATION_CONTEXT ( 'NONE', 'WORKASPACE' ) );
#762 = CYLINDRICAL_SURFACE ( 'NONE', #2474, 0.03999999999999999400 ) ;
#763 = CARTESIAN_POINT ( 'NONE',  ( 0.4000000000000000800, 0.0000000000000000000, 0.0000000000000000000 ) ) ;
#764 = EDGE_CURVE ( 'NONE', #4217, #4029, #2270, .T. ) ;
#765 = CARTESIAN_POINT ( 'NONE',  ( -1.303261606402509100, -0.6599999999999999200, -1.366314945912635900E-017 ) ) ;
#766 = EDGE_CURVE ( 'NONE', #3027, #459, #3856, .T. ) ;
#767 = PRESENTATION_STYLE_ASSIGNMENT (( #2676 ) ) ;
#768 = DIRECTION ( 'NONE',  ( -5.054320094942371600E-018, -1.020039679628380800E-034, -1.000000000000000000 ) ) ;
#769 = ORIENTED_EDGE ( 'NONE', *, *, #2595, .F. ) ;
#770 = CARTESIAN_POINT ( 'NONE',  ( -0.4000000000000000800, -2.710505431213761100E-017, -1.590000000000000300 ) ) ;
#771 = ORIENTED_EDGE ( 'NONE', *, *, #2902, .F. ) ;
#772 = ORIENTED_EDGE ( 'NONE', *, *, #837, .F. ) ;
#773 = CARTESIAN_POINT ( 'NONE',  ( 1.343164168412901600, -0.6627902589497647300, 0.7762806420871662900 ) ) ;
#774 = VERTEX_POINT ( 'NONE', #2006 ) ;
#775 = DIRECTION ( 'NONE',  ( 1.000000000000000000, 0.0000000000000000000, 0.0000000000000000000 ) ) ;
#776 = DIRECTION ( 'NONE',  ( 0.0000000000000000000, -0.9986295347545739400, 0.05233595624294416100 ) ) ;
#777 = DIRECTION ( 'NONE',  ( 0.0000000000000000000, -0.9986295347545739400, -0.05233595624294416100 ) ) ;
#778 = VERTEX_POINT ( 'NONE', #3263 ) ;
#779 =( BOUNDED_SURFACE ( )  B_SPLINE_SURFACE ( 3, 2, ( 
 ( #2310, #1327, #2702 ),
 ( #3031, #3660, #4347 ),
 ( #321, #2686, #3619 ),
 ( #2981, #2338, #340 ) ),
 .UNSPECIFIED., .F., .F., .F. ) 
 B_SPLINE_SURFACE_WITH_KNOTS ( ( 4, 4 ),
 ( 3, 3 ),
 ( 1.570796326794896600, 3.071779483510022900 ),
 ( 0.0000000000000000000, 1.000000000000000000 ),
 .UNSPECIFIED. ) 
 GEOMETRIC_REPRESENTATION_ITEM ( )  RATIONAL_B_SPLINE_SURFACE ( (
 ( 1.000000000000000000, 0.7071067811865448000, 1.000000000000000000),
 ( 1.000000000000000000, 0.8336952465079906500, 1.000000000000000000),
 ( 1.000000000000000000, 0.9180353304244731600, 1.000000000000000000),
 ( 1.000000000000000000, 0.9234133160742918900, 1.000000000000000000) ) ) 
 REPRESENTATION_ITEM ( '' )  SURFACE ( )  );
#780 = AXIS2_PLACEMENT_3D ( 'NONE', #2082, #3421, #737 ) ;
#781 = VECTOR ( 'NONE', #797, 1000.000000000000000 ) ;
#782 = VERTEX_POINT ( 'NONE', #1283 ) ;
#783 = DIRECTION ( 'NONE',  ( 0.0000000000000000000, 0.0000000000000000000, -1.000000000000000000 ) ) ;
#784 = FACE_OUTER_BOUND ( 'NONE', #2323, .T. ) ;
#785 = PRESENTATION_LAYER_ASSIGNMENT (  '', '', ( #2272 ) ) ;
#786 = AXIS2_PLACEMENT_3D ( 'NONE', #1251, #3905, #1665 ) ;
#787 = ORIENTED_EDGE ( 'NONE', *, *, #3301, .T. ) ;
#788 = AXIS2_PLACEMENT_3D ( 'NONE', #3164, #2871, #4161 ) ;
#789 = CYLINDRICAL_SURFACE ( 'NONE', #1297, 0.03999999999999998000 ) ;
#790 = CARTESIAN_POINT ( 'NONE',  ( -1.339962183550097000, 0.7399999999999997700, 1.539962183550099000 ) ) ;
#791 = PRESENTATION_STYLE_ASSIGNMENT (( #1900 ) ) ;
#792 =( LENGTH_UNIT ( ) NAMED_UNIT ( * ) SI_UNIT ( .MILLI., .METRE. ) );
#793 = VERTEX_POINT ( 'NONE', #4306 ) ;
#794 = AXIS2_PLACEMENT_3D ( 'NONE', #3687, #4145, #367 ) ;
#795 = EDGE_CURVE ( 'NONE', #436, #4273, #350, .T. ) ;
#796 = EDGE_CURVE ( 'NONE', #1508, #67, #4247, .T. ) ;
#797 = DIRECTION ( 'NONE',  ( 1.000000000000000000, 0.0000000000000000000, 0.0000000000000000000 ) ) ;
#798 = LINE ( 'NONE', #1606, #1612 ) ;
#799 = AXIS2_PLACEMENT_3D ( 'NONE', #129, #3131, #471 ) ;
#800 = CARTESIAN_POINT ( 'NONE',  ( 1.343164168412901600, -0.6627902589497647300, -0.7411929124102062400 ) ) ;
#801 = CARTESIAN_POINT ( 'NONE',  ( 0.4000000000000000800, -0.7500000000000003300, 1.549999999999999400 ) ) ;
#802 = ORIENTED_EDGE ( 'NONE', *, *, #339, .F. ) ;
#803 = FILL_AREA_STYLE ('',( #1085 ) ) ;
#804 = CARTESIAN_POINT ( 'NONE',  ( -0.4000000000000000800, -0.7654794829730877700, -0.8900000000000002400 ) ) ;
#805 = LINE ( 'NONE', #334, #1017 ) ;
#806 = CARTESIAN_POINT ( 'NONE',  ( 0.4000000000000000800, -0.01000000000000009600, -1.600000000000000300 ) ) ;
#807 = CARTESIAN_POINT ( 'NONE',  ( 1.346660509010078100, 0.9127902589497647300, -1.506757946999685000 ) ) ;
#808 = DIRECTION ( 'NONE',  ( 0.7071067811865475700, -0.0000000000000000000, 0.7071067811865475700 ) ) ;
#809 = EDGE_LOOP ( 'NONE', ( #3156, #3460, #3057, #3375 ) ) ;
#810 = UNCERTAINTY_MEASURE_WITH_UNIT (LENGTH_MEASURE( 1.000000000000000100E-005 ), #2748, 'distance_accuracy_value', 'NONE');
#811 = SURFACE_SIDE_STYLE ('',( #3173 ) ) ;
#812 = CARTESIAN_POINT ( 'NONE',  ( 1.399999999999999900, 0.9499999999999998400, 1.506757946999685200 ) ) ;
#813 =( NAMED_UNIT ( * ) PLANE_ANGLE_UNIT ( ) SI_UNIT ( $, .RADIAN. ) );
#814 = SPHERICAL_SURFACE ( 'NONE', #39, 0.04000000000000000100 ) ;
#815 =( GEOMETRIC_REPRESENTATION_CONTEXT ( 3 ) GLOBAL_UNCERTAINTY_ASSIGNED_CONTEXT ( ( #431 ) ) GLOBAL_UNIT_ASSIGNED_CONTEXT ( ( #1674, #1661, #1293 ) ) REPRESENTATION_CONTEXT ( 'NONE', 'WORKASPACE' ) );
#816 = DIRECTION ( 'NONE',  ( 1.000000000000000000, -0.0000000000000000000, 0.0000000000000000000 ) ) ;
#817 = SURFACE_STYLE_FILL_AREA ( #3467 ) ;
#818 = PRESENTATION_LAYER_ASSIGNMENT (  '', '', ( #4058 ) ) ;
#819 = CARTESIAN_POINT ( 'NONE',  ( 1.399999999999999900, -0.6999999999999998400, 0.0000000000000000000 ) ) ;
#820 = ORIENTED_EDGE ( 'NONE', *, *, #4401, .F. ) ;
#821 =( NAMED_UNIT ( * ) SI_UNIT ( $, .STERADIAN. ) SOLID_ANGLE_UNIT ( ) );
#822 = DIRECTION ( 'NONE',  ( -0.0000000000000000000, -0.0000000000000000000, -1.000000000000000000 ) ) ;
#823 = SURFACE_STYLE_FILL_AREA ( #3306 ) ;
#824 = VERTEX_POINT ( 'NONE', #264 ) ;
#825 = CARTESIAN_POINT ( 'NONE',  ( -1.303261606402508900, -0.6599999999999999200, 1.503261606402509700 ) ) ;
#826 = CARTESIAN_POINT ( 'NONE',  ( -0.7861709851884495200, 0.9499999999999998400, 1.499686879187820000 ) ) ;
#827 = EDGE_CURVE ( 'NONE', #1049, #4007, #2550, .T. ) ;
#828 = EDGE_CURVE ( 'NONE', #185, #4157, #673, .T. ) ;
#829 = CIRCLE ( 'NONE', #3583, 0.03999999999999997300 ) ;
#830 = CARTESIAN_POINT ( 'NONE',  ( -1.100000000000000100, -0.7654794829730877700, -0.8900000000000002400 ) ) ;
#831 = FACE_OUTER_BOUND ( 'NONE', #3910, .T. ) ;
#832 = COLOUR_RGB ( '',0.7529411764705882200, 0.7529411764705882200, 0.7529411764705882200 ) ;
#833 = ORIENTED_EDGE ( 'NONE', *, *, #3620, .F. ) ;
#834 = CARTESIAN_POINT ( 'NONE',  ( -1.346368474937333900, 0.7499999999999996700, 1.546368474937335900 ) ) ;
#835 = CARTESIAN_POINT ( 'NONE',  ( -0.4000000000000000800, -0.01000000000000001900, -1.590000000000000300 ) ) ;
#836 = VECTOR ( 'NONE', #655, 1000.000000000000000 ) ;
#837 = EDGE_CURVE ( 'NONE', #3119, #1408, #231, .T. ) ;
#838 = DIRECTION ( 'NONE',  ( -0.06958737431666134300, 0.9951458157835088000, 0.06958737431666479900 ) ) ;
#839 = ORIENTED_EDGE ( 'NONE', *, *, #2890, .F. ) ;
#840 = AXIS2_PLACEMENT_3D ( 'NONE', #967, #3291, #3650 ) ;
#841 = VECTOR ( 'NONE', #4332, 1000.000000000000000 ) ;
#842 = DIRECTION ( 'NONE',  ( 0.0000000000000000000, 0.05233595624294430600, 0.9986295347545738300 ) ) ;
#843 = PRESENTATION_LAYER_ASSIGNMENT (  '', '', ( #2797 ) ) ;
#844 = VERTEX_POINT ( 'NONE', #1935 ) ;
#845 = FILL_AREA_STYLE_COLOUR ( '', #932 ) ;
#846 = PRESENTATION_LAYER_ASSIGNMENT (  '', '', ( #487 ) ) ;
#847 = EDGE_CURVE ( 'NONE', #1063, #649, #4195, .T. ) ;
#848 = EDGE_CURVE ( 'NONE', #3697, #1913, #2125, .T. ) ;
#849 = DIRECTION ( 'NONE',  ( -0.0000000000000000000, 1.000000000000000000, 3.510884260745492600E-017 ) ) ;
#850 = DIRECTION ( 'NONE',  ( -1.000000000000000000, -0.0000000000000000000, -0.0000000000000000000 ) ) ;
#851 = CARTESIAN_POINT ( 'NONE',  ( 0.4000000000000000800, -0.7654794829730883200, 0.8900000000000003500 ) ) ;
#852 = ORIENTED_EDGE ( 'NONE', *, *, #1221, .F. ) ;
#853 = CARTESIAN_POINT ( 'NONE',  ( 1.100000000000000100, -0.7499999999999982200, -1.749999999999999800 ) ) ;
#854 = ORIENTED_EDGE ( 'NONE', *, *, #568, .F. ) ;
#855 = DIRECTION ( 'NONE',  ( 0.0000000000000000000, 0.0000000000000000000, -1.000000000000000000 ) ) ;
#856 = CIRCLE ( 'NONE', #1573, 0.3853553390593275600 ) ;
#857 = CARTESIAN_POINT ( 'NONE',  ( -1.303261606402509100, -0.6999999999999998400, -1.366314945912635900E-017 ) ) ;
#858 =( NAMED_UNIT ( * ) PLANE_ANGLE_UNIT ( ) SI_UNIT ( $, .RADIAN. ) );
#859 = CYLINDRICAL_SURFACE ( 'NONE', #1432, 0.03999999999999999400 ) ;
#860 = SURFACE_STYLE_USAGE ( .BOTH. , #2892 ) ;
#861 = EDGE_CURVE ( 'NONE', #2772, #38, #4309, .T. ) ;
#862 = ORIENTED_EDGE ( 'NONE', *, *, #4263, .T. ) ;
#863 = CARTESIAN_POINT ( 'NONE',  ( -1.318791840464721400, 0.7499999999999997800, 1.548718761972517300 ) ) ;
#864 = DIRECTION ( 'NONE',  ( -1.000000000000000000, 0.0000000000000000000, -0.0000000000000000000 ) ) ;
#865 = VECTOR ( 'NONE', #2780, 1000.000000000000100 ) ;
#866 = DIRECTION ( 'NONE',  ( 1.224646799147352000E-016, 0.0000000000000000000, -1.000000000000000000 ) ) ;
#867 = ADVANCED_FACE ( 'NONE', ( #3266 ), #3123, .T. ) ;
#868 = DIRECTION ( 'NONE',  ( 0.0000000000000000000, 1.000000000000000000, 5.860552283705434800E-016 ) ) ;
#869 = VERTEX_POINT ( 'NONE', #3624 ) ;
#870 = ORIENTED_EDGE ( 'NONE', *, *, #4300, .T. ) ;
#871 = EDGE_CURVE ( 'NONE', #3570, #3146, #3326, .T. ) ;
#872 = CARTESIAN_POINT ( 'NONE',  ( 0.4000000000000000800, -2.710505431213761100E-017, 1.590000000000000300 ) ) ;
#873 = ORIENTED_EDGE ( 'NONE', *, *, #277, .T. ) ;
#874 = SURFACE_SIDE_STYLE ('',( #1376 ) ) ;
#875 = CIRCLE ( 'NONE', #3138, 0.04000000000000010500 ) ;
#876 = STYLED_ITEM ( 'NONE', ( #791 ), #3344 ) ;
#877 = ORIENTED_EDGE ( 'NONE', *, *, #633, .F. ) ;
#878 = VERTEX_POINT ( 'NONE', #1233 ) ;
#879 = CARTESIAN_POINT ( 'NONE',  ( 1.301640679853291300, -0.6999999999999997300, 0.7762806420871665200 ) ) ;
#880 =( NAMED_UNIT ( * ) SI_UNIT ( $, .STERADIAN. ) SOLID_ANGLE_UNIT ( ) );
#881 = ORIENTED_EDGE ( 'NONE', *, *, #3114, .T. ) ;
#882 = CARTESIAN_POINT ( 'NONE',  ( 1.100000000000000100, -0.1106085859236701400, -1.581776472421251300 ) ) ;
#883 = DIRECTION ( 'NONE',  ( 0.0000000000000000000, 0.1302832367974170700, 0.9914768167786819400 ) ) ;
#884 = UNCERTAINTY_MEASURE_WITH_UNIT (LENGTH_MEASURE( 1.000000000000000100E-005 ), #2510, 'distance_accuracy_value', 'NONE');
#885 = DIRECTION ( 'NONE',  ( 0.0000000000000000000, -2.771354444913079900E-014, -1.000000000000000000 ) ) ;
#886 = VECTOR ( 'NONE', #970, 1000.000000000000100 ) ;
#887 = ORIENTED_EDGE ( 'NONE', *, *, #246, .F. ) ;
#888 = PRESENTATION_STYLE_ASSIGNMENT (( #3762 ) ) ;
#889 = DIRECTION ( 'NONE',  ( 0.0000000000000000000, 1.084202172485505200E-015, -1.000000000000000000 ) ) ;
#890 = EDGE_LOOP ( 'NONE', ( #717, #4191, #2580 ) ) ;
#891 = MECHANICAL_DESIGN_GEOMETRIC_PRESENTATION_REPRESENTATION (  '', ( #2675 ), #90 ) ;
#892 = FACE_OUTER_BOUND ( 'NONE', #3200, .T. ) ;
#893 = PLANE ( 'NONE',  #1860 ) ;
#894 = DIRECTION ( 'NONE',  ( 0.0000000000000000000, 0.0000000000000000000, 1.000000000000000000 ) ) ;
#895 = ORIENTED_EDGE ( 'NONE', *, *, #4404, .F. ) ;
#896 = LINE ( 'NONE', #804, #2245 ) ;
#897 = ADVANCED_FACE ( 'NONE', ( #2213 ), #893, .T. ) ;
#898 = CARTESIAN_POINT ( 'NONE',  ( -0.7447390291647194600, 0.7475630353279857400, 1.555260970835280700 ) ) ;
#899 = DIRECTION ( 'NONE',  ( 0.0000000000000000000, -1.000000000000000000, -3.510884260745495100E-017 ) ) ;
#900 = AXIS2_PLACEMENT_3D ( 'NONE', #2061, #4082, #36 ) ;
#901 = CARTESIAN_POINT ( 'NONE',  ( -0.4000000000000000800, -0.7499999999999998900, -1.549999999999999400 ) ) ;
#902 =( GEOMETRIC_REPRESENTATION_CONTEXT ( 3 ) GLOBAL_UNCERTAINTY_ASSIGNED_CONTEXT ( ( #3915 ) ) GLOBAL_UNIT_ASSIGNED_CONTEXT ( ( #2255, #3897, #2560 ) ) REPRESENTATION_CONTEXT ( 'NONE', 'WORKASPACE' ) );
#903 = DIRECTION ( 'NONE',  ( 0.0000000000000000000, 0.0000000000000000000, -1.000000000000000000 ) ) ;
#904 = EDGE_CURVE ( 'NONE', #417, #2433, #1141, .T. ) ;
#905 = EDGE_CURVE ( 'NONE', #2539, #3027, #3170, .T. ) ;
#906 = ORIENTED_EDGE ( 'NONE', *, *, #3714, .T. ) ;
#907 = CIRCLE ( 'NONE', #204, 0.4207106781186547600 ) ;
#908 = CARTESIAN_POINT ( 'NONE',  ( -1.289276244013807700, -0.8599999999999999900, 0.7149122703230401700 ) ) ;
#909 = CARTESIAN_POINT ( 'NONE',  ( 1.399999999999999900, 0.9499999999999998400, 3.335340047708217100E-017 ) ) ;
#910 = CARTESIAN_POINT ( 'NONE',  ( -1.327489764423355900, 0.9499999999999998400, 0.9635510543088305900 ) ) ;
#911 = ORIENTED_EDGE ( 'NONE', *, *, #70, .F. ) ;
#912 = SURFACE_STYLE_USAGE ( .BOTH. , #1576 ) ;
#913 = DIRECTION ( 'NONE',  ( 1.000000000000000000, 0.0000000000000000000, 0.0000000000000000000 ) ) ;
#914 = ADVANCED_FACE ( 'NONE', ( #1751 ), #3210, .T. ) ;
#915 = CARTESIAN_POINT ( 'NONE',  ( 1.360097437989603400, 0.1499999999999998600, -1.599999999999999900 ) ) ;
#916 = ORIENTED_EDGE ( 'NONE', *, *, #620, .T. ) ;
#917 = EDGE_CURVE ( 'NONE', #3188, #4041, #2726, .T. ) ;
#918 = ORIENTED_EDGE ( 'NONE', *, *, #3147, .F. ) ;
#919 = DIRECTION ( 'NONE',  ( 0.9975640502598239800, 0.06975647374412932700, 0.0000000000000000000 ) ) ;
#920 = CARTESIAN_POINT ( 'NONE',  ( 1.392445380009731200, 0.04196390082292908400, -1.552542817999341500 ) ) ;
#921 = FILL_AREA_STYLE_COLOUR ( '', #3043 ) ;
#922 = AXIS2_PLACEMENT_3D ( 'NONE', #909, #925, #3568 ) ;
#923 = LINE ( 'NONE', #2400, #21 ) ;
#924 = FILL_AREA_STYLE_COLOUR ( '', #1679 ) ;
#925 = DIRECTION ( 'NONE',  ( -0.0000000000000000000, 1.000000000000000000, 3.510884260745492000E-017 ) ) ;
#926 = PRESENTATION_LAYER_ASSIGNMENT (  '', '', ( #2962 ) ) ;
#927 = LINE ( 'NONE', #3174, #3533 ) ;
#928 =( LENGTH_UNIT ( ) NAMED_UNIT ( * ) SI_UNIT ( .MILLI., .METRE. ) );
#929 = PRESENTATION_STYLE_ASSIGNMENT (( #1605 ) ) ;
#930 = EDGE_CURVE ( 'NONE', #4252, #778, #617, .T. ) ;
#931 = EDGE_CURVE ( 'NONE', #941, #1176, #923, .T. ) ;
#932 = COLOUR_RGB ( '',0.7529411764705882200, 0.7529411764705882200, 0.7529411764705882200 ) ;
#933 = ADVANCED_FACE ( 'NONE', ( #2321 ), #4405, .F. ) ;
#934 =( LENGTH_UNIT ( ) NAMED_UNIT ( * ) SI_UNIT ( .MILLI., .METRE. ) );
#935 = EDGE_LOOP ( 'NONE', ( #229, #2749, #2055, #3986, #2327 ) ) ;
#936 = CARTESIAN_POINT ( 'NONE',  ( -0.4000000000000000800, -9.376883653928702400E-016, -1.600000000000000300 ) ) ;
#937 = LINE ( 'NONE', #1788, #475 ) ;
#938 = UNCERTAINTY_MEASURE_WITH_UNIT (LENGTH_MEASURE( 1.000000000000000100E-005 ), #1563, 'distance_accuracy_value', 'NONE');
#939 = FILL_AREA_STYLE ('',( #921 ) ) ;
#940 = CIRCLE ( 'NONE', #3070, 0.04000000000000010500 ) ;
#941 = VERTEX_POINT ( 'NONE', #2709 ) ;
#942 = ADVANCED_FACE ( 'NONE', ( #1583 ), #698, .F. ) ;
#943 = CARTESIAN_POINT ( 'NONE',  ( -1.346660509010078300, 0.9127902589497648400, -1.506757946999684800 ) ) ;
#944 = VECTOR ( 'NONE', #3169, 1000.000000000000000 ) ;
#945 = ORIENTED_EDGE ( 'NONE', *, *, #1244, .F. ) ;
#946 = VECTOR ( 'NONE', #85, 1000.000000000000100 ) ;
#947 = FACE_OUTER_BOUND ( 'NONE', #1160, .T. ) ;
#948 = VERTEX_POINT ( 'NONE', #3669 ) ;
#949 = ORIENTED_EDGE ( 'NONE', *, *, #3937, .T. ) ;
#950 = CARTESIAN_POINT ( 'NONE',  ( 0.4000000000000000800, -4.743384504624390000E-017, 1.589510978208473300 ) ) ;
#951 = DIRECTION ( 'NONE',  ( -5.054320094942356200E-018, 1.020039679628379300E-034, 1.000000000000000000 ) ) ;
#952 = AXIS2_PLACEMENT_3D ( 'NONE', #1555, #501, #4236 ) ;
#953 = SURFACE_STYLE_USAGE ( .BOTH. , #2054 ) ;
#954 = COLOUR_RGB ( '',0.08235294117647058700, 0.08235294117647058700, 0.08235294117647058700 ) ;
#955 = ADVANCED_FACE ( 'NONE', ( #2453 ), #1747, .T. ) ;
#956 = DIRECTION ( 'NONE',  ( 0.0000000000000000000, 5.782411586589377400E-016, -1.000000000000000000 ) ) ;
#957 = STYLED_ITEM ( 'NONE', ( #3261 ), #1303 ) ;
#958 = ORIENTED_EDGE ( 'NONE', *, *, #2288, .F. ) ;
#959 = CARTESIAN_POINT ( 'NONE',  ( -1.318791840464721400, 0.7499999999999997800, 1.548718761972517300 ) ) ;
#960 =( GEOMETRIC_REPRESENTATION_CONTEXT ( 3 ) GLOBAL_UNCERTAINTY_ASSIGNED_CONTEXT ( ( #1970 ) ) GLOBAL_UNIT_ASSIGNED_CONTEXT ( ( #2638, #630, #4030 ) ) REPRESENTATION_CONTEXT ( 'NONE', 'WORKASPACE' ) );
#961 = VECTOR ( 'NONE', #2361, 1000.000000000000000 ) ;
#962 = ADVANCED_FACE ( 'NONE', ( #284 ), #2771, .T. ) ;
#963 = CARTESIAN_POINT ( 'NONE',  ( 1.399999999999999900, 0.1499999999999604700, 5.266326391116850700E-018 ) ) ;
#964 = VERTEX_POINT ( 'NONE', #2727 ) ;
#965 = UNCERTAINTY_MEASURE_WITH_UNIT (LENGTH_MEASURE( 1.000000000000000100E-005 ), #1774, 'distance_accuracy_value', 'NONE');
#966 = EDGE_CURVE ( 'NONE', #1097, #67, #3417, .T. ) ;
#967 = CARTESIAN_POINT ( 'NONE',  ( -1.349371528196719600, 0.3005973972978855400, 1.549371528196722000 ) ) ;
#968 = DIRECTION ( 'NONE',  ( 1.000000000000000000, 0.0000000000000000000, 0.0000000000000000000 ) ) ;
#969 =( NAMED_UNIT ( * ) SI_UNIT ( $, .STERADIAN. ) SOLID_ANGLE_UNIT ( ) );
#970 = DIRECTION ( 'NONE',  ( -0.06958737431666108000, -0.9951458157835086900, 0.06958737431666475700 ) ) ;
#971 = FILL_AREA_STYLE_COLOUR ( '', #2041 ) ;
#972 = VECTOR ( 'NONE', #760, 1000.000000000000000 ) ;
#973 = CYLINDRICAL_SURFACE ( 'NONE', #4295, 0.1499999999999999700 ) ;
#974 = ORIENTED_EDGE ( 'NONE', *, *, #94, .F. ) ;
#975 = CARTESIAN_POINT ( 'NONE',  ( 1.342212774893347200, -0.1081836685754351000, 0.8540472080247102400 ) ) ;
#976 = LINE ( 'NONE', #1089, #2664 ) ;
#977 = ORIENTED_EDGE ( 'NONE', *, *, #905, .T. ) ;
#978 = ORIENTED_EDGE ( 'NONE', *, *, #4148, .F. ) ;
#979 = CARTESIAN_POINT ( 'NONE',  ( 1.306757946999685100, 0.9127902589497647300, 1.546660509010078200 ) ) ;
#980 = MECHANICAL_DESIGN_GEOMETRIC_PRESENTATION_REPRESENTATION (  '', ( #58 ), #2432 ) ;
#981 = VERTEX_POINT ( 'NONE', #1078 ) ;
#982 = VECTOR ( 'NONE', #3192, 1000.000000000000000 ) ;
#983 = FILL_AREA_STYLE ('',( #3353 ) ) ;
#984 = FILL_AREA_STYLE ('',( #2958 ) ) ;
#985 = ORIENTED_EDGE ( 'NONE', *, *, #3445, .F. ) ;
#986 = DIRECTION ( 'NONE',  ( 0.0000000000000000000, -1.000000000000000000, -5.782411586589377400E-016 ) ) ;
#987 = ORIENTED_EDGE ( 'NONE', *, *, #2248, .T. ) ;
#988 =( LENGTH_UNIT ( ) NAMED_UNIT ( * ) SI_UNIT ( .MILLI., .METRE. ) );
#989 = AXIS2_PLACEMENT_3D ( 'NONE', #4160, #1144, #2795 ) ;
#990 = ADVANCED_FACE ( 'NONE', ( #2545 ), #1065, .F. ) ;
#991 =( LENGTH_UNIT ( ) NAMED_UNIT ( * ) SI_UNIT ( .MILLI., .METRE. ) );
#992 = MECHANICAL_DESIGN_GEOMETRIC_PRESENTATION_REPRESENTATION (  '', ( #1609 ), #3585 ) ;
#993 = ORIENTED_EDGE ( 'NONE', *, *, #1763, .F. ) ;
#994 = CARTESIAN_POINT ( 'NONE',  ( -0.4000000000000000800, -0.7168676284683994600, -0.03756944044792888400 ) ) ;
#995 = EDGE_CURVE ( 'NONE', #782, #1480, #3747, .T. ) ;
#996 = SURFACE_STYLE_FILL_AREA ( #2348 ) ;
#997 = EDGE_CURVE ( 'NONE', #3234, #3788, #2019, .T. ) ;
#998 = DIRECTION ( 'NONE',  ( 0.0000000000000000000, 0.0000000000000000000, 1.000000000000000000 ) ) ;
#999 = FACE_OUTER_BOUND ( 'NONE', #1324, .T. ) ;
#1000 = EDGE_LOOP ( 'NONE', ( #1275, #232, #2636, #366, #4017 ) ) ;
#1001 = SURFACE_STYLE_USAGE ( .BOTH. , #293 ) ;
#1002 =( BOUNDED_CURVE ( )  B_SPLINE_CURVE ( 3, ( #3191, #879, #2568, #146 ),
 .UNSPECIFIED., .F., .T. ) 
 B_SPLINE_CURVE_WITH_KNOTS ( ( 4, 4 ),
 ( 5.798676399230033400, 5.859401345015141900 ),
 .UNSPECIFIED. ) 
 CURVE ( )  GEOMETRIC_REPRESENTATION_ITEM ( )  RATIONAL_B_SPLINE_CURVE ( ( 1.000000000000000000, 0.9996927303531767400, 0.9996927303531767400, 1.000000000000000000 ) ) 
 REPRESENTATION_ITEM ( '' )  );
#1003 = DIRECTION ( 'NONE',  ( -0.06916478287887464800, -0.9891024766687781500, 0.1299712408843093600 ) ) ;
#1004 = DIRECTION ( 'NONE',  ( 0.0000000000000000000, -0.05233595624294358500, 0.9986295347545739400 ) ) ;
#1005 = SURFACE_STYLE_USAGE ( .BOTH. , #266 ) ;
#1006 = DIRECTION ( 'NONE',  ( 8.659560562354948900E-017, -0.7071067811865463500, 0.7071067811865487900 ) ) ;
#1007 = VERTEX_POINT ( 'NONE', #62 ) ;
#1008 = SURFACE_SIDE_STYLE ('',( #2298 ) ) ;
#1009 = DIRECTION ( 'NONE',  ( 0.0000000000000000000, 0.0000000000000000000, -1.000000000000000000 ) ) ;
#1010 = ORIENTED_EDGE ( 'NONE', *, *, #3820, .F. ) ;
#1011 = ADVANCED_FACE ( 'NONE', ( #2824 ), #2265, .T. ) ;
#1012 = VECTOR ( 'NONE', #4128, 999.9999999999998900 ) ;
#1013 = AXIS2_PLACEMENT_3D ( 'NONE', #3665, #3023, #19 ) ;
#1014 = MECHANICAL_DESIGN_GEOMETRIC_PRESENTATION_REPRESENTATION (  '', ( #2820 ), #3927 ) ;
#1015 = DIRECTION ( 'NONE',  ( 0.0000000000000000000, 0.0000000000000000000, 1.000000000000000000 ) ) ;
#1016 =( NAMED_UNIT ( * ) PLANE_ANGLE_UNIT ( ) SI_UNIT ( $, .RADIAN. ) );
#1017 = VECTOR ( 'NONE', #2993, 1000.000000000000000 ) ;
#1018 = DIRECTION ( 'NONE',  ( 0.0000000000000000000, 0.0000000000000000000, -1.000000000000000000 ) ) ;
#1019 = ORIENTED_EDGE ( 'NONE', *, *, #1643, .F. ) ;
#1020 = CIRCLE ( 'NONE', #3491, 0.01000000000000002600 ) ;
#1021 = MECHANICAL_DESIGN_GEOMETRIC_PRESENTATION_REPRESENTATION (  '', ( #487 ), #3113 ) ;
#1022 = CARTESIAN_POINT ( 'NONE',  ( 0.4000000000000000800, -0.7499999999999998900, -1.549999999999999400 ) ) ;
#1023 = EDGE_CURVE ( 'NONE', #778, #2444, #3373, .T. ) ;
#1024 = AXIS2_PLACEMENT_3D ( 'NONE', #3838, #4202, #155 ) ;
#1025 = UNCERTAINTY_MEASURE_WITH_UNIT (LENGTH_MEASURE( 1.000000000000000100E-005 ), #3028, 'distance_accuracy_value', 'NONE');
#1026 = VECTOR ( 'NONE', #1267, 1000.000000000000100 ) ;
#1027 = ORIENTED_EDGE ( 'NONE', *, *, #163, .F. ) ;
#1028 = PRESENTATION_STYLE_ASSIGNMENT (( #3808 ) ) ;
#1029 = FACE_OUTER_BOUND ( 'NONE', #3799, .T. ) ;
#1030 = DIRECTION ( 'NONE',  ( 0.0000000000000000000, 2.771354444913080200E-014, 1.000000000000000000 ) ) ;
#1031 = CARTESIAN_POINT ( 'NONE',  ( 0.4000000000000000800, -1.011922027653141300E-015, 1.750000000000000200 ) ) ;
#1032 = LINE ( 'NONE', #65, #1792 ) ;
#1033 = ADVANCED_FACE ( 'NONE', ( #1088 ), #383, .F. ) ;
#1034 = SURFACE_STYLE_FILL_AREA ( #983 ) ;
#1035 = DIRECTION ( 'NONE',  ( 0.06916478287887444000, -0.9891024766687781500, 0.1299712408843093600 ) ) ;
#1036 = EDGE_LOOP ( 'NONE', ( #993, #1925, #4248, #133, #738, #3642, #529, #695, #455, #31, #2546 ) ) ;
#1037 = VECTOR ( 'NONE', #1736, 1000.000000000000000 ) ;
#1038 = DIRECTION ( 'NONE',  ( 0.0000000000000000000, 1.000000000000000000, 3.510884260745492000E-017 ) ) ;
#1039 = ORIENTED_EDGE ( 'NONE', *, *, #4065, .T. ) ;
#1040 =( LENGTH_UNIT ( ) NAMED_UNIT ( * ) SI_UNIT ( .MILLI., .METRE. ) );
#1041 = VECTOR ( 'NONE', #4290, 1000.000000000000100 ) ;
#1042 = SURFACE_STYLE_FILL_AREA ( #2587 ) ;
#1043 = VERTEX_POINT ( 'NONE', #3055 ) ;
#1044 = AXIS2_PLACEMENT_3D ( 'NONE', #1151, #3724, #1853 ) ;
#1045 = AXIS2_PLACEMENT_3D ( 'NONE', #2457, #440, #4177 ) ;
#1046 = DIRECTION ( 'NONE',  ( -0.06958737431666108000, -0.9951458157835088000, -0.06958737431666479900 ) ) ;
#1047 = CARTESIAN_POINT ( 'NONE',  ( -1.329178806024200700, -0.8627902589497649100, 0.7500000000000000000 ) ) ;
#1048 = AXIS2_PLACEMENT_3D ( 'NONE', #3267, #3889, #4256 ) ;
#1049 = VERTEX_POINT ( 'NONE', #1458 ) ;
#1050 = AXIS2_PLACEMENT_3D ( 'NONE', #1468, #3476, #3106 ) ;
#1051 = DIRECTION ( 'NONE',  ( 0.06958737431666109400, 0.9951458157835090200, 0.06958737431666113500 ) ) ;
#1052 = CARTESIAN_POINT ( 'NONE',  ( -1.346998927096196400, 0.7409841140852853100, 1.546998927096198400 ) ) ;
#1053 = VECTOR ( 'NONE', #1743, 1000.000000000000000 ) ;
#1054 = CARTESIAN_POINT ( 'NONE',  ( 0.4000000000000000800, -0.8666620586815844100, 0.04541983388437099300 ) ) ;
#1055 = LINE ( 'NONE', #1891, #3765 ) ;
#1056 = ORIENTED_EDGE ( 'NONE', *, *, #2230, .T. ) ;
#1057 = EDGE_CURVE ( 'NONE', #222, #2023, #1795, .T. ) ;
#1058 = CARTESIAN_POINT ( 'NONE',  ( -0.7447390291647194600, 0.7475630353279857400, 1.555260970835280700 ) ) ;
#1059 = EDGE_CURVE ( 'NONE', #1623, #4138, #1694, .T. ) ;
#1060 = VECTOR ( 'NONE', #1501, 1000.000000000000100 ) ;
#1061 = ADVANCED_FACE ( 'NONE', ( #344 ), #3903, .T. ) ;
#1062 = VECTOR ( 'NONE', #842, 1000.000000000000000 ) ;
#1063 = VERTEX_POINT ( 'NONE', #40 ) ;
#1064 = CARTESIAN_POINT ( 'NONE',  ( -1.343164168412901900, -0.6627902589497647300, 1.503261606402509700 ) ) ;
#1065 = PLANE ( 'NONE',  #3757 ) ;
#1066 =( NAMED_UNIT ( * ) SI_UNIT ( $, .STERADIAN. ) SOLID_ANGLE_UNIT ( ) );
#1067 = CARTESIAN_POINT ( 'NONE',  ( -1.399999999999999900, 0.1499999999999604400, 1.560097437989604000 ) ) ;
#1068 = ORIENTED_EDGE ( 'NONE', *, *, #930, .F. ) ;
#1069 = CARTESIAN_POINT ( 'NONE',  ( -0.4000000000000000800, -0.7654794829730877700, -0.8900000000000002400 ) ) ;
#1070 = FACE_OUTER_BOUND ( 'NONE', #2810, .T. ) ;
#1071 = DIRECTION ( 'NONE',  ( 0.0000000000000000000, 2.706578643357732800E-014, 1.000000000000000000 ) ) ;
#1072 = SURFACE_STYLE_FILL_AREA ( #2410 ) ;
#1073 = SURFACE_STYLE_USAGE ( .BOTH. , #1379 ) ;
#1074 = AXIS2_PLACEMENT_3D ( 'NONE', #1155, #3877, #2222 ) ;
#1075 = EDGE_LOOP ( 'NONE', ( #862, #3447, #1787, #1249, #1305, #2729, #2609, #2418, #2221, #2770, #687, #2768 ) ) ;
#1076 = CARTESIAN_POINT ( 'NONE',  ( 1.306757946999685100, 0.9099999999999999200, 1.506757946999685200 ) ) ;
#1077 = AXIS2_PLACEMENT_3D ( 'NONE', #3384, #2099, #4069 ) ;
#1078 = CARTESIAN_POINT ( 'NONE',  ( -1.303261606402508700, -0.6627902589497649500, -1.543164168412902700 ) ) ;
#1079 = FILL_AREA_STYLE_COLOUR ( '', #3410 ) ;
#1080 = EDGE_LOOP ( 'NONE', ( #3886, #2214, #4005, #2828 ) ) ;
#1081 = STYLED_ITEM ( 'NONE', ( #2142 ), #2975 ) ;
#1082 = EDGE_CURVE ( 'NONE', #1415, #1640, #3117, .T. ) ;
#1083 = UNCERTAINTY_MEASURE_WITH_UNIT (LENGTH_MEASURE( 1.000000000000000100E-005 ), #2092, 'distance_accuracy_value', 'NONE');
#1084 = EDGE_CURVE ( 'NONE', #3288, #2371, #976, .T. ) ;
#1085 = FILL_AREA_STYLE_COLOUR ( '', #1846 ) ;
#1086 = LINE ( 'NONE', #1754, #865 ) ;
#1087 = VECTOR ( 'NONE', #1732, 1000.000000000000100 ) ;
#1088 = FACE_OUTER_BOUND ( 'NONE', #3141, .T. ) ;
#1089 = CARTESIAN_POINT ( 'NONE',  ( -1.100000000000000100, -0.7168676284683994600, -0.03756944044792888400 ) ) ;
#1090 =( LENGTH_UNIT ( ) NAMED_UNIT ( * ) SI_UNIT ( .MILLI., .METRE. ) );
#1091 = ORIENTED_EDGE ( 'NONE', *, *, #3231, .F. ) ;
#1092 = ORIENTED_EDGE ( 'NONE', *, *, #2965, .F. ) ;
#1093 = ORIENTED_EDGE ( 'NONE', *, *, #4300, .F. ) ;
#1094 = EDGE_CURVE ( 'NONE', #3829, #3851, #1296, .T. ) ;
#1095 = DIRECTION ( 'NONE',  ( 1.000000000000000000, 0.0000000000000000000, 0.0000000000000000000 ) ) ;
#1096 =( NAMED_UNIT ( * ) SI_UNIT ( $, .STERADIAN. ) SOLID_ANGLE_UNIT ( ) );
#1097 = VERTEX_POINT ( 'NONE', #4102 ) ;
#1098 = COLOUR_RGB ( '',0.08235294117647058700, 0.08235294117647058700, 0.08235294117647058700 ) ;
#1099 = VECTOR ( 'NONE', #2246, 1000.000000000000000 ) ;
#1100 = VECTOR ( 'NONE', #1760, 1000.000000000000000 ) ;
#1101 = DIRECTION ( 'NONE',  ( -0.0000000000000000000, 0.05233595624294416100, 0.9986295347545739400 ) ) ;
#1102 = VECTOR ( 'NONE', #456, 1000.000000000000100 ) ;
#1103 = CARTESIAN_POINT ( 'NONE',  ( -0.3999999999999999700, 0.1499999999999998600, 1.600000000000000300 ) ) ;
#1104 = ORIENTED_EDGE ( 'NONE', *, *, #1949, .F. ) ;
#1105 = UNCERTAINTY_MEASURE_WITH_UNIT (LENGTH_MEASURE( 1.000000000000000100E-005 ), #3343, 'distance_accuracy_value', 'NONE');
#1106 = EDGE_CURVE ( 'NONE', #3788, #2772, #2211, .T. ) ;
#1107 = VECTOR ( 'NONE', #1051, 1000.000000000000000 ) ;
#1108 = LINE ( 'NONE', #2492, #1818 ) ;
#1109 = MECHANICAL_DESIGN_GEOMETRIC_PRESENTATION_REPRESENTATION (  '', ( #1248 ), #1438 ) ;
#1110 = ORIENTED_EDGE ( 'NONE', *, *, #2313, .T. ) ;
#1111 = CARTESIAN_POINT ( 'NONE',  ( -1.358694402475114600, 0.7406975647374410800, 1.518791840464722300 ) ) ;
#1112 = FACE_OUTER_BOUND ( 'NONE', #2416, .T. ) ;
#1113 = FACE_OUTER_BOUND ( 'NONE', #4226, .T. ) ;
#1114 = DIRECTION ( 'NONE',  ( -1.000000000000000000, 0.0000000000000000000, -0.0000000000000000000 ) ) ;
#1115 = FILL_AREA_STYLE_COLOUR ( '', #721 ) ;
#1116 = ORIENTED_EDGE ( 'NONE', *, *, #4235, .F. ) ;
#1117 = CARTESIAN_POINT ( 'NONE',  ( -1.100000000000000100, -0.01000000000000001900, -1.590000000000000300 ) ) ;
#1118 = DIRECTION ( 'NONE',  ( 0.0000000000000000000, -1.000000000000000000, -5.860552283705434800E-016 ) ) ;
#1119 = CARTESIAN_POINT ( 'NONE',  ( -1.328818226759438600, -0.2997346310979436800, 0.8288767965871790500 ) ) ;
#1120 = ORIENTED_EDGE ( 'NONE', *, *, #764, .T. ) ;
#1121 = CARTESIAN_POINT ( 'NONE',  ( 1.303261606402508700, -0.6627902589497649500, -1.543164168412902700 ) ) ;
#1122 = CARTESIAN_POINT ( 'NONE',  ( 1.301640679853291300, -0.6999999999999997300, -0.7762806420871662900 ) ) ;
#1123 = MECHANICAL_DESIGN_GEOMETRIC_PRESENTATION_REPRESENTATION (  '', ( #3109 ), #559 ) ;
#1124 = CARTESIAN_POINT ( 'NONE',  ( -1.346660509010078300, 0.9127902589497648400, 0.9491729958687893400 ) ) ;
#1125 = VERTEX_POINT ( 'NONE', #806 ) ;
#1126 =( GEOMETRIC_REPRESENTATION_CONTEXT ( 3 ) GLOBAL_UNCERTAINTY_ASSIGNED_CONTEXT ( ( #2840 ) ) GLOBAL_UNIT_ASSIGNED_CONTEXT ( ( #1864, #80, #821 ) ) REPRESENTATION_CONTEXT ( 'NONE', 'WORKASPACE' ) );
#1127 = PRESENTATION_STYLE_ASSIGNMENT (( #2206 ) ) ;
#1128 = CARTESIAN_POINT ( 'NONE',  ( -0.6999999999999999600, 0.7499999999999997800, 1.600000000000000300 ) ) ;
#1129 = MECHANICAL_DESIGN_GEOMETRIC_PRESENTATION_REPRESENTATION (  '', ( #156 ), #3673 ) ;
#1130 =( BOUNDED_CURVE ( )  B_SPLINE_CURVE ( 3, ( #2196, #2858, #1145, #1473 ),
 .UNSPECIFIED., .F., .F. ) 
 B_SPLINE_CURVE_WITH_KNOTS ( ( 4, 4 ),
 ( 3.211405823669565100, 4.712388980384689700 ),
 .UNSPECIFIED. ) 
 CURVE ( )  GEOMETRIC_REPRESENTATION_ITEM ( )  RATIONAL_B_SPLINE_CURVE ( ( 1.000000000000000000, 0.8209024677461134200, 0.8209024677461134200, 1.000000000000000000 ) ) 
 REPRESENTATION_ITEM ( '' )  );
#1131 = DIRECTION ( 'NONE',  ( 1.000000000000000000, -0.0000000000000000000, -0.0000000000000000000 ) ) ;
#1132 = CARTESIAN_POINT ( 'NONE',  ( -1.100000000000000100, -0.9497259069509139700, -1.539532808751409300 ) ) ;
#1133 = ORIENTED_EDGE ( 'NONE', *, *, #4401, .T. ) ;
#1134 = EDGE_CURVE ( 'NONE', #286, #3788, #503, .T. ) ;
#1135 = EDGE_CURVE ( 'NONE', #3537, #4139, #1422, .T. ) ;
#1136 = EDGE_LOOP ( 'NONE', ( #2461, #772, #1192, #177, #3941 ) ) ;
#1137 = CYLINDRICAL_SURFACE ( 'NONE', #1048, 0.03999999999999997300 ) ;
#1138 = CYLINDRICAL_SURFACE ( 'NONE', #1403, 0.03999999999999999400 ) ;
#1139 = DIRECTION ( 'NONE',  ( -1.000000000000000000, -0.0000000000000000000, -0.0000000000000000000 ) ) ;
#1140 = ORIENTED_EDGE ( 'NONE', *, *, #20, .F. ) ;
#1141 = LINE ( 'NONE', #3001, #2983 ) ;
#1142 = VERTEX_POINT ( 'NONE', #1510 ) ;
#1143 = DIRECTION ( 'NONE',  ( -1.000000000000000000, -0.0000000000000000000, -0.0000000000000000000 ) ) ;
#1144 = DIRECTION ( 'NONE',  ( 1.000000000000000000, -0.0000000000000000000, 0.0000000000000000000 ) ) ;
#1145 = CARTESIAN_POINT ( 'NONE',  ( -1.328912372951081700, 0.9499999999999998400, 0.9624840979130366800 ) ) ;
#1146 = CARTESIAN_POINT ( 'NONE',  ( 0.4000000000000000800, -0.04861185450468942500, 0.9275694404479295500 ) ) ;
#1147 = VECTOR ( 'NONE', #3876, 1000.000000000000000 ) ;
#1148 = ORIENTED_EDGE ( 'NONE', *, *, #489, .T. ) ;
#1149 = DIRECTION ( 'NONE',  ( 3.851859888774471700E-034, -3.510884260745492000E-017, 1.000000000000000000 ) ) ;
#1150 = CIRCLE ( 'NONE', #680, 0.03999999999999997300 ) ;
#1151 = CARTESIAN_POINT ( 'NONE',  ( -0.4000000000000000800, -0.8666620586815847500, -0.04541983388437101400 ) ) ;
#1152 = VECTOR ( 'NONE', #4362, 1000.000000000000000 ) ;
#1153 = EDGE_CURVE ( 'NONE', #759, #3749, #2450, .T. ) ;
#1154 = VERTEX_POINT ( 'NONE', #1450 ) ;
#1155 = CARTESIAN_POINT ( 'NONE',  ( -1.303261606402509100, -0.6599999999999999200, 1.503261606402509500 ) ) ;
#1156 = COLOUR_RGB ( '',0.7529411764705882200, 0.7529411764705882200, 0.7529411764705882200 ) ;
#1157 = CIRCLE ( 'NONE', #1756, 0.03999999999999995900 ) ;
#1158 =( GEOMETRIC_REPRESENTATION_CONTEXT ( 3 ) GLOBAL_UNCERTAINTY_ASSIGNED_CONTEXT ( ( #3730 ) ) GLOBAL_UNIT_ASSIGNED_CONTEXT ( ( #3703, #2695, #3636 ) ) REPRESENTATION_CONTEXT ( 'NONE', 'WORKASPACE' ) );
#1159 = VECTOR ( 'NONE', #524, 1000.000000000000000 ) ;
#1160 = EDGE_LOOP ( 'NONE', ( #4315, #3689, #1484, #754 ) ) ;
#1161 =( GEOMETRIC_REPRESENTATION_CONTEXT ( 3 ) GLOBAL_UNCERTAINTY_ASSIGNED_CONTEXT ( ( #1560 ) ) GLOBAL_UNIT_ASSIGNED_CONTEXT ( ( #1419, #1404, #2100 ) ) REPRESENTATION_CONTEXT ( 'NONE', 'WORKASPACE' ) );
#1162 = LINE ( 'NONE', #826, #1060 ) ;
#1163 = FACE_BOUND ( 'NONE', #3159, .T. ) ;
#1164 = ORIENTED_EDGE ( 'NONE', *, *, #2078, .T. ) ;
#1165 = PRESENTATION_LAYER_ASSIGNMENT (  '', '', ( #4179 ) ) ;
#1166 = EDGE_CURVE ( 'NONE', #3346, #4273, #1579, .T. ) ;
#1167 = EDGE_CURVE ( 'NONE', #4178, #1007, #1793, .T. ) ;
#1168 =( NAMED_UNIT ( * ) SI_UNIT ( $, .STERADIAN. ) SOLID_ANGLE_UNIT ( ) );
#1169 = FACE_OUTER_BOUND ( 'NONE', #3916, .T. ) ;
#1170 = DIRECTION ( 'NONE',  ( 0.0000000000000000000, 1.000000000000000000, 0.0000000000000000000 ) ) ;
#1171 = DIRECTION ( 'NONE',  ( -0.06958737431666110800, -0.9951458157835090200, -0.06958737431666113500 ) ) ;
#1172 = VERTEX_POINT ( 'NONE', #2454 ) ;
#1173 = FILL_AREA_STYLE_COLOUR ( '', #1964 ) ;
#1174 = CARTESIAN_POINT ( 'NONE',  ( -0.4000000000000000800, -0.7654794829730883200, 0.8900000000000003500 ) ) ;
#1175 = FILL_AREA_STYLE_COLOUR ( '', #2576 ) ;
#1176 = VERTEX_POINT ( 'NONE', #4176 ) ;
#1177 = DIRECTION ( 'NONE',  ( -0.06958737431666105200, 0.9951458157835086900, -0.06958737431666470200 ) ) ;
#1178 = DIRECTION ( 'NONE',  ( 0.0000000000000000000, 0.0000000000000000000, -1.000000000000000000 ) ) ;
#1179 = ORIENTED_EDGE ( 'NONE', *, *, #2077, .T. ) ;
#1180 =( NAMED_UNIT ( * ) PLANE_ANGLE_UNIT ( ) SI_UNIT ( $, .RADIAN. ) );
#1181 = FILL_AREA_STYLE_COLOUR ( '', #3745 ) ;
#1182 = AXIS2_PLACEMENT_3D ( 'NONE', #2715, #3015, #1018 ) ;
#1183 = SURFACE_STYLE_FILL_AREA ( #4076 ) ;
#1184 = EDGE_LOOP ( 'NONE', ( #4151, #227, #2471, #3641, #1918, #3509 ) ) ;
#1185 = VECTOR ( 'NONE', #315, 1000.000000000000000 ) ;
#1186 = AXIS2_PLACEMENT_3D ( 'NONE', #4170, #1786, #2185 ) ;
#1187 = DIRECTION ( 'NONE',  ( 1.000000000000000000, 0.0000000000000000000, 0.0000000000000000000 ) ) ;
#1188 = SURFACE_STYLE_FILL_AREA ( #3827 ) ;
#1189 = CARTESIAN_POINT ( 'NONE',  ( -0.4000000000000000800, 0.0000000000000000000, 0.0000000000000000000 ) ) ;
#1190 = PRESENTATION_LAYER_ASSIGNMENT (  '', '', ( #876 ) ) ;
#1191 = DIRECTION ( 'NONE',  ( 1.000000000000000000, -0.0000000000000000000, 0.0000000000000000000 ) ) ;
#1192 = ORIENTED_EDGE ( 'NONE', *, *, #720, .F. ) ;
#1193 = CARTESIAN_POINT ( 'NONE',  ( -1.346998927096196400, 0.7409841140852853100, 1.546998927096198400 ) ) ;
#1194 = ORIENTED_EDGE ( 'NONE', *, *, #1841, .T. ) ;
#1195 = EDGE_CURVE ( 'NONE', #666, #1043, #4189, .T. ) ;
#1196 = VERTEX_POINT ( 'NONE', #4141 ) ;
#1197 = VECTOR ( 'NONE', #2447, 1000.000000000000000 ) ;
#1198 =( LENGTH_UNIT ( ) NAMED_UNIT ( * ) SI_UNIT ( .MILLI., .METRE. ) );
#1199 = DIRECTION ( 'NONE',  ( 0.0000000000000000000, 5.860552283705434800E-016, -1.000000000000000000 ) ) ;
#1200 = CARTESIAN_POINT ( 'NONE',  ( 1.100000000000000100, -0.7499999999999994400, 1.549999999999999800 ) ) ;
#1201 = SURFACE_STYLE_USAGE ( .BOTH. , #874 ) ;
#1202 = FACE_OUTER_BOUND ( 'NONE', #2798, .T. ) ;
#1203 = LINE ( 'NONE', #3309, #4383 ) ;
#1204 = DIRECTION ( 'NONE',  ( 0.0000000000000000000, -0.05233595624294358500, -0.9986295347545739400 ) ) ;
#1205 = FACE_OUTER_BOUND ( 'NONE', #3874, .T. ) ;
#1206 = VERTEX_POINT ( 'NONE', #3452 ) ;
#1207 = CARTESIAN_POINT ( 'NONE',  ( 1.383495311715526900, 0.1500000000000044400, -1.600000000000000100 ) ) ;
#1208 = CARTESIAN_POINT ( 'NONE',  ( -0.4000000000000000800, -0.7499999999999998900, -1.549999999999999400 ) ) ;
#1209 = MECHANICAL_DESIGN_GEOMETRIC_PRESENTATION_REPRESENTATION (  '', ( #364 ), #4388 ) ;
#1210 = FACE_OUTER_BOUND ( 'NONE', #3032, .T. ) ;
#1211 = DIRECTION ( 'NONE',  ( 0.0000000000000000000, 7.228014483236695800E-017, -1.000000000000000000 ) ) ;
#1212 = ORIENTED_EDGE ( 'NONE', *, *, #515, .T. ) ;
#1213 = CARTESIAN_POINT ( 'NONE',  ( 1.399999999999999900, 0.9127902589497646200, 1.546660509010078200 ) ) ;
#1214 = UNCERTAINTY_MEASURE_WITH_UNIT (LENGTH_MEASURE( 1.000000000000000100E-005 ), #1234, 'distance_accuracy_value', 'NONE');
#1215 = PRESENTATION_LAYER_ASSIGNMENT (  '', '', ( #3495 ) ) ;
#1216 = AXIS2_PLACEMENT_3D ( 'NONE', #1261, #3258, #1626 ) ;
#1217 = ORIENTED_EDGE ( 'NONE', *, *, #3391, .T. ) ;
#1218 = FILL_AREA_STYLE ('',( #3197 ) ) ;
#1219 = CARTESIAN_POINT ( 'NONE',  ( 1.342155380341946600, -0.1065833783778369100, -1.582057942352342200 ) ) ;
#1220 = EDGE_CURVE ( 'NONE', #1616, #4392, #1359, .T. ) ;
#1221 = EDGE_CURVE ( 'NONE', #1759, #1587, #144, .T. ) ;
#1222 = CARTESIAN_POINT ( 'NONE',  ( -1.339573203285130600, 0.7409841212581974600, 1.554424649904106100 ) ) ;
#1223 = ORIENTED_EDGE ( 'NONE', *, *, #233, .T. ) ;
#1224 = VECTOR ( 'NONE', #2468, 1000.000000000000100 ) ;
#1225 = FILL_AREA_STYLE_COLOUR ( '', #3385 ) ;
#1226 = ORIENTED_EDGE ( 'NONE', *, *, #904, .T. ) ;
#1227 = FILL_AREA_STYLE_COLOUR ( '', #1767 ) ;
#1228 = CARTESIAN_POINT ( 'NONE',  ( 1.303261606402508900, -0.6599999999999999200, 1.503261606402509700 ) ) ;
#1229 = DIRECTION ( 'NONE',  ( 0.0000000000000000000, 0.0000000000000000000, -1.000000000000000000 ) ) ;
#1230 = FACE_OUTER_BOUND ( 'NONE', #183, .T. ) ;
#1231 = CYLINDRICAL_SURFACE ( 'NONE', #2005, 0.04000000000000010500 ) ;
#1232 = AXIS2_PLACEMENT_3D ( 'NONE', #2129, #2730, #4091 ) ;
#1233 = CARTESIAN_POINT ( 'NONE',  ( -1.303261606402509100, -0.6999999999999998400, -1.503261606402509500 ) ) ;
#1234 =( LENGTH_UNIT ( ) NAMED_UNIT ( * ) SI_UNIT ( .MILLI., .METRE. ) );
#1235 = FACE_OUTER_BOUND ( 'NONE', #675, .T. ) ;
#1236 = AXIS2_PLACEMENT_3D ( 'NONE', #2927, #2319, #919 ) ;
#1237 = ORIENTED_EDGE ( 'NONE', *, *, #1412, .T. ) ;
#1238 = CARTESIAN_POINT ( 'NONE',  ( 0.4000000000000000800, -2.710505431213761100E-017, -1.590000000000000300 ) ) ;
#1239 = AXIS2_PLACEMENT_3D ( 'NONE', #3684, #3327, #4004 ) ;
#1240 =( NAMED_UNIT ( * ) PLANE_ANGLE_UNIT ( ) SI_UNIT ( $, .RADIAN. ) );
#1241 = ORIENTED_EDGE ( 'NONE', *, *, #4350, .F. ) ;
#1242 = ORIENTED_EDGE ( 'NONE', *, *, #339, .T. ) ;
#1243 = STYLED_ITEM ( 'NONE', ( #202 ), #4021 ) ;
#1244 = EDGE_CURVE ( 'NONE', #2539, #2898, #3847, .T. ) ;
#1245 = EDGE_CURVE ( 'NONE', #3234, #3132, #2659, .T. ) ;
#1246 = ORIENTED_EDGE ( 'NONE', *, *, #2672, .T. ) ;
#1247 = CARTESIAN_POINT ( 'NONE',  ( -0.4000000000000000800, -1.011922027653141300E-015, 1.750000000000000200 ) ) ;
#1248 = STYLED_ITEM ( 'NONE', ( #3183 ), #3526 ) ;
#1249 = ORIENTED_EDGE ( 'NONE', *, *, #461, .T. ) ;
#1250 = VECTOR ( 'NONE', #3505, 999.9999999999998900 ) ;
#1251 = CARTESIAN_POINT ( 'NONE',  ( 0.0000000000000000000, 0.9499999999999998400, 3.335340047708217100E-017 ) ) ;
#1252 = DIRECTION ( 'NONE',  ( 1.000000000000000000, 0.0000000000000000000, 0.0000000000000000000 ) ) ;
#1253 = ORIENTED_EDGE ( 'NONE', *, *, #418, .T. ) ;
#1254 = ADVANCED_FACE ( 'NONE', ( #2979 ), #2808, .F. ) ;
#1255 = PLANE ( 'NONE',  #4201 ) ;
#1256 =( NAMED_UNIT ( * ) SI_UNIT ( $, .STERADIAN. ) SOLID_ANGLE_UNIT ( ) );
#1257 = SURFACE_STYLE_FILL_AREA ( #939 ) ;
#1258 = CIRCLE ( 'NONE', #2250, 0.1499999999999999700 ) ;
#1259 = ORIENTED_EDGE ( 'NONE', *, *, #620, .F. ) ;
#1260 = CARTESIAN_POINT ( 'NONE',  ( 0.4000000000000000800, -0.01000000000000010300, 1.600000000000000300 ) ) ;
#1261 = CARTESIAN_POINT ( 'NONE',  ( -1.289276244013807500, -0.8599999999999999900, -6.216092455583559200E-017 ) ) ;
#1262 = LINE ( 'NONE', #45, #3083 ) ;
#1263 = ORIENTED_EDGE ( 'NONE', *, *, #1809, .F. ) ;
#1264 = CARTESIAN_POINT ( 'NONE',  ( 1.100000000000000100, -0.9152739131862739400, -0.8821496065635586700 ) ) ;
#1265 = COLOUR_RGB ( '',0.7529411764705882200, 0.7529411764705882200, 0.7529411764705882200 ) ;
#1266 = PRESENTATION_STYLE_ASSIGNMENT (( #912 ) ) ;
#1267 = DIRECTION ( 'NONE',  ( 0.06958737431666124600, 0.9951458157835088000, -0.06958737431666473000 ) ) ;
#1268 = ORIENTED_EDGE ( 'NONE', *, *, #214, .F. ) ;
#1269 = PRESENTATION_LAYER_ASSIGNMENT (  '', '', ( #677 ) ) ;
#1270 = UNCERTAINTY_MEASURE_WITH_UNIT (LENGTH_MEASURE( 1.000000000000000100E-005 ), #2295, 'distance_accuracy_value', 'NONE');
#1271 = CARTESIAN_POINT ( 'NONE',  ( -1.100000000000000100, -0.7499999999999985600, 1.749999999999999800 ) ) ;
#1272 = STYLED_ITEM ( 'NONE', ( #358 ), #392 ) ;
#1273 = ADVANCED_FACE ( 'NONE', ( #4131 ), #973, .T. ) ;
#1274 = DIRECTION ( 'NONE',  ( 1.000000000000000000, -0.0000000000000000000, 0.0000000000000000000 ) ) ;
#1275 = ORIENTED_EDGE ( 'NONE', *, *, #4098, .T. ) ;
#1276 = CARTESIAN_POINT ( 'NONE',  ( -1.326847893319298200, 0.7499999999999997800, 1.548718761972517300 ) ) ;
#1277 =( GEOMETRIC_REPRESENTATION_CONTEXT ( 3 ) GLOBAL_UNCERTAINTY_ASSIGNED_CONTEXT ( ( #3315 ) ) GLOBAL_UNIT_ASSIGNED_CONTEXT ( ( #462, #2438, #3750 ) ) REPRESENTATION_CONTEXT ( 'NONE', 'WORKASPACE' ) );
#1278 = STYLED_ITEM ( 'NONE', ( #3614 ), #2739 ) ;
#1279 = PLANE ( 'NONE',  #2226 ) ;
#1280 = CARTESIAN_POINT ( 'NONE',  ( -1.343755936319345600, 0.9120926942123235300, 0.9562440636806547300 ) ) ;
#1281 = EDGE_CURVE ( 'NONE', #2539, #725, #280, .T. ) ;
#1282 = FILL_AREA_STYLE ('',( #2658 ) ) ;
#1283 = CARTESIAN_POINT ( 'NONE',  ( 0.4000000000000000800, -0.7999314767377279100, 1.547383202187851700 ) ) ;
#1284 = CARTESIAN_POINT ( 'NONE',  ( 1.100000000000000100, -2.710505431213761100E-017, -1.590000000000000300 ) ) ;
#1285 = VERTEX_POINT ( 'NONE', #4064 ) ;
#1286 = CARTESIAN_POINT ( 'NONE',  ( 0.0000000000000000000, 0.9299999999999998300, 3.265122362493307300E-017 ) ) ;
#1287 = DIRECTION ( 'NONE',  ( 0.0000000000000000000, -0.9986295347545739400, 0.05233595624294415400 ) ) ;
#1288 =( NAMED_UNIT ( * ) SI_UNIT ( $, .STERADIAN. ) SOLID_ANGLE_UNIT ( ) );
#1289 = ORIENTED_EDGE ( 'NONE', *, *, #3047, .T. ) ;
#1290 = CARTESIAN_POINT ( 'NONE',  ( -1.342671928039258300, 0.9275926884924485800, 0.9573280719607419900 ) ) ;
#1291 = FACE_OUTER_BOUND ( 'NONE', #3923, .T. ) ;
#1292 = PRESENTATION_STYLE_ASSIGNMENT (( #4371 ) ) ;
#1293 =( NAMED_UNIT ( * ) SI_UNIT ( $, .STERADIAN. ) SOLID_ANGLE_UNIT ( ) );
#1294 = ADVANCED_FACE ( 'NONE', ( #3965 ), #704, .T. ) ;
#1295 = CARTESIAN_POINT ( 'NONE',  ( -1.399999999999994800, 0.1499999999999967700, -1.583495311715529900 ) ) ;
#1296 = CIRCLE ( 'NONE', #4254, 0.01000000000000001200 ) ;
#1297 = AXIS2_PLACEMENT_3D ( 'NONE', #2197, #142, #4130 ) ;
#1298 = DIRECTION ( 'NONE',  ( 1.000000000000000000, 0.0000000000000000000, -0.0000000000000000000 ) ) ;
#1299 = CARTESIAN_POINT ( 'NONE',  ( 1.340755434120606300, -0.6972367641649795900, 1.500852872110213900 ) ) ;
#1300 =( NAMED_UNIT ( * ) PLANE_ANGLE_UNIT ( ) SI_UNIT ( $, .RADIAN. ) );
#1301 = DIRECTION ( 'NONE',  ( 1.000000000000000000, -1.084202172485507000E-014, 7.581480142413838900E-016 ) ) ;
#1302 = AXIS2_PLACEMENT_3D ( 'NONE', #3947, #2555, #883 ) ;
#1303 = ADVANCED_FACE ( 'NONE', ( #2879 ), #3397, .T. ) ;
#1304 = PLANE ( 'NONE',  #1182 ) ;
#1305 = ORIENTED_EDGE ( 'NONE', *, *, #376, .F. ) ;
#1306 = MECHANICAL_DESIGN_GEOMETRIC_PRESENTATION_REPRESENTATION (  '', ( #2797 ), #1779 ) ;
#1307 = VERTEX_POINT ( 'NONE', #342 ) ;
#1308 = SURFACE_STYLE_USAGE ( .BOTH. , #3347 ) ;
#1309 = ORIENTED_EDGE ( 'NONE', *, *, #3393, .F. ) ;
#1310 = ORIENTED_EDGE ( 'NONE', *, *, #1527, .T. ) ;
#1311 = MECHANICAL_DESIGN_GEOMETRIC_PRESENTATION_REPRESENTATION (  '', ( #2176 ), #2889 ) ;
#1312 = EDGE_CURVE ( 'NONE', #185, #1043, #3470, .T. ) ;
#1313 = EDGE_LOOP ( 'NONE', ( #985, #3769, #143, #4033 ) ) ;
#1314 = EDGE_CURVE ( 'NONE', #2753, #3930, #488, .T. ) ;
#1315 = CARTESIAN_POINT ( 'NONE',  ( 1.100000000000000100, -0.7654794829730877700, -0.8900000000000002400 ) ) ;
#1316 = CARTESIAN_POINT ( 'NONE',  ( 0.0000000000000000000, -0.8499999999999999800, 0.4207106781186547000 ) ) ;
#1317 = CARTESIAN_POINT ( 'NONE',  ( 0.4000000000000000800, -0.7499999999999990000, -1.599999999999999900 ) ) ;
#1318 = CARTESIAN_POINT ( 'NONE',  ( 1.325416032353905500, -0.6999999999999998400, -0.7748502229947242800 ) ) ;
#1319 = CARTESIAN_POINT ( 'NONE',  ( 0.4000000000000000800, -1.011922027653141300E-015, 1.750000000000000200 ) ) ;
#1320 = CIRCLE ( 'NONE', #4095, 0.1999999999999998700 ) ;
#1321 = ORIENTED_EDGE ( 'NONE', *, *, #3621, .F. ) ;
#1322 = CARTESIAN_POINT ( 'NONE',  ( 0.4000000000000000800, -0.9497259069509139700, -1.539532808751409300 ) ) ;
#1323 = ADVANCED_FACE ( 'NONE', ( #108 ), #1524, .F. ) ;
#1324 = EDGE_LOOP ( 'NONE', ( #4214, #1899, #4312, #1819 ) ) ;
#1325 = FILL_AREA_STYLE_COLOUR ( '', #2341 ) ;
#1326 = VECTOR ( 'NONE', #582, 1000.000000000000100 ) ;
#1327 = CARTESIAN_POINT ( 'NONE',  ( -0.7861709851884493000, 0.9499999999999999600, 1.513829014811551000 ) ) ;
#1328 = EDGE_LOOP ( 'NONE', ( #175, #1965, #726, #1246, #3793, #1148, #2626, #3584 ) ) ;
#1329 = ADVANCED_FACE ( 'NONE', ( #2819 ), #434, .F. ) ;
#1330 = EDGE_CURVE ( 'NONE', #2495, #2978, #3975, .T. ) ;
#1331 = ORIENTED_EDGE ( 'NONE', *, *, #3095, .F. ) ;
#1332 =( NAMED_UNIT ( * ) SI_UNIT ( $, .STERADIAN. ) SOLID_ANGLE_UNIT ( ) );
#1333 = UNCERTAINTY_MEASURE_WITH_UNIT (LENGTH_MEASURE( 1.000000000000000100E-005 ), #4291, 'distance_accuracy_value', 'NONE');
#1334 = AXIS2_PLACEMENT_3D ( 'NONE', #263, #2628, #619 ) ;
#1335 = VECTOR ( 'NONE', #3244, 1000.000000000000000 ) ;
#1336 = SURFACE_SIDE_STYLE ('',( #823 ) ) ;
#1337 = CARTESIAN_POINT ( 'NONE',  ( -1.100000000000000100, -2.710505431213761100E-017, 1.590000000000000300 ) ) ;
#1338 = DIRECTION ( 'NONE',  ( 1.895370035603381800E-016, 2.710505431213761500E-015, 1.000000000000000000 ) ) ;
#1339 = MECHANICAL_DESIGN_GEOMETRIC_PRESENTATION_REPRESENTATION (  '', ( #3161 ), #3861 ) ;
#1340 = CARTESIAN_POINT ( 'NONE',  ( 1.399999999999999900, -0.8599999999999999900, 0.7149122703230401700 ) ) ;
#1341 = CARTESIAN_POINT ( 'NONE',  ( 1.342212774893347200, -0.1029723391035384200, 0.8143881353535630300 ) ) ;
#1342 = EDGE_CURVE ( 'NONE', #222, #2539, #4376, .T. ) ;
#1343 = ORIENTED_EDGE ( 'NONE', *, *, #2800, .T. ) ;
#1344 = FILL_AREA_STYLE ('',( #3334 ) ) ;
#1345 = AXIS2_PLACEMENT_3D ( 'NONE', #1639, #3893, #2279 ) ;
#1346 = FILL_AREA_STYLE_COLOUR ( '', #4080 ) ;
#1347 = VERTEX_POINT ( 'NONE', #3403 ) ;
#1348 = FACE_OUTER_BOUND ( 'NONE', #2253, .T. ) ;
#1349 =( NAMED_UNIT ( * ) PLANE_ANGLE_UNIT ( ) SI_UNIT ( $, .RADIAN. ) );
#1350 = FILL_AREA_STYLE_COLOUR ( '', #1958 ) ;
#1351 = CARTESIAN_POINT ( 'NONE',  ( 1.289276244013807500, -0.8599999999999999900, -0.7149122703230399400 ) ) ;
#1352 = DIRECTION ( 'NONE',  ( 0.0000000000000000000, 1.000000000000000000, 0.0000000000000000000 ) ) ;
#1353 = SURFACE_STYLE_FILL_AREA ( #2988 ) ;
#1354 = ADVANCED_FACE ( 'NONE', ( #3076 ), #410, .T. ) ;
#1355 = DIRECTION ( 'NONE',  ( 0.0000000000000000000, 0.0000000000000000000, -1.000000000000000000 ) ) ;
#1356 = ORIENTED_EDGE ( 'NONE', *, *, #3999, .T. ) ;
#1357 =( NAMED_UNIT ( * ) SI_UNIT ( $, .STERADIAN. ) SOLID_ANGLE_UNIT ( ) );
#1358 = LINE ( 'NONE', #2276, #4186 ) ;
#1359 = CIRCLE ( 'NONE', #900, 0.1999999999999998700 ) ;
#1360 = SURFACE_STYLE_USAGE ( .BOTH. , #643 ) ;
#1361 = MECHANICAL_DESIGN_GEOMETRIC_PRESENTATION_REPRESENTATION (  '', ( #2272 ), #3404 ) ;
#1362 = VECTOR ( 'NONE', #1046, 1000.000000000000100 ) ;
#1363 = VERTEX_POINT ( 'NONE', #3767 ) ;
#1364 = ORIENTED_EDGE ( 'NONE', *, *, #70, .T. ) ;
#1365 = AXIS2_PLACEMENT_3D ( 'NONE', #2235, #4211, #500 ) ;
#1366 = STYLED_ITEM ( 'NONE', ( #3823 ), #369 ) ;
#1367 = ORIENTED_EDGE ( 'NONE', *, *, #694, .T. ) ;
#1368 = VECTOR ( 'NONE', #556, 1000.000000000000000 ) ;
#1369 = FILL_AREA_STYLE_COLOUR ( '', #756 ) ;
#1370 = EDGE_LOOP ( 'NONE', ( #3500, #3904, #3576, #2405 ) ) ;
#1371 = CARTESIAN_POINT ( 'NONE',  ( 1.289276244013807500, -0.8599999999999999900, 0.7149122703230401700 ) ) ;
#1372 =( LENGTH_UNIT ( ) NAMED_UNIT ( * ) SI_UNIT ( .MILLI., .METRE. ) );
#1373 = SURFACE_STYLE_USAGE ( .BOTH. , #2009 ) ;
#1374 = AXIS2_PLACEMENT_3D ( 'NONE', #1504, #435, #422 ) ;
#1375 = DIRECTION ( 'NONE',  ( 0.0000000000000000000, 0.0000000000000000000, -1.000000000000000000 ) ) ;
#1376 = SURFACE_STYLE_FILL_AREA ( #2887 ) ;
#1377 = CARTESIAN_POINT ( 'NONE',  ( -0.4000000000000000800, -4.409164072843011400E-014, 1.221935645162453900E-027 ) ) ;
#1378 = EDGE_CURVE ( 'NONE', #4138, #1638, #2888, .T. ) ;
#1379 = SURFACE_SIDE_STYLE ('',( #3163 ) ) ;
#1380 = PRESENTATION_STYLE_ASSIGNMENT (( #3992 ) ) ;
#1381 = EDGE_CURVE ( 'NONE', #3871, #759, #2611, .T. ) ;
#1382 = ADVANCED_FACE ( 'NONE', ( #2670 ), #3833, .F. ) ;
#1383 = FACE_OUTER_BOUND ( 'NONE', #320, .T. ) ;
#1384 = ORIENTED_EDGE ( 'NONE', *, *, #2436, .T. ) ;
#1385 = LINE ( 'NONE', #3086, #2281 ) ;
#1386 = CIRCLE ( 'NONE', #336, 0.03999999999999997300 ) ;
#1387 =( LENGTH_UNIT ( ) NAMED_UNIT ( * ) SI_UNIT ( .MILLI., .METRE. ) );
#1388 = CARTESIAN_POINT ( 'NONE',  ( 1.100000000000000100, -0.7168676284683994600, -0.03756944044792888400 ) ) ;
#1389 = ORIENTED_EDGE ( 'NONE', *, *, #3071, .T. ) ;
#1390 = DIRECTION ( 'NONE',  ( 0.0000000000000000000, 1.000000000000000000, 0.0000000000000000000 ) ) ;
#1391 = COLOUR_RGB ( '',0.7529411764705882200, 0.7529411764705882200, 0.7529411764705882200 ) ;
#1392 = FACE_OUTER_BOUND ( 'NONE', #2074, .T. ) ;
#1393 = FACE_OUTER_BOUND ( 'NONE', #411, .T. ) ;
#1394 = EDGE_LOOP ( 'NONE', ( #3165, #1068, #1263, #2190 ) ) ;
#1395 = CARTESIAN_POINT ( 'NONE',  ( -1.358694402475114900, 0.7406975647374410800, 1.518791840464722300 ) ) ;
#1396 = VECTOR ( 'NONE', #885, 1000.000000000000000 ) ;
#1397 = CARTESIAN_POINT ( 'NONE',  ( 1.289276244013807500, -0.8599999999999998800, -0.7149122703230398300 ) ) ;
#1398 = FILL_AREA_STYLE_COLOUR ( '', #613 ) ;
#1399 = VERTEX_POINT ( 'NONE', #2520 ) ;
#1400 = EDGE_CURVE ( 'NONE', #2878, #3749, #3272, .T. ) ;
#1401 = LINE ( 'NONE', #2174, #748 ) ;
#1402 = DIRECTION ( 'NONE',  ( 0.0000000000000000000, -0.9975640502598242000, 0.06975647374412538600 ) ) ;
#1403 = AXIS2_PLACEMENT_3D ( 'NONE', #223, #579, #899 ) ;
#1404 =( NAMED_UNIT ( * ) PLANE_ANGLE_UNIT ( ) SI_UNIT ( $, .RADIAN. ) );
#1405 = CYLINDRICAL_SURFACE ( 'NONE', #631, 0.03999999999999998000 ) ;
#1406 = DIRECTION ( 'NONE',  ( 0.0000000000000000000, 0.1302832367974174300, 0.9914768167786819400 ) ) ;
#1407 = ADVANCED_FACE ( 'NONE', ( #1700 ), #194, .T. ) ;
#1408 = VERTEX_POINT ( 'NONE', #3184 ) ;
#1409 = PRESENTATION_STYLE_ASSIGNMENT (( #953 ) ) ;
#1410 = STYLED_ITEM ( 'NONE', ( #1380 ), #3946 ) ;
#1411 = EDGE_CURVE ( 'NONE', #2243, #2444, #68, .T. ) ;
#1412 = EDGE_CURVE ( 'NONE', #148, #1196, #927, .T. ) ;
#1413 = DIRECTION ( 'NONE',  ( 0.0000000000000000000, -0.06975647374412541300, 0.9975640502598243100 ) ) ;
#1414 = SURFACE_SIDE_STYLE ('',( #1894 ) ) ;
#1415 = VERTEX_POINT ( 'NONE', #4223 ) ;
#1416 = LINE ( 'NONE', #3354, #2971 ) ;
#1417 = EDGE_LOOP ( 'NONE', ( #1815, #3325, #4056, #1836, #1242 ) ) ;
#1418 = FACE_OUTER_BOUND ( 'NONE', #4090, .T. ) ;
#1419 =( LENGTH_UNIT ( ) NAMED_UNIT ( * ) SI_UNIT ( .MILLI., .METRE. ) );
#1420 = ORIENTED_EDGE ( 'NONE', *, *, #2204, .T. ) ;
#1421 = LINE ( 'NONE', #1778, #3521 ) ;
#1422 = CIRCLE ( 'NONE', #533, 1.200000000000000000 ) ;
#1423 = LINE ( 'NONE', #2503, #3966 ) ;
#1424 = ORIENTED_EDGE ( 'NONE', *, *, #848, .F. ) ;
#1425 = UNCERTAINTY_MEASURE_WITH_UNIT (LENGTH_MEASURE( 1.000000000000000100E-005 ), #295, 'distance_accuracy_value', 'NONE');
#1426 = DIRECTION ( 'NONE',  ( 0.0000000000000000000, -0.7071067811865463500, -0.7071067811865487900 ) ) ;
#1427 = ORIENTED_EDGE ( 'NONE', *, *, #418, .F. ) ;
#1428 = DIRECTION ( 'NONE',  ( 1.000000000000000000, -0.0000000000000000000, 0.0000000000000000000 ) ) ;
#1429 = EDGE_LOOP ( 'NONE', ( #406, #4193, #1804, #64 ) ) ;
#1430 = CIRCLE ( 'NONE', #3358, 0.03999999999999997300 ) ;
#1431 = DIRECTION ( 'NONE',  ( 0.0000000000000000000, 0.0000000000000000000, -1.000000000000000000 ) ) ;
#1432 = AXIS2_PLACEMENT_3D ( 'NONE', #203, #2864, #1924 ) ;
#1433 = CARTESIAN_POINT ( 'NONE',  ( -0.4000000000000000800, -2.710505431213761100E-017, 1.600000000000000300 ) ) ;
#1434 = DIRECTION ( 'NONE',  ( 0.0000000000000000000, 0.0000000000000000000, -1.000000000000000000 ) ) ;
#1435 = CARTESIAN_POINT ( 'NONE',  ( 0.4000000000000000800, -0.7168676284683990200, 0.03756944044792886300 ) ) ;
#1436 = PRESENTATION_LAYER_ASSIGNMENT (  '', '', ( #2277 ) ) ;
#1437 = ORIENTED_EDGE ( 'NONE', *, *, #4000, .F. ) ;
#1438 =( GEOMETRIC_REPRESENTATION_CONTEXT ( 3 ) GLOBAL_UNCERTAINTY_ASSIGNED_CONTEXT ( ( #3751 ) ) GLOBAL_UNIT_ASSIGNED_CONTEXT ( ( #3223, #3935, #1914 ) ) REPRESENTATION_CONTEXT ( 'NONE', 'WORKASPACE' ) );
#1439 = DIRECTION ( 'NONE',  ( -1.000000000000000000, 0.0000000000000000000, -0.0000000000000000000 ) ) ;
#1440 = CARTESIAN_POINT ( 'NONE',  ( -1.329520240720221800, 0.7408835241747555600, 1.558681398924513400 ) ) ;
#1441 = VECTOR ( 'NONE', #3956, 1000.000000000000100 ) ;
#1442 = EDGE_LOOP ( 'NONE', ( #2970, #4296, #3006, #1957 ) ) ;
#1443 = SURFACE_SIDE_STYLE ('',( #4079 ) ) ;
#1444 = EDGE_CURVE ( 'NONE', #1981, #3756, #875, .T. ) ;
#1445 = LINE ( 'NONE', #994, #192 ) ;
#1446 = CYLINDRICAL_SURFACE ( 'NONE', #341, 0.01000000000000002600 ) ;
#1447 = DIRECTION ( 'NONE',  ( 0.0000000000000000000, 0.0000000000000000000, 1.000000000000000000 ) ) ;
#1448 = SURFACE_STYLE_FILL_AREA ( #3332 ) ;
#1449 = LINE ( 'NONE', #497, #526 ) ;
#1450 = CARTESIAN_POINT ( 'NONE',  ( -0.4000000000000000800, -0.9152739131862743800, 0.8821496065635587900 ) ) ;
#1451 = EDGE_LOOP ( 'NONE', ( #654, #2948, #3722, #3075 ) ) ;
#1452 = LINE ( 'NONE', #1752, #1012 ) ;
#1453 = CARTESIAN_POINT ( 'NONE',  ( -1.339962183550097000, 0.7499999999999997800, 1.539962183550099000 ) ) ;
#1454 = VECTOR ( 'NONE', #2083, 1000.000000000000000 ) ;
#1455 = ORIENTED_EDGE ( 'NONE', *, *, #2940, .T. ) ;
#1456 = LINE ( 'NONE', #2182, #1731 ) ;
#1457 = AXIS2_PLACEMENT_3D ( 'NONE', #4135, #4122, #2773 ) ;
#1458 = CARTESIAN_POINT ( 'NONE',  ( -1.303261606402509100, -0.6999999999999998400, 0.7762062805697256300 ) ) ;
#1459 = PLANE ( 'NONE',  #3328 ) ;
#1460 = ORIENTED_EDGE ( 'NONE', *, *, #1153, .F. ) ;
#1461 = AXIS2_PLACEMENT_3D ( 'NONE', #1022, #4027, #1375 ) ;
#1462 = SURFACE_SIDE_STYLE ('',( #3496 ) ) ;
#1463 = EDGE_CURVE ( 'NONE', #2097, #52, #3423, .T. ) ;
#1464 = LINE ( 'NONE', #1299, #1627 ) ;
#1465 = EDGE_CURVE ( 'NONE', #1307, #3346, #4314, .T. ) ;
#1466 = DIRECTION ( 'NONE',  ( 0.0000000000000000000, 2.486899575160349700E-014, -1.000000000000000000 ) ) ;
#1467 = DIRECTION ( 'NONE',  ( 0.0000000000000000000, -0.05233595624294430600, -0.9986295347545738300 ) ) ;
#1468 = CARTESIAN_POINT ( 'NONE',  ( 1.399999999999999900, -0.1106085859236701400, -1.581776472421251300 ) ) ;
#1469 = VECTOR ( 'NONE', #3814, 1000.000000000000000 ) ;
#1470 = FILL_AREA_STYLE_COLOUR ( '', #1717 ) ;
#1471 = VECTOR ( 'NONE', #1789, 1000.000000000000100 ) ;
#1472 = DIRECTION ( 'NONE',  ( 1.000000000000000000, -0.0000000000000000000, 0.0000000000000000000 ) ) ;
#1473 = CARTESIAN_POINT ( 'NONE',  ( -1.306757946999685100, 0.9499999999999998400, 0.9790999173765841900 ) ) ;
#1474 = ORIENTED_EDGE ( 'NONE', *, *, #3213, .T. ) ;
#1475 =( BOUNDED_CURVE ( )  B_SPLINE_CURVE ( 3, ( #2464, #484, #451, #122 ),
 .UNSPECIFIED., .F., .T. ) 
 B_SPLINE_CURVE_WITH_KNOTS ( ( 4, 4 ),
 ( 1.948175778684893900E-015, 0.7829651709815597100 ),
 .UNSPECIFIED. ) 
 CURVE ( )  GEOMETRIC_REPRESENTATION_ITEM ( )  RATIONAL_B_SPLINE_CURVE ( ( 1.000000000000000000, 0.9495629211555242100, 0.9495629211555242100, 1.000000000000000000 ) ) 
 REPRESENTATION_ITEM ( '' )  );
#1476 = EDGE_LOOP ( 'NONE', ( #4278, #1104, #3737, #2669 ) ) ;
#1477 = VERTEX_POINT ( 'NONE', #1531 ) ;
#1478 = DIRECTION ( 'NONE',  ( 0.0000000000000000000, -1.000000000000000000, 5.421010862427523000E-015 ) ) ;
#1479 = DIRECTION ( 'NONE',  ( 0.0000000000000000000, 0.0000000000000000000, -1.000000000000000000 ) ) ;
#1480 = VERTEX_POINT ( 'NONE', #851 ) ;
#1481 = AXIS2_PLACEMENT_3D ( 'NONE', #3088, #384, #2744 ) ;
#1482 = SURFACE_STYLE_USAGE ( .BOTH. , #1443 ) ;
#1483 = DIRECTION ( 'NONE',  ( 0.0000000000000000000, 3.510884260745492000E-017, -1.000000000000000000 ) ) ;
#1484 = ORIENTED_EDGE ( 'NONE', *, *, #2940, .F. ) ;
#1485 = PRODUCT_RELATED_PRODUCT_CATEGORY ( 'part', '', ( #4132 ) ) ;
#1486 = PRESENTATION_LAYER_ASSIGNMENT (  '', '', ( #2381 ) ) ;
#1487 = LINE ( 'NONE', #3899, #1099 ) ;
#1488 = COLOUR_RGB ( '',0.08235294117647058700, 0.08235294117647058700, 0.08235294117647058700 ) ;
#1489 = DIRECTION ( 'NONE',  ( 0.0000000000000000000, -0.0000000000000000000, -1.000000000000000000 ) ) ;
#1490 = PLANE ( 'NONE',  #294 ) ;
#1491 = ORIENTED_EDGE ( 'NONE', *, *, #3525, .T. ) ;
#1492 = AXIS2_PLACEMENT_3D ( 'NONE', #332, #1352, #4073 ) ;
#1493 = EDGE_CURVE ( 'NONE', #793, #3288, #3807, .T. ) ;
#1494 = VECTOR ( 'NONE', #2137, 1000.000000000000000 ) ;
#1495 = FACE_OUTER_BOUND ( 'NONE', #217, .T. ) ;
#1496 = EDGE_CURVE ( 'NONE', #869, #1981, #357, .T. ) ;
#1497 = CARTESIAN_POINT ( 'NONE',  ( 0.4000000000000000800, -0.7168676284683990200, 0.03756944044792886300 ) ) ;
#1498 =( GEOMETRIC_REPRESENTATION_CONTEXT ( 3 ) GLOBAL_UNCERTAINTY_ASSIGNED_CONTEXT ( ( #965 ) ) GLOBAL_UNIT_ASSIGNED_CONTEXT ( ( #1774, #4101, #2123 ) ) REPRESENTATION_CONTEXT ( 'NONE', 'WORKASPACE' ) );
#1499 = ORIENTED_EDGE ( 'NONE', *, *, #4096, .T. ) ;
#1500 = PLANE ( 'NONE',  #1044 ) ;
#1501 = DIRECTION ( 'NONE',  ( 0.7071067811865474600, -2.482570068734256100E-017, 0.7071067811865474600 ) ) ;
#1502 = LINE ( 'NONE', #1119, #4395 ) ;
#1503 = LINE ( 'NONE', #3450, #1975 ) ;
#1504 = CARTESIAN_POINT ( 'NONE',  ( 0.4000000000000000800, -0.7499999999999994400, 1.549999999999999800 ) ) ;
#1505 = ORIENTED_EDGE ( 'NONE', *, *, #248, .F. ) ;
#1506 = LINE ( 'NONE', #3459, #4055 ) ;
#1507 = CARTESIAN_POINT ( 'NONE',  ( 1.399999999999999900, 0.7399999999999997700, 1.548718761972517300 ) ) ;
#1508 = VERTEX_POINT ( 'NONE', #1571 ) ;
#1509 = UNCERTAINTY_MEASURE_WITH_UNIT (LENGTH_MEASURE( 1.000000000000000100E-005 ), #2179, 'distance_accuracy_value', 'NONE');
#1510 = CARTESIAN_POINT ( 'NONE',  ( 1.343164168412901600, -0.6627902589497647300, -1.503261606402509700 ) ) ;
#1511 = DIRECTION ( 'NONE',  ( 0.0000000000000000000, -1.000000000000000000, 5.782411586589380300E-016 ) ) ;
#1512 = LINE ( 'NONE', #857, #586 ) ;
#1513 = SURFACE_SIDE_STYLE ('',( #817 ) ) ;
#1514 =( LENGTH_UNIT ( ) NAMED_UNIT ( * ) SI_UNIT ( .MILLI., .METRE. ) );
#1515 = DIRECTION ( 'NONE',  ( 1.000000000000000000, -0.0000000000000000000, 0.0000000000000000000 ) ) ;
#1516 = CARTESIAN_POINT ( 'NONE',  ( 1.303261606402508900, -0.6599999999999999200, -1.503261606402509500 ) ) ;
#1517 = EDGE_LOOP ( 'NONE', ( #2324, #752, #887, #74 ) ) ;
#1518 =( GEOMETRIC_REPRESENTATION_CONTEXT ( 3 ) GLOBAL_UNCERTAINTY_ASSIGNED_CONTEXT ( ( #2778 ) ) GLOBAL_UNIT_ASSIGNED_CONTEXT ( ( #2269, #187, #2543 ) ) REPRESENTATION_CONTEXT ( 'NONE', 'WORKASPACE' ) );
#1519 = CARTESIAN_POINT ( 'NONE',  ( 1.399999999999999900, -0.9000000000000000200, -6.505213034913026600E-017 ) ) ;
#1520 = PRESENTATION_LAYER_ASSIGNMENT (  '', '', ( #3813 ) ) ;
#1521 = ORIENTED_EDGE ( 'NONE', *, *, #3974, .T. ) ;
#1522 = SURFACE_STYLE_USAGE ( .BOTH. , #3480 ) ;
#1523 = STYLED_ITEM ( 'NONE', ( #362 ), #3319 ) ;
#1524 = CYLINDRICAL_SURFACE ( 'NONE', #2072, 0.01000000000000002600 ) ;
#1525 = CARTESIAN_POINT ( 'NONE',  ( -0.7562642395277299200, 0.9123812222677938300, 1.543735760472270600 ) ) ;
#1526 = ORIENTED_EDGE ( 'NONE', *, *, #3444, .F. ) ;
#1527 = EDGE_CURVE ( 'NONE', #504, #1798, #3710, .T. ) ;
#1528 = LINE ( 'NONE', #2696, #1953 ) ;
#1529 = FACE_OUTER_BOUND ( 'NONE', #1417, .T. ) ;
#1530 = ORIENTED_EDGE ( 'NONE', *, *, #1729, .T. ) ;
#1531 = CARTESIAN_POINT ( 'NONE',  ( -0.4000000000000000800, -0.7499999999999994400, 1.599999999999999900 ) ) ;
#1532 = PLANE ( 'NONE',  #922 ) ;
#1533 = ORIENTED_EDGE ( 'NONE', *, *, #1057, .T. ) ;
#1534 = DIRECTION ( 'NONE',  ( 0.0000000000000000000, 1.000000000000000000, 5.860552283705434800E-016 ) ) ;
#1535 = DIRECTION ( 'NONE',  ( -0.7071067811865474600, 0.0000000000000000000, -0.7071067811865474600 ) ) ;
#1536 = VECTOR ( 'NONE', #2220, 1000.000000000000000 ) ;
#1537 = EDGE_LOOP ( 'NONE', ( #4327, #2122, #2076, #692 ) ) ;
#1538 = EDGE_LOOP ( 'NONE', ( #1092, #57, #2036, #1546 ) ) ;
#1539 = CARTESIAN_POINT ( 'NONE',  ( 0.4000000000000000800, -1.219729649861163500E-015, -1.750000000000000200 ) ) ;
#1540 = DIRECTION ( 'NONE',  ( -0.0000000000000000000, 1.000000000000000000, 7.228014483236695800E-017 ) ) ;
#1541 = CIRCLE ( 'NONE', #2311, 0.03999999999999997300 ) ;
#1542 = MECHANICAL_DESIGN_GEOMETRIC_PRESENTATION_REPRESENTATION (  '', ( #1272 ), #1518 ) ;
#1543 = SURFACE_STYLE_FILL_AREA ( #3176 ) ;
#1544 = VECTOR ( 'NONE', #2652, 1000.000000000000000 ) ;
#1545 = AXIS2_PLACEMENT_3D ( 'NONE', #3418, #77, #396 ) ;
#1546 = ORIENTED_EDGE ( 'NONE', *, *, #3763, .T. ) ;
#1547 = EDGE_LOOP ( 'NONE', ( #746, #2693, #1424, #2844 ) ) ;
#1548 = VECTOR ( 'NONE', #1782, 1000.000000000000000 ) ;
#1549 = DIRECTION ( 'NONE',  ( 0.0000000000000000000, 0.0000000000000000000, -1.000000000000000000 ) ) ;
#1550 = EDGE_CURVE ( 'NONE', #424, #869, #3381, .T. ) ;
#1551 = EDGE_CURVE ( 'NONE', #4163, #478, #2422, .T. ) ;
#1552 = CARTESIAN_POINT ( 'NONE',  ( -1.400193224272587400, 0.1527632358350201300, 1.560290662262197900 ) ) ;
#1553 = FACE_OUTER_BOUND ( 'NONE', #1394, .T. ) ;
#1554 = CARTESIAN_POINT ( 'NONE',  ( 1.399999999999999900, 0.1499999999999998600, 1.600000000000000300 ) ) ;
#1555 = CARTESIAN_POINT ( 'NONE',  ( -0.7374034313554964600, 0.7437800801208839200, 1.548454433020773000 ) ) ;
#1556 = EDGE_LOOP ( 'NONE', ( #2667, #771, #4153, #2315 ) ) ;
#1557 = FACE_OUTER_BOUND ( 'NONE', #4224, .T. ) ;
#1558 = DIRECTION ( 'NONE',  ( 1.000000000000000000, -8.851764801086530200E-033, 1.224646799147353200E-016 ) ) ;
#1559 =( LENGTH_UNIT ( ) NAMED_UNIT ( * ) SI_UNIT ( .MILLI., .METRE. ) );
#1560 = UNCERTAINTY_MEASURE_WITH_UNIT (LENGTH_MEASURE( 1.000000000000000100E-005 ), #1419, 'distance_accuracy_value', 'NONE');
#1561 = PRESENTATION_STYLE_ASSIGNMENT (( #1755 ) ) ;
#1562 = CARTESIAN_POINT ( 'NONE',  ( 0.4000000000000000800, -2.710505431213759900E-017, -1.600000000000000300 ) ) ;
#1563 =( LENGTH_UNIT ( ) NAMED_UNIT ( * ) SI_UNIT ( .MILLI., .METRE. ) );
#1564 = EDGE_LOOP ( 'NONE', ( #2567, #1309, #2307, #2030 ) ) ;
#1565 = CYLINDRICAL_SURFACE ( 'NONE', #4137, 0.03999999999999999400 ) ;
#1566 = EDGE_CURVE ( 'NONE', #286, #3234, #1430, .T. ) ;
#1567 = ORIENTED_EDGE ( 'NONE', *, *, #515, .F. ) ;
#1568 =( NAMED_UNIT ( * ) PLANE_ANGLE_UNIT ( ) SI_UNIT ( $, .RADIAN. ) );
#1569 = VECTOR ( 'NONE', #1707, 1000.000000000000000 ) ;
#1570 = PRESENTATION_LAYER_ASSIGNMENT (  '', '', ( #2675 ) ) ;
#1571 = CARTESIAN_POINT ( 'NONE',  ( 0.4000000000000000800, -4.743384504624390000E-017, 1.589510978208473300 ) ) ;
#1572 = PLANE ( 'NONE',  #1772 ) ;
#1573 = AXIS2_PLACEMENT_3D ( 'NONE', #3670, #2050, #2081 ) ;
#1574 = VECTOR ( 'NONE', #1252, 1000.000000000000000 ) ;
#1575 = ORIENTED_EDGE ( 'NONE', *, *, #693, .F. ) ;
#1576 = SURFACE_SIDE_STYLE ('',( #423 ) ) ;
#1577 = EDGE_CURVE ( 'NONE', #4163, #2444, #829, .T. ) ;
#1578 = FACE_OUTER_BOUND ( 'NONE', #2025, .T. ) ;
#1579 = LINE ( 'NONE', #3464, #663 ) ;
#1580 = DIRECTION ( 'NONE',  ( 1.000000000000000000, -0.0000000000000000000, -0.0000000000000000000 ) ) ;
#1581 = STYLED_ITEM ( 'NONE', ( #1266 ), #3580 ) ;
#1582 = ADVANCED_FACE ( 'NONE', ( #511 ), #1137, .T. ) ;
#1583 = FACE_OUTER_BOUND ( 'NONE', #3529, .T. ) ;
#1584 = EDGE_LOOP ( 'NONE', ( #1990, #2027, #1802, #1671 ) ) ;
#1585 = FILL_AREA_STYLE_COLOUR ( '', #394 ) ;
#1586 = ORIENTED_EDGE ( 'NONE', *, *, #632, .T. ) ;
#1587 = VERTEX_POINT ( 'NONE', #898 ) ;
#1588 = SURFACE_STYLE_FILL_AREA ( #3924 ) ;
#1589 = ORIENTED_EDGE ( 'NONE', *, *, #1703, .F. ) ;
#1590 = FILL_AREA_STYLE ('',( #1225 ) ) ;
#1591 = ORIENTED_EDGE ( 'NONE', *, *, #2720, .F. ) ;
#1592 = CARTESIAN_POINT ( 'NONE',  ( 0.4000000000000000800, -0.01000000000000001900, -1.590000000000000300 ) ) ;
#1593 = SURFACE_STYLE_USAGE ( .BOTH. , #549 ) ;
#1594 = EDGE_LOOP ( 'NONE', ( #3441, #3936, #2929, #523, #555, #1331, #452, #1367, #3003, #1685, #89 ) ) ;
#1595 = CARTESIAN_POINT ( 'NONE',  ( -1.100000000000000100, -0.7500000000000003300, 1.549999999999999400 ) ) ;
#1596 = MECHANICAL_DESIGN_GEOMETRIC_PRESENTATION_REPRESENTATION (  '', ( #161 ), #1719 ) ;
#1597 = VECTOR ( 'NONE', #3178, 1000.000000000000000 ) ;
#1598 = FILL_AREA_STYLE_COLOUR ( '', #3702 ) ;
#1599 = PLANE ( 'NONE',  #4116 ) ;
#1600 = CARTESIAN_POINT ( 'NONE',  ( 1.399999999999999900, -0.1121559562860156000, 0.8535252366667651600 ) ) ;
#1601 =( GEOMETRIC_REPRESENTATION_CONTEXT ( 3 ) GLOBAL_UNCERTAINTY_ASSIGNED_CONTEXT ( ( #938 ) ) GLOBAL_UNIT_ASSIGNED_CONTEXT ( ( #1563, #858, #552 ) ) REPRESENTATION_CONTEXT ( 'NONE', 'WORKASPACE' ) );
#1602 = PRESENTATION_STYLE_ASSIGNMENT (( #1360 ) ) ;
#1603 = ADVANCED_FACE ( 'NONE', ( #2936 ), #1255, .T. ) ;
#1604 = ORIENTED_EDGE ( 'NONE', *, *, #848, .T. ) ;
#1605 = SURFACE_STYLE_USAGE ( .BOTH. , #1999 ) ;
#1606 = CARTESIAN_POINT ( 'NONE',  ( -1.100000000000000100, -0.04861185450468942500, 0.9275694404479295500 ) ) ;
#1607 = LINE ( 'NONE', #3399, #3600 ) ;
#1608 = CARTESIAN_POINT ( 'NONE',  ( 0.0000000000000000000, 0.9299999999999998300, 1.200000000000000000 ) ) ;
#1609 = STYLED_ITEM ( 'NONE', ( #3190 ), #2610 ) ;
#1610 = ORIENTED_EDGE ( 'NONE', *, *, #403, .F. ) ;
#1611 = DIRECTION ( 'NONE',  ( 0.0000000000000000000, -3.510884260745492000E-017, 1.000000000000000000 ) ) ;
#1612 = VECTOR ( 'NONE', #1982, 999.9999999999998900 ) ;
#1613 = ADVANCED_FACE ( 'NONE', ( #3510 ), #4310, .T. ) ;
#1614 = CARTESIAN_POINT ( 'NONE',  ( -1.358506312158916000, 0.7433873815755214200, 0.9400301301140683300 ) ) ;
#1615 = EDGE_CURVE ( 'NONE', #4066, #4217, #1625, .T. ) ;
#1616 = VERTEX_POINT ( 'NONE', #2946 ) ;
#1617 = EDGE_CURVE ( 'NONE', #159, #2223, #160, .T. ) ;
#1618 = SURFACE_STYLE_FILL_AREA ( #2766 ) ;
#1619 = SURFACE_SIDE_STYLE ('',( #1353 ) ) ;
#1620 =( BOUNDED_CURVE ( )  B_SPLINE_CURVE ( 3, ( #3246, #3940, #4283, #1280 ),
 .UNSPECIFIED., .F., .F. ) 
 B_SPLINE_CURVE_WITH_KNOTS ( ( 4, 4 ),
 ( 1.570796326794896600, 3.071779483510022900 ),
 .UNSPECIFIED. ) 
 CURVE ( )  GEOMETRIC_REPRESENTATION_ITEM ( )  RATIONAL_B_SPLINE_CURVE ( ( 1.000000000000000000, 0.8209024677461128600, 0.8209024677461128600, 1.000000000000000000 ) ) 
 REPRESENTATION_ITEM ( '' )  );
#1621 = CARTESIAN_POINT ( 'NONE',  ( 1.360290662262195300, 0.1472367641649795500, -1.600193224272590700 ) ) ;
#1622 = CARTESIAN_POINT ( 'NONE',  ( 1.100000000000000100, -1.011922027653141300E-015, 1.750000000000000200 ) ) ;
#1623 = VERTEX_POINT ( 'NONE', #943 ) ;
#1624 = CARTESIAN_POINT ( 'NONE',  ( 1.329178806024200500, -0.8627902589497648000, -0.7500000000000000000 ) ) ;
#1625 = LINE ( 'NONE', #1634, #2440 ) ;
#1626 = DIRECTION ( 'NONE',  ( 0.0000000000000000000, 1.000000000000000000, 7.228014483236683500E-017 ) ) ;
#1627 = VECTOR ( 'NONE', #3577, 1000.000000000000100 ) ;
#1628 = CARTESIAN_POINT ( 'NONE',  ( 1.306757946999685100, 0.9499999999999998400, 1.506757946999685200 ) ) ;
#1629 = EDGE_CURVE ( 'NONE', #774, #3424, #2, .T. ) ;
#1630 = ORIENTED_EDGE ( 'NONE', *, *, #2016, .T. ) ;
#1631 = CARTESIAN_POINT ( 'NONE',  ( 1.100000000000000100, -2.710505431213759900E-017, -1.600000000000000300 ) ) ;
#1632 = DIRECTION ( 'NONE',  ( 0.0000000000000000000, 0.0000000000000000000, 1.000000000000000000 ) ) ;
#1633 = AXIS2_PLACEMENT_3D ( 'NONE', #4342, #1298, #3232 ) ;
#1634 = CARTESIAN_POINT ( 'NONE',  ( -0.4000000000000000800, -0.04861185450468941800, -0.9275694404479294400 ) ) ;
#1635 = SURFACE_SIDE_STYLE ('',( #1984 ) ) ;
#1636 = AXIS2_PLACEMENT_3D ( 'NONE', #1228, #913, #3917 ) ;
#1637 = ORIENTED_EDGE ( 'NONE', *, *, #1381, .F. ) ;
#1638 = VERTEX_POINT ( 'NONE', #610 ) ;
#1639 = CARTESIAN_POINT ( 'NONE',  ( 1.303261606402508700, -0.6599999999999999200, -1.503261606402509700 ) ) ;
#1640 = VERTEX_POINT ( 'NONE', #626 ) ;
#1641 =( GEOMETRIC_REPRESENTATION_CONTEXT ( 3 ) GLOBAL_UNCERTAINTY_ASSIGNED_CONTEXT ( ( #1105 ) ) GLOBAL_UNIT_ASSIGNED_CONTEXT ( ( #3343, #3067, #2102 ) ) REPRESENTATION_CONTEXT ( 'NONE', 'WORKASPACE' ) );
#1642 = EDGE_CURVE ( 'NONE', #3849, #2541, #3572, .T. ) ;
#1643 = EDGE_CURVE ( 'NONE', #52, #4041, #907, .T. ) ;
#1644 = FILL_AREA_STYLE_COLOUR ( '', #1811 ) ;
#1645 = VECTOR ( 'NONE', #1939, 1000.000000000000000 ) ;
#1646 = ORIENTED_EDGE ( 'NONE', *, *, #2366, .F. ) ;
#1647 = UNCERTAINTY_MEASURE_WITH_UNIT (LENGTH_MEASURE( 1.000000000000000100E-005 ), #2599, 'distance_accuracy_value', 'NONE');
#1648 = ORIENTED_EDGE ( 'NONE', *, *, #2017, .T. ) ;
#1649 = FILL_AREA_STYLE ('',( #3607 ) ) ;
#1650 = CARTESIAN_POINT ( 'NONE',  ( -0.7447390291647194600, 0.7475630353279857400, 1.555260970835280700 ) ) ;
#1651 = ORIENTED_EDGE ( 'NONE', *, *, #428, .T. ) ;
#1652 = APPLICATION_PROTOCOL_DEFINITION ( 'draft international standard', 'automotive_design', 1998, #2347 ) ;
#1653 =( NAMED_UNIT ( * ) SI_UNIT ( $, .STERADIAN. ) SOLID_ANGLE_UNIT ( ) );
#1654 = LINE ( 'NONE', #2263, #3898 ) ;
#1655 = FILL_AREA_STYLE_COLOUR ( '', #124 ) ;
#1656 = ADVANCED_FACE ( 'NONE', ( #3734 ), #2200, .T. ) ;
#1657 =( NAMED_UNIT ( * ) SI_UNIT ( $, .STERADIAN. ) SOLID_ANGLE_UNIT ( ) );
#1658 = CIRCLE ( 'NONE', #4262, 0.03999999999999999400 ) ;
#1659 = DIRECTION ( 'NONE',  ( 0.0000000000000000000, 0.0000000000000000000, -1.000000000000000000 ) ) ;
#1660 = ORIENTED_EDGE ( 'NONE', *, *, #2446, .F. ) ;
#1661 =( NAMED_UNIT ( * ) PLANE_ANGLE_UNIT ( ) SI_UNIT ( $, .RADIAN. ) );
#1662 = VECTOR ( 'NONE', #1177, 1000.000000000000100 ) ;
#1663 = ORIENTED_EDGE ( 'NONE', *, *, #871, .T. ) ;
#1664 = CARTESIAN_POINT ( 'NONE',  ( -0.4000000000000000800, 4.300749537507581400E-014, -1.164031684864866500E-027 ) ) ;
#1665 = DIRECTION ( 'NONE',  ( 0.0000000000000000000, 0.0000000000000000000, 1.000000000000000000 ) ) ;
#1666 = ORIENTED_EDGE ( 'NONE', *, *, #2722, .F. ) ;
#1667 =( GEOMETRIC_REPRESENTATION_CONTEXT ( 3 ) GLOBAL_UNCERTAINTY_ASSIGNED_CONTEXT ( ( #624 ) ) GLOBAL_UNIT_ASSIGNED_CONTEXT ( ( #991, #3311, #2976 ) ) REPRESENTATION_CONTEXT ( 'NONE', 'WORKASPACE' ) );
#1668 = DIRECTION ( 'NONE',  ( 1.000000000000000000, 0.0000000000000000000, 0.0000000000000000000 ) ) ;
#1669 = SURFACE_STYLE_FILL_AREA ( #2575 ) ;
#1670 = DIRECTION ( 'NONE',  ( 1.000000000000000000, -0.0000000000000000000, 0.0000000000000000000 ) ) ;
#1671 = ORIENTED_EDGE ( 'NONE', *, *, #1705, .T. ) ;
#1672 = CARTESIAN_POINT ( 'NONE',  ( 1.346660509010078100, 0.9127902589497647300, 3.204700953508531300E-017 ) ) ;
#1673 = CIRCLE ( 'NONE', #788, 0.01000000000000002600 ) ;
#1674 =( LENGTH_UNIT ( ) NAMED_UNIT ( * ) SI_UNIT ( .MILLI., .METRE. ) );
#1675 = ADVANCED_FACE ( 'NONE', ( #2868 ), #1565, .T. ) ;
#1676 =( NAMED_UNIT ( * ) SI_UNIT ( $, .STERADIAN. ) SOLID_ANGLE_UNIT ( ) );
#1677 =( NAMED_UNIT ( * ) PLANE_ANGLE_UNIT ( ) SI_UNIT ( $, .RADIAN. ) );
#1678 = ORIENTED_EDGE ( 'NONE', *, *, #4085, .F. ) ;
#1679 = COLOUR_RGB ( '',0.7529411764705882200, 0.7529411764705882200, 0.7529411764705882200 ) ;
#1680 = ORIENTED_EDGE ( 'NONE', *, *, #2654, .F. ) ;
#1681 = COLOUR_RGB ( '',0.7529411764705882200, 0.7529411764705882200, 0.7529411764705882200 ) ;
#1682 = CARTESIAN_POINT ( 'NONE',  ( -1.344058550445191800, 0.9499999999999998400, -1.506757946999684800 ) ) ;
#1683 = DIRECTION ( 'NONE',  ( 0.0000000000000000000, 2.706578643357732500E-014, 1.000000000000000000 ) ) ;
#1684 = PRESENTATION_STYLE_ASSIGNMENT (( #2660 ) ) ;
#1685 = ORIENTED_EDGE ( 'NONE', *, *, #2105, .F. ) ;
#1686 = SURFACE_SIDE_STYLE ('',( #2621 ) ) ;
#1687 = COLOUR_RGB ( '',0.7529411764705882200, 0.7529411764705882200, 0.7529411764705882200 ) ;
#1688 = PRESENTATION_LAYER_ASSIGNMENT (  '', '', ( #364 ) ) ;
#1689 = CARTESIAN_POINT ( 'NONE',  ( 0.4000000000000000800, -0.7168676284683994600, -0.03756944044792888400 ) ) ;
#1690 = PLANE ( 'NONE',  #11 ) ;
#1691 = CARTESIAN_POINT ( 'NONE',  ( 1.303261606402508900, -0.6999999999999998400, 0.7762062805697256300 ) ) ;
#1692 = CARTESIAN_POINT ( 'NONE',  ( 1.399999999999999900, 0.9099999999999998100, 1.506757946999685200 ) ) ;
#1693 =( GEOMETRIC_REPRESENTATION_CONTEXT ( 3 ) GLOBAL_UNCERTAINTY_ASSIGNED_CONTEXT ( ( #4125 ) ) GLOBAL_UNIT_ASSIGNED_CONTEXT ( ( #377, #3336, #3678 ) ) REPRESENTATION_CONTEXT ( 'NONE', 'WORKASPACE' ) );
#1694 = LINE ( 'NONE', #2754, #1362 ) ;
#1695 = EDGE_LOOP ( 'NONE', ( #987, #4052, #1870, #4242 ) ) ;
#1696 = AXIS2_PLACEMENT_3D ( 'NONE', #4231, #186, #2900 ) ;
#1697 = VERTEX_POINT ( 'NONE', #3203 ) ;
#1698 = CARTESIAN_POINT ( 'NONE',  ( -1.354424649904103700, 0.7409841212581990100, 1.539573203285133300 ) ) ;
#1699 = ORIENTED_EDGE ( 'NONE', *, *, #4150, .F. ) ;
#1700 = FACE_OUTER_BOUND ( 'NONE', #1932, .T. ) ;
#1701 = SURFACE_SIDE_STYLE ('',( #3926 ) ) ;
#1702 = ORIENTED_EDGE ( 'NONE', *, *, #1378, .T. ) ;
#1703 = EDGE_CURVE ( 'NONE', #3146, #2184, #1020, .T. ) ;
#1704 = ORIENTED_EDGE ( 'NONE', *, *, #3391, .F. ) ;
#1705 = EDGE_CURVE ( 'NONE', #824, #3122, #599, .T. ) ;
#1706 = DIRECTION ( 'NONE',  ( -1.000000000000000000, 0.0000000000000000000, 0.0000000000000000000 ) ) ;
#1707 = DIRECTION ( 'NONE',  ( -0.0000000000000000000, -7.228014483236694600E-017, 1.000000000000000000 ) ) ;
#1708 = CARTESIAN_POINT ( 'NONE',  ( 1.325416032353905500, -0.6999999999999999600, 0.7748502229947248400 ) ) ;
#1709 = VERTEX_POINT ( 'NONE', #1725 ) ;
#1710 = DIRECTION ( 'NONE',  ( 0.0000000000000000000, 0.0000000000000000000, 1.000000000000000000 ) ) ;
#1711 = LINE ( 'NONE', #3967, #2845 ) ;
#1712 =( NAMED_UNIT ( * ) SI_UNIT ( $, .STERADIAN. ) SOLID_ANGLE_UNIT ( ) );
#1713 = EDGE_LOOP ( 'NONE', ( #4092, #308, #1321, #3430 ) ) ;
#1714 = DIRECTION ( 'NONE',  ( 1.000000000000000000, 0.0000000000000000000, 0.0000000000000000000 ) ) ;
#1715 = EDGE_CURVE ( 'NONE', #1640, #3961, #2535, .T. ) ;
#1716 = PRESENTATION_STYLE_ASSIGNMENT (( #2809 ) ) ;
#1717 = COLOUR_RGB ( '',0.7529411764705882200, 0.7529411764705882200, 0.7529411764705882200 ) ;
#1718 = ORIENTED_EDGE ( 'NONE', *, *, #3243, .F. ) ;
#1719 =( GEOMETRIC_REPRESENTATION_CONTEXT ( 3 ) GLOBAL_UNCERTAINTY_ASSIGNED_CONTEXT ( ( #2995 ) ) GLOBAL_UNIT_ASSIGNED_CONTEXT ( ( #3560, #2925, #3199 ) ) REPRESENTATION_CONTEXT ( 'NONE', 'WORKASPACE' ) );
#1720 = FACE_OUTER_BOUND ( 'NONE', #553, .T. ) ;
#1721 = DIRECTION ( 'NONE',  ( 1.000000000000000000, 0.0000000000000000000, 0.0000000000000000000 ) ) ;
#1722 = MECHANICAL_DESIGN_GEOMETRIC_PRESENTATION_REPRESENTATION (  '', ( #2962 ), #1161 ) ;
#1723 = VERTEX_POINT ( 'NONE', #317 ) ;
#1724 = ADVANCED_FACE ( 'NONE', ( #3835 ), #1304, .F. ) ;
#1725 = CARTESIAN_POINT ( 'NONE',  ( 0.3999999999999999700, 0.1499999999999998600, -1.599999999999999900 ) ) ;
#1726 = LINE ( 'NONE', #3434, #1993 ) ;
#1727 = PLANE ( 'NONE',  #627 ) ;
#1728 = EDGE_CURVE ( 'NONE', #2757, #2411, #3194, .T. ) ;
#1729 = EDGE_CURVE ( 'NONE', #635, #2705, #1734, .T. ) ;
#1730 = AXIS2_PLACEMENT_3D ( 'NONE', #901, #3571, #566 ) ;
#1731 = VECTOR ( 'NONE', #3709, 1000.000000000000000 ) ;
#1732 = DIRECTION ( 'NONE',  ( 0.0000000000000000000, -0.9975640502598242000, -0.06975647374412530200 ) ) ;
#1733 = ORIENTED_EDGE ( 'NONE', *, *, #1783, .T. ) ;
#1734 = CIRCLE ( 'NONE', #447, 0.03999999999999999400 ) ;
#1735 = CARTESIAN_POINT ( 'NONE',  ( -1.329178806024200700, -0.8627902589497649100, 0.7149122703230401700 ) ) ;
#1736 = DIRECTION ( 'NONE',  ( -1.000000000000000000, -0.0000000000000000000, -0.0000000000000000000 ) ) ;
#1737 = SURFACE_SIDE_STYLE ('',( #2761 ) ) ;
#1738 = DIRECTION ( 'NONE',  ( 0.0000000000000000000, 0.05233595624294358500, 0.9986295347545739400 ) ) ;
#1739 =( NAMED_UNIT ( * ) PLANE_ANGLE_UNIT ( ) SI_UNIT ( $, .RADIAN. ) );
#1740 = CIRCLE ( 'NONE', #2273, 0.01000000000000001400 ) ;
#1741 = FILL_AREA_STYLE ('',( #470 ) ) ;
#1742 = LINE ( 'NONE', #1554, #3895 ) ;
#1743 = DIRECTION ( 'NONE',  ( 1.000000000000000000, -0.0000000000000000000, -0.0000000000000000000 ) ) ;
#1744 = SURFACE_STYLE_USAGE ( .BOTH. , #1414 ) ;
#1745 = VECTOR ( 'NONE', #986, 1000.000000000000000 ) ;
#1746 = ADVANCED_FACE ( 'NONE', ( #651 ), #3295, .F. ) ;
#1747 = CYLINDRICAL_SURFACE ( 'NONE', #3519, 0.1999999999999998700 ) ;
#1748 = ORIENTED_EDGE ( 'NONE', *, *, #1412, .F. ) ;
#1749 = STYLED_ITEM ( 'NONE', ( #2703 ), #1910 ) ;
#1750 = AXIS2_PLACEMENT_3D ( 'NONE', #659, #506, #479 ) ;
#1751 = FACE_OUTER_BOUND ( 'NONE', #1136, .T. ) ;
#1752 = CARTESIAN_POINT ( 'NONE',  ( 1.100000000000000100, -0.04861185450468942500, 0.9275694404479295500 ) ) ;
#1753 = EDGE_LOOP ( 'NONE', ( #1420, #2266, #1164, #1702, #2397, #2073, #708, #482 ) ) ;
#1754 = CARTESIAN_POINT ( 'NONE',  ( -0.4000000000000000800, -0.7168676284683990200, 0.03756944044792886300 ) ) ;
#1755 = SURFACE_STYLE_USAGE ( .BOTH. , #1008 ) ;
#1756 = AXIS2_PLACEMENT_3D ( 'NONE', #3273, #4243, #2921 ) ;
#1757 = CARTESIAN_POINT ( 'NONE',  ( -1.348718689435370900, 0.7499999999999997800, 1.526687370073591900 ) ) ;
#1758 =( BOUNDED_CURVE ( )  B_SPLINE_CURVE ( 3, ( #3517, #152, #2881, #2839 ),
 .UNSPECIFIED., .F., .T. ) 
 B_SPLINE_CURVE_WITH_KNOTS ( ( 4, 4 ),
 ( 5.500220136198105800, 7.066150478161081800 ),
 .UNSPECIFIED. ) 
 CURVE ( )  GEOMETRIC_REPRESENTATION_ITEM ( )  RATIONAL_B_SPLINE_CURVE ( ( 1.000000000000000000, 0.8058833813892216600, 0.8058833813892216600, 1.000000000000000000 ) ) 
 REPRESENTATION_ITEM ( '' )  );
#1759 = VERTEX_POINT ( 'NONE', #640 ) ;
#1760 = DIRECTION ( 'NONE',  ( 0.0000000000000000000, -2.771354444913079900E-014, -1.000000000000000000 ) ) ;
#1761 = CARTESIAN_POINT ( 'NONE',  ( 1.399999999999999900, -0.6999999999999998400, 0.0000000000000000000 ) ) ;
#1762 = LINE ( 'NONE', #2144, #3655 ) ;
#1763 = EDGE_CURVE ( 'NONE', #2367, #3626, #805, .T. ) ;
#1764 = SPHERICAL_SURFACE ( 'NONE', #3331, 0.04000000000000000100 ) ;
#1765 = LINE ( 'NONE', #1552, #1102 ) ;
#1766 = CIRCLE ( 'NONE', #3733, 0.1499999999999999700 ) ;
#1767 = COLOUR_RGB ( '',0.7529411764705882200, 0.7529411764705882200, 0.7529411764705882200 ) ;
#1768 = ORIENTED_EDGE ( 'NONE', *, *, #149, .T. ) ;
#1769 = CARTESIAN_POINT ( 'NONE',  ( 1.289276244013807500, -0.8599999999999999900, -0.7149122703230398300 ) ) ;
#1770 =( NAMED_UNIT ( * ) PLANE_ANGLE_UNIT ( ) SI_UNIT ( $, .RADIAN. ) );
#1771 = ORIENTED_EDGE ( 'NONE', *, *, #1715, .F. ) ;
#1772 = AXIS2_PLACEMENT_3D ( 'NONE', #3535, #2869, #4215 ) ;
#1773 = VECTOR ( 'NONE', #3573, 1000.000000000000200 ) ;
#1774 =( LENGTH_UNIT ( ) NAMED_UNIT ( * ) SI_UNIT ( .MILLI., .METRE. ) );
#1775 = CARTESIAN_POINT ( 'NONE',  ( -1.328596652881942800, -0.2976919556993128900, 1.528596652881944800 ) ) ;
#1776 = DIRECTION ( 'NONE',  ( -3.790740071206765100E-016, 5.421010862427524500E-015, -1.000000000000000000 ) ) ;
#1777 = VECTOR ( 'NONE', #1850, 1000.000000000000200 ) ;
#1778 = CARTESIAN_POINT ( 'NONE',  ( -0.4000000000000000800, -0.7654794829730883200, 0.8900000000000003500 ) ) ;
#1779 =( GEOMETRIC_REPRESENTATION_CONTEXT ( 3 ) GLOBAL_UNCERTAINTY_ASSIGNED_CONTEXT ( ( #379 ) ) GLOBAL_UNIT_ASSIGNED_CONTEXT ( ( #400, #4042, #388 ) ) REPRESENTATION_CONTEXT ( 'NONE', 'WORKASPACE' ) );
#1780 = ORIENTED_EDGE ( 'NONE', *, *, #1763, .T. ) ;
#1781 = AXIS2_PLACEMENT_3D ( 'NONE', #375, #1038, #2718 ) ;
#1782 = DIRECTION ( 'NONE',  ( 0.0000000000000000000, -7.228014483236695800E-017, 1.000000000000000000 ) ) ;
#1783 = EDGE_CURVE ( 'NONE', #1723, #4288, #437, .T. ) ;
#1784 = EDGE_CURVE ( 'NONE', #3972, #2898, #1456, .T. ) ;
#1785 = CARTESIAN_POINT ( 'NONE',  ( -1.300828945580725400, -0.6999999999999997300, -0.7762806420871662900 ) ) ;
#1786 = DIRECTION ( 'NONE',  ( -1.000000000000000000, 0.0000000000000000000, -0.0000000000000000000 ) ) ;
#1787 = ORIENTED_EDGE ( 'NONE', *, *, #1550, .F. ) ;
#1788 = CARTESIAN_POINT ( 'NONE',  ( 1.399999999999999900, 0.1499999999999998600, -1.599999999999999900 ) ) ;
#1789 = DIRECTION ( 'NONE',  ( 0.0000000000000000000, 0.05233595624294358500, -0.9986295347545739400 ) ) ;
#1790 = DIRECTION ( 'NONE',  ( 0.0000000000000000000, -5.860552283705434800E-016, 1.000000000000000000 ) ) ;
#1791 = ORIENTED_EDGE ( 'NONE', *, *, #1135, .F. ) ;
#1792 = VECTOR ( 'NONE', #4105, 1000.000000000000000 ) ;
#1793 = LINE ( 'NONE', #2493, #2542 ) ;
#1794 = DIRECTION ( 'NONE',  ( 1.000000000000000000, 0.0000000000000000000, 0.0000000000000000000 ) ) ;
#1795 = CIRCLE ( 'NONE', #2008, 0.1499999999999999700 ) ;
#1796 = EDGE_CURVE ( 'NONE', #2823, #964, #3567, .T. ) ;
#1797 = DIRECTION ( 'NONE',  ( 0.0000000000000000000, -0.9975640502598242000, 0.06975647374412530200 ) ) ;
#1798 = VERTEX_POINT ( 'NONE', #1121 ) ;
#1799 = CARTESIAN_POINT ( 'NONE',  ( -1.319377771938528700, -1.002951576379621300, -1.479475209928135200 ) ) ;
#1800 = ORIENTED_EDGE ( 'NONE', *, *, #4168, .T. ) ;
#1801 = PRESENTATION_LAYER_ASSIGNMENT (  '', '', ( #3109 ) ) ;
#1802 = ORIENTED_EDGE ( 'NONE', *, *, #3764, .F. ) ;
#1803 = PRESENTATION_STYLE_ASSIGNMENT (( #4213 ) ) ;
#1804 = ORIENTED_EDGE ( 'NONE', *, *, #2393, .F. ) ;
#1805 = CARTESIAN_POINT ( 'NONE',  ( -1.100000000000000100, -0.7999314767377279100, 1.547383202187851700 ) ) ;
#1806 = PLANE ( 'NONE',  #3784 ) ;
#1807 = DIRECTION ( 'NONE',  ( 0.7071067811865474600, 0.0000000000000000000, -0.7071067811865474600 ) ) ;
#1808 = ORIENTED_EDGE ( 'NONE', *, *, #1991, .F. ) ;
#1809 = EDGE_CURVE ( 'NONE', #148, #4252, #3454, .T. ) ;
#1810 = UNCERTAINTY_MEASURE_WITH_UNIT (LENGTH_MEASURE( 1.000000000000000100E-005 ), #1198, 'distance_accuracy_value', 'NONE');
#1811 = COLOUR_RGB ( '',0.7529411764705882200, 0.7529411764705882200, 0.7529411764705882200 ) ;
#1812 = LINE ( 'NONE', #3654, #886 ) ;
#1813 = CARTESIAN_POINT ( 'NONE',  ( 1.303261606402508900, -0.6599999999999999200, 4.889468067122440800E-019 ) ) ;
#1814 = SURFACE_STYLE_FILL_AREA ( #4271 ) ;
#1815 = ORIENTED_EDGE ( 'NONE', *, *, #4320, .T. ) ;
#1816 =( LENGTH_UNIT ( ) NAMED_UNIT ( * ) SI_UNIT ( .MILLI., .METRE. ) );
#1817 = DIRECTION ( 'NONE',  ( 0.0000000000000000000, 2.706578643357732500E-014, 1.000000000000000000 ) ) ;
#1818 = VECTOR ( 'NONE', #2522, 1000.000000000000000 ) ;
#1819 = ORIENTED_EDGE ( 'NONE', *, *, #376, .T. ) ;
#1820 = CARTESIAN_POINT ( 'NONE',  ( 0.4000000000000000800, -0.7499999999999994400, 1.599999999999999900 ) ) ;
#1821 = CYLINDRICAL_SURFACE ( 'NONE', #1461, 0.1999999999999998700 ) ;
#1822 = CARTESIAN_POINT ( 'NONE',  ( -1.289276244013807500, -0.8599999999999999900, 0.7149122703230401700 ) ) ;
#1823 = CARTESIAN_POINT ( 'NONE',  ( 1.289276244013807500, -0.9000000000000000200, -0.7149122703230398300 ) ) ;
#1824 = ORIENTED_EDGE ( 'NONE', *, *, #3820, .T. ) ;
#1825 = DIRECTION ( 'NONE',  ( 1.000000000000000000, 0.0000000000000000000, 0.0000000000000000000 ) ) ;
#1826 = LINE ( 'NONE', #1987, #3348 ) ;
#1827 =( NAMED_UNIT ( * ) PLANE_ANGLE_UNIT ( ) SI_UNIT ( $, .RADIAN. ) );
#1828 = SURFACE_STYLE_USAGE ( .BOTH. , #1462 ) ;
#1829 = LINE ( 'NONE', #3127, #2527 ) ;
#1830 = CARTESIAN_POINT ( 'NONE',  ( -1.353423927046615700, 0.7491521227185421500, 0.9465760729533846400 ) ) ;
#1831 = AXIS2_PLACEMENT_3D ( 'NONE', #1208, #557, #894 ) ;
#1832 = UNCERTAINTY_MEASURE_WITH_UNIT (LENGTH_MEASURE( 1.000000000000000100E-005 ), #2999, 'distance_accuracy_value', 'NONE');
#1833 = AXIS2_PLACEMENT_3D ( 'NONE', #2704, #46, #1467 ) ;
#1834 = DIRECTION ( 'NONE',  ( 0.0000000000000000000, 0.0000000000000000000, -1.000000000000000000 ) ) ;
#1835 = DIRECTION ( 'NONE',  ( 0.0000000000000000000, -0.05233595624294416100, 0.9986295347545739400 ) ) ;
#1836 = ORIENTED_EDGE ( 'NONE', *, *, #2865, .T. ) ;
#1837 = AXIS2_PLACEMENT_3D ( 'NONE', #2252, #595, #4294 ) ;
#1838 = CARTESIAN_POINT ( 'NONE',  ( -1.399999999999999900, 0.1499999999999605500, -1.560097437989609500 ) ) ;
#1839 = FACE_BOUND ( 'NONE', #3220, .T. ) ;
#1840 = DIRECTION ( 'NONE',  ( 0.0000000000000000000, 0.0000000000000000000, -1.000000000000000000 ) ) ;
#1841 = EDGE_CURVE ( 'NONE', #2554, #1176, #2806, .T. ) ;
#1842 = EDGE_CURVE ( 'NONE', #3930, #2170, #3782, .T. ) ;
#1843 = ORIENTED_EDGE ( 'NONE', *, *, #3939, .F. ) ;
#1844 = CARTESIAN_POINT ( 'NONE',  ( -0.4000000000000000800, 0.1499999999999998600, 1.600000000000000300 ) ) ;
#1845 = VECTOR ( 'NONE', #2547, 1000.000000000000000 ) ;
#1846 = COLOUR_RGB ( '',0.7529411764705882200, 0.7529411764705882200, 0.7529411764705882200 ) ;
#1847 = DIRECTION ( 'NONE',  ( 0.0000000000000000000, -1.000000000000000000, 0.0000000000000000000 ) ) ;
#1848 = EDGE_LOOP ( 'NONE', ( #2198, #2886, #597, #2278 ) ) ;
#1849 = FILL_AREA_STYLE_COLOUR ( '', #3963 ) ;
#1850 = DIRECTION ( 'NONE',  ( -0.06958737431666478500, 0.9951458157835084700, -0.06958737431666475700 ) ) ;
#1851 = CYLINDRICAL_SURFACE ( 'NONE', #1302, 0.03999999999999997300 ) ;
#1852 = ORIENTED_EDGE ( 'NONE', *, *, #1245, .F. ) ;
#1853 = DIRECTION ( 'NONE',  ( 0.0000000000000000000, -0.05233595624294430600, 0.9986295347545738300 ) ) ;
#1854 = EDGE_CURVE ( 'NONE', #1347, #614, #1933, .T. ) ;
#1855 = DIRECTION ( 'NONE',  ( -5.421010862427508000E-015, 0.0000000000000000000, -1.000000000000000000 ) ) ;
#1856 = CARTESIAN_POINT ( 'NONE',  ( 0.4000000000000000800, -0.7999314767377274600, -1.547383202187851700 ) ) ;
#1857 = FACE_OUTER_BOUND ( 'NONE', #3107, .T. ) ;
#1858 = ORIENTED_EDGE ( 'NONE', *, *, #3445, .T. ) ;
#1859 = SURFACE_STYLE_USAGE ( .BOTH. , #3186 ) ;
#1860 = AXIS2_PLACEMENT_3D ( 'NONE', #936, #3214, #3683 ) ;
#1861 = DIRECTION ( 'NONE',  ( 0.0000000000000000000, 0.0000000000000000000, 1.000000000000000000 ) ) ;
#1862 = STYLED_ITEM ( 'NONE', ( #3518 ), #2268 ) ;
#1863 = VECTOR ( 'NONE', #1426, 1000.000000000000000 ) ;
#1864 =( LENGTH_UNIT ( ) NAMED_UNIT ( * ) SI_UNIT ( .MILLI., .METRE. ) );
#1865 = ORIENTED_EDGE ( 'NONE', *, *, #1135, .T. ) ;
#1866 = PRESENTATION_LAYER_ASSIGNMENT (  '', '', ( #2176 ) ) ;
#1867 = LINE ( 'NONE', #359, #3492 ) ;
#1868 = EDGE_CURVE ( 'NONE', #199, #1206, #2053, .T. ) ;
#1869 = LINE ( 'NONE', #3511, #944 ) ;
#1870 = ORIENTED_EDGE ( 'NONE', *, *, #995, .F. ) ;
#1871 = CARTESIAN_POINT ( 'NONE',  ( -1.329042323730435000, 0.7500000000000033300, 1.557874433597447000 ) ) ;
#1872 = FACE_OUTER_BOUND ( 'NONE', #2271, .T. ) ;
#1873 = CARTESIAN_POINT ( 'NONE',  ( 0.4000000000000000800, -0.8666620586815844100, 0.04541983388437099300 ) ) ;
#1874 = ORIENTED_EDGE ( 'NONE', *, *, #3503, .F. ) ;
#1875 = CIRCLE ( 'NONE', #3206, 0.03999999999999998000 ) ;
#1876 = DIRECTION ( 'NONE',  ( -1.000000000000000000, 0.0000000000000000000, -0.0000000000000000000 ) ) ;
#1877 = ORIENTED_EDGE ( 'NONE', *, *, #3155, .F. ) ;
#1878 = CARTESIAN_POINT ( 'NONE',  ( -0.7491729958687893800, 0.9127902589497646200, 1.546660509010078200 ) ) ;
#1879 = CARTESIAN_POINT ( 'NONE',  ( 1.344058550445191600, 0.9127902589497648400, -1.546660509010077800 ) ) ;
#1880 = DIRECTION ( 'NONE',  ( 0.0000000000000000000, 1.000000000000000000, -5.860552283705437800E-016 ) ) ;
#1881 = CARTESIAN_POINT ( 'NONE',  ( -1.100000000000000100, -1.011922027653141700E-015, -1.750000000000000200 ) ) ;
#1882 = ORIENTED_EDGE ( 'NONE', *, *, #1550, .T. ) ;
#1883 = FILL_AREA_STYLE_COLOUR ( '', #2919 ) ;
#1884 =( GEOMETRIC_REPRESENTATION_CONTEXT ( 3 ) GLOBAL_UNCERTAINTY_ASSIGNED_CONTEXT ( ( #1214 ) ) GLOBAL_UNIT_ASSIGNED_CONTEXT ( ( #1234, #3873, #880 ) ) REPRESENTATION_CONTEXT ( 'NONE', 'WORKASPACE' ) );
#1885 = UNCERTAINTY_MEASURE_WITH_UNIT (LENGTH_MEASURE( 1.000000000000000100E-005 ), #1387, 'distance_accuracy_value', 'NONE');
#1886 = ORIENTED_EDGE ( 'NONE', *, *, #3104, .T. ) ;
#1887 = CARTESIAN_POINT ( 'NONE',  ( -0.4000000000000000800, -0.01000000000000009600, -1.600000000000000300 ) ) ;
#1888 = SURFACE_STYLE_USAGE ( .BOTH. , #212 ) ;
#1889 = MECHANICAL_DESIGN_GEOMETRIC_PRESENTATION_REPRESENTATION (  '', ( #1581 ), #2395 ) ;
#1890 = SURFACE_STYLE_FILL_AREA ( #3056 ) ;
#1891 = CARTESIAN_POINT ( 'NONE',  ( 0.4000000000000000800, -0.01000000000000009600, -1.600000000000000300 ) ) ;
#1892 = DIRECTION ( 'NONE',  ( 0.0000000000000000000, 2.486899575160349700E-014, -1.000000000000000000 ) ) ;
#1893 = VECTOR ( 'NONE', #1738, 1000.000000000000100 ) ;
#1894 = SURFACE_STYLE_FILL_AREA ( #407 ) ;
#1895 = FACE_OUTER_BOUND ( 'NONE', #3914, .T. ) ;
#1896 = CARTESIAN_POINT ( 'NONE',  ( 1.399999999999999900, 0.1499999999999998600, -1.599999999999999900 ) ) ;
#1897 = ORIENTED_EDGE ( 'NONE', *, *, #162, .F. ) ;
#1898 = CARTESIAN_POINT ( 'NONE',  ( 1.289276244013807200, -0.8652113294718966100, 0.7545713429941873800 ) ) ;
#1899 = ORIENTED_EDGE ( 'NONE', *, *, #1312, .F. ) ;
#1900 = SURFACE_STYLE_USAGE ( .BOTH. , #3536 ) ;
#1901 = ORIENTED_EDGE ( 'NONE', *, *, #393, .F. ) ;
#1902 = DIRECTION ( 'NONE',  ( 0.0000000000000000000, 0.0000000000000000000, -1.000000000000000000 ) ) ;
#1903 = ORIENTED_EDGE ( 'NONE', *, *, #931, .F. ) ;
#1904 = VERTEX_POINT ( 'NONE', #800 ) ;
#1905 = CARTESIAN_POINT ( 'NONE',  ( -1.339962183550097000, 0.7499999999999997800, 1.539962183550099000 ) ) ;
#1906 = ORIENTED_EDGE ( 'NONE', *, *, #2017, .F. ) ;
#1907 = MECHANICAL_DESIGN_GEOMETRIC_PRESENTATION_REPRESENTATION (  '', ( #2124 ), #4053 ) ;
#1908 = PRESENTATION_LAYER_ASSIGNMENT (  '', '', ( #4054 ) ) ;
#1909 = DIRECTION ( 'NONE',  ( 1.000000000000000000, -0.0000000000000000000, -0.0000000000000000000 ) ) ;
#1910 = ADVANCED_FACE ( 'NONE', ( #3356 ), #1500, .F. ) ;
#1911 = LINE ( 'NONE', #3959, #1152 ) ;
#1912 = MECHANICAL_DESIGN_GEOMETRIC_PRESENTATION_REPRESENTATION (  '', ( #2277 ), #1277 ) ;
#1913 = VERTEX_POINT ( 'NONE', #3455 ) ;
#1914 =( NAMED_UNIT ( * ) SI_UNIT ( $, .STERADIAN. ) SOLID_ANGLE_UNIT ( ) );
#1915 = PRESENTATION_LAYER_ASSIGNMENT (  '', '', ( #3817 ) ) ;
#1916 = CARTESIAN_POINT ( 'NONE',  ( 1.329178806024200500, -0.8627902589497648000, -0.7149122703230399400 ) ) ;
#1917 = LINE ( 'NONE', #1624, #193 ) ;
#1918 = ORIENTED_EDGE ( 'NONE', *, *, #1059, .T. ) ;
#1919 = ORIENTED_EDGE ( 'NONE', *, *, #3644, .F. ) ;
#1920 = EDGE_CURVE ( 'NONE', #1709, #3849, #2818, .T. ) ;
#1921 = EDGE_CURVE ( 'NONE', #569, #3541, #498, .T. ) ;
#1922 = PRESENTATION_STYLE_ASSIGNMENT (( #288 ) ) ;
#1923 = CARTESIAN_POINT ( 'NONE',  ( 1.303261606402508900, -0.6627902589497648400, 1.543164168412902700 ) ) ;
#1924 = DIRECTION ( 'NONE',  ( 0.0000000000000000000, 0.0000000000000000000, 1.000000000000000000 ) ) ;
#1925 = ORIENTED_EDGE ( 'NONE', *, *, #184, .F. ) ;
#1926 = CYLINDRICAL_SURFACE ( 'NONE', #371, 0.04000000000000010500 ) ;
#1927 = DIRECTION ( 'NONE',  ( 0.0000000000000000000, -0.0000000000000000000, 1.000000000000000000 ) ) ;
#1928 = CARTESIAN_POINT ( 'NONE',  ( -1.301019020266706000, -0.6972818053519425100, -0.7766378215905105400 ) ) ;
#1929 = CARTESIAN_POINT ( 'NONE',  ( 1.100000000000000100, -0.7499999999999990000, -1.599999999999999900 ) ) ;
#1930 = CARTESIAN_POINT ( 'NONE',  ( 0.0000000000000000000, -0.9000000000000000200, -6.505213034913026600E-017 ) ) ;
#1931 = DIRECTION ( 'NONE',  ( -0.06958737431666124600, -0.9951458157835086900, 0.06958737431666470200 ) ) ;
#1932 = EDGE_LOOP ( 'NONE', ( #3092, #3396 ) ) ;
#1933 = LINE ( 'NONE', #3144, #2915 ) ;
#1934 = EDGE_CURVE ( 'NONE', #3697, #3368, #4238, .T. ) ;
#1935 = CARTESIAN_POINT ( 'NONE',  ( 0.4000000000000000800, -1.219729649861163100E-015, 1.750000000000000200 ) ) ;
#1936 = FILL_AREA_STYLE_COLOUR ( '', #4009 ) ;
#1937 = ORIENTED_EDGE ( 'NONE', *, *, #2106, .F. ) ;
#1938 = DIRECTION ( 'NONE',  ( 0.0000000000000000000, -0.9914768167786819400, -0.1302832367974172100 ) ) ;
#1939 = DIRECTION ( 'NONE',  ( -1.000000000000000000, -0.0000000000000000000, -0.0000000000000000000 ) ) ;
#1940 = VECTOR ( 'NONE', #3579, 1000.000000000000000 ) ;
#1941 = PRODUCT_DEFINITION_FORMATION_WITH_SPECIFIED_SOURCE ( 'ANY', '', #4132, .NOT_KNOWN. ) ;
#1942 = MECHANICAL_DESIGN_GEOMETRIC_PRESENTATION_REPRESENTATION (  '', ( #2381 ), #2742 ) ;
#1943 = ADVANCED_FACE ( 'NONE', ( #2497 ), #3316, .F. ) ;
#1944 = AXIS2_PLACEMENT_3D ( 'NONE', #3215, #3858, #176 ) ;
#1945 = VECTOR ( 'NONE', #2569, 1000.000000000000000 ) ;
#1946 = FILL_AREA_STYLE_COLOUR ( '', #4109 ) ;
#1947 = DIRECTION ( 'NONE',  ( -1.000000000000000000, -0.0000000000000000000, -0.0000000000000000000 ) ) ;
#1948 =( GEOMETRIC_REPRESENTATION_CONTEXT ( 3 ) GLOBAL_UNCERTAINTY_ASSIGNED_CONTEXT ( ( #1509 ) ) GLOBAL_UNIT_ASSIGNED_CONTEXT ( ( #2179, #3831, #1168 ) ) REPRESENTATION_CONTEXT ( 'NONE', 'WORKASPACE' ) );
#1949 = EDGE_CURVE ( 'NONE', #1154, #2171, #2208, .T. ) ;
#1950 =( NAMED_UNIT ( * ) PLANE_ANGLE_UNIT ( ) SI_UNIT ( $, .RADIAN. ) );
#1951 = EDGE_CURVE ( 'NONE', #2151, #195, #1002, .T. ) ;
#1952 =( GEOMETRIC_REPRESENTATION_CONTEXT ( 3 ) GLOBAL_UNCERTAINTY_ASSIGNED_CONTEXT ( ( #3948 ) ) GLOBAL_UNIT_ASSIGNED_CONTEXT ( ( #3812, #170, #3160 ) ) REPRESENTATION_CONTEXT ( 'NONE', 'WORKASPACE' ) );
#1953 = VECTOR ( 'NONE', #3355, 1000.000000000000000 ) ;
#1954 = CIRCLE ( 'NONE', #1074, 0.04000000000000010500 ) ;
#1955 = ORIENTED_EDGE ( 'NONE', *, *, #3713, .F. ) ;
#1956 = SURFACE_SIDE_STYLE ('',( #1588 ) ) ;
#1957 = ORIENTED_EDGE ( 'NONE', *, *, #1617, .T. ) ;
#1958 = COLOUR_RGB ( '',0.7529411764705882200, 0.7529411764705882200, 0.7529411764705882200 ) ;
#1959 = SURFACE_SIDE_STYLE ('',( #4348 ) ) ;
#1960 = ORIENTED_EDGE ( 'NONE', *, *, #4065, .F. ) ;
#1961 = ADVANCED_FACE ( 'NONE', ( #1235 ), #2033, .T. ) ;
#1962 = COLOUR_RGB ( '',0.7529411764705882200, 0.7529411764705882200, 0.7529411764705882200 ) ;
#1963 = CARTESIAN_POINT ( 'NONE',  ( 1.100000000000000100, -0.1106085859236701400, 1.581776472421251300 ) ) ;
#1964 = COLOUR_RGB ( '',0.08235294117647058700, 0.08235294117647058700, 0.08235294117647058700 ) ;
#1965 = ORIENTED_EDGE ( 'NONE', *, *, #1221, .T. ) ;
#1966 = CARTESIAN_POINT ( 'NONE',  ( -0.7695551657249020100, 0.9399999999999998400, 1.530444834275098700 ) ) ;
#1967 = ADVANCED_FACE ( 'NONE', ( #3691 ), #2600, .T. ) ;
#1968 = DIRECTION ( 'NONE',  ( -1.000000000000000000, -0.0000000000000000000, -0.0000000000000000000 ) ) ;
#1969 = VECTOR ( 'NONE', #2913, 1000.000000000000000 ) ;
#1970 = UNCERTAINTY_MEASURE_WITH_UNIT (LENGTH_MEASURE( 1.000000000000000100E-005 ), #2638, 'distance_accuracy_value', 'NONE');
#1971 = VECTOR ( 'NONE', #1797, 1000.000000000000100 ) ;
#1972 = LINE ( 'NONE', #279, #3221 ) ;
#1973 = EDGE_LOOP ( 'NONE', ( #2115, #1116, #4237, #3853 ) ) ;
#1974 = FILL_AREA_STYLE_COLOUR ( '', #2519 ) ;
#1975 = VECTOR ( 'NONE', #425, 1000.000000000000000 ) ;
#1976 = AXIS2_PLACEMENT_3D ( 'NONE', #15, #3442, #1478 ) ;
#1977 = DIRECTION ( 'NONE',  ( -0.0000000000000000000, 1.000000000000000000, 3.510884260745492600E-017 ) ) ;
#1978 = AXIS2_PLACEMENT_3D ( 'NONE', #2860, #3166, #3869 ) ;
#1979 = DIRECTION ( 'NONE',  ( 0.0000000000000000000, -0.9975640502598242000, 0.06975647374412530200 ) ) ;
#1980 = LINE ( 'NONE', #2875, #4104 ) ;
#1981 = VERTEX_POINT ( 'NONE', #4197 ) ;
#1982 = DIRECTION ( 'NONE',  ( 0.0000000000000000000, -0.9986295347545739400, -0.05233595624294415400 ) ) ;
#1983 = MECHANICAL_DESIGN_GEOMETRIC_PRESENTATION_REPRESENTATION (  '', ( #739 ), #3672 ) ;
#1984 = SURFACE_STYLE_FILL_AREA ( #1590 ) ;
#1985 = VECTOR ( 'NONE', #1534, 1000.000000000000000 ) ;
#1986 = VERTEX_POINT ( 'NONE', #1923 ) ;
#1987 = CARTESIAN_POINT ( 'NONE',  ( 0.4000000000000000800, -0.1106085859236701400, 1.581776472421251300 ) ) ;
#1988 = DIRECTION ( 'NONE',  ( -1.000000000000000000, -0.0000000000000000000, -0.0000000000000000000 ) ) ;
#1989 = ADVANCED_FACE ( 'NONE', ( #1291 ), #107, .T. ) ;
#1990 = ORIENTED_EDGE ( 'NONE', *, *, #2500, .T. ) ;
#1991 = EDGE_CURVE ( 'NONE', #3314, #3534, #275, .T. ) ;
#1992 =( LENGTH_UNIT ( ) NAMED_UNIT ( * ) SI_UNIT ( .MILLI., .METRE. ) );
#1993 = VECTOR ( 'NONE', #4142, 1000.000000000000000 ) ;
#1994 = CARTESIAN_POINT ( 'NONE',  ( -0.4000000000000000800, 4.300749537507581400E-014, -1.164031684864866500E-027 ) ) ;
#1995 = CARTESIAN_POINT ( 'NONE',  ( 0.0000000000000000000, 0.9299999999999998300, 3.265122362493307300E-017 ) ) ;
#1996 = SURFACE_SIDE_STYLE ('',( #2084 ) ) ;
#1997 = DIRECTION ( 'NONE',  ( 0.0000000000000000000, -0.06975647374412430300, 0.9975640502598243100 ) ) ;
#1998 = VECTOR ( 'NONE', #1825, 1000.000000000000000 ) ;
#1999 = SURFACE_SIDE_STYLE ('',( #1042 ) ) ;
#2000 = DIRECTION ( 'NONE',  ( 0.0000000000000000000, 0.0000000000000000000, -1.000000000000000000 ) ) ;
#2001 = ORIENTED_EDGE ( 'NONE', *, *, #766, .F. ) ;
#2002 = CARTESIAN_POINT ( 'NONE',  ( 1.303261606402508700, -0.6599999999999999200, 1.503261606402509500 ) ) ;
#2003 = ORIENTED_EDGE ( 'NONE', *, *, #2832, .T. ) ;
#2004 = CARTESIAN_POINT ( 'NONE',  ( -1.383495311715524900, 0.1499999999999967700, -1.599999999999999400 ) ) ;
#2005 = AXIS2_PLACEMENT_3D ( 'NONE', #3622, #4349, #998 ) ;
#2006 = CARTESIAN_POINT ( 'NONE',  ( -1.100000000000000100, -0.7999314767377274600, -1.547383202187851700 ) ) ;
#2007 = CYLINDRICAL_SURFACE ( 'NONE', #952, 0.01000000000000005100 ) ;
#2008 = AXIS2_PLACEMENT_3D ( 'NONE', #1433, #3740, #4127 ) ;
#2009 = SURFACE_SIDE_STYLE ('',( #101 ) ) ;
#2010 = ADVANCED_FACE ( 'NONE', ( #1578 ), #814, .T. ) ;
#2011 = AXIS2_PLACEMENT_3D ( 'NONE', #1562, #1187, #903 ) ;
#2012 = CIRCLE ( 'NONE', #2378, 0.03999999999999999400 ) ;
#2013 = PRESENTATION_STYLE_ASSIGNMENT (( #1859 ) ) ;
#2014 = CARTESIAN_POINT ( 'NONE',  ( -1.100000000000000100, -0.01000000000000010300, 1.600000000000000300 ) ) ;
#2015 = AXIS2_PLACEMENT_3D ( 'NONE', #2201, #822, #499 ) ;
#2016 = EDGE_CURVE ( 'NONE', #478, #2243, #200, .T. ) ;
#2017 = EDGE_CURVE ( 'NONE', #1723, #1172, #1742, .T. ) ;
#2018 = ADVANCED_FACE ( 'NONE', ( #609 ), #2904, .F. ) ;
#2019 = CIRCLE ( 'NONE', #3545, 0.04000000000000010500 ) ;
#2020 = ORIENTED_EDGE ( 'NONE', *, *, #966, .T. ) ;
#2021 = EDGE_LOOP ( 'NONE', ( #3802, #445, #1699, #3606 ) ) ;
#2022 = DIRECTION ( 'NONE',  ( 0.0000000000000000000, -0.9975640502598242000, -0.06975647374412530200 ) ) ;
#2023 = VERTEX_POINT ( 'NONE', #527 ) ;
#2024 = CARTESIAN_POINT ( 'NONE',  ( 1.306757946999685100, 0.9499999999999998400, 3.335340047708217100E-017 ) ) ;
#2025 = EDGE_LOOP ( 'NONE', ( #2883, #2632, #4210 ) ) ;
#2026 = CARTESIAN_POINT ( 'NONE',  ( 1.341618753780707200, -0.6848907178330212500, -0.7606327937891767000 ) ) ;
#2027 = ORIENTED_EDGE ( 'NONE', *, *, #1166, .F. ) ;
#2028 =( NAMED_UNIT ( * ) PLANE_ANGLE_UNIT ( ) SI_UNIT ( $, .RADIAN. ) );
#2029 = DIRECTION ( 'NONE',  ( 0.0000000000000000000, 0.0000000000000000000, -1.000000000000000000 ) ) ;
#2030 = ORIENTED_EDGE ( 'NONE', *, *, #693, .T. ) ;
#2031 =( NAMED_UNIT ( * ) PLANE_ANGLE_UNIT ( ) SI_UNIT ( $, .RADIAN. ) );
#2032 = LINE ( 'NONE', #1879, #3081 ) ;
#2033 =( BOUNDED_SURFACE ( )  B_SPLINE_SURFACE ( 3, 2, ( 
 ( #1193, #834, #1905 ),
 ( #1222, #2848, #2517 ),
 ( #3530, #1871, #4221 ),
 ( #3857, #3181, #863 ) ),
 .UNSPECIFIED., .F., .F., .T. ) 
 B_SPLINE_SURFACE_WITH_KNOTS ( ( 4, 4 ),
 ( 3, 3 ),
 ( -1.776356839400250500E-015, 0.7829651709815160800 ),
 ( 0.0000000000000000000, 1.000000000000000000 ),
 .UNSPECIFIED. ) 
 GEOMETRIC_REPRESENTATION_ITEM ( )  RATIONAL_B_SPLINE_SURFACE ( (
 ( 1.000000000000000000, 0.7410841411501709600, 1.000000000000000000),
 ( 1.000000000000000000, 0.7411152969123049300, 1.000000000000000000),
 ( 1.000000000000000000, 0.7375771237222680200, 1.000000000000000000),
 ( 1.000000000000000000, 0.7313537016191721300, 1.000000000000000000) ) ) 
 REPRESENTATION_ITEM ( '' )  SURFACE ( )  );
#2034 = COLOUR_RGB ( '',0.7529411764705882200, 0.7529411764705882200, 0.7529411764705882200 ) ;
#2035 = EDGE_CURVE ( 'NONE', #1415, #3416, #1358, .T. ) ;
#2036 = ORIENTED_EDGE ( 'NONE', *, *, #131, .T. ) ;
#2037 = LINE ( 'NONE', #2912, #37 ) ;
#2038 = ORIENTED_EDGE ( 'NONE', *, *, #303, .F. ) ;
#2039 = STYLED_ITEM ( 'NONE', ( #167 ), #2333 ) ;
#2040 =( LENGTH_UNIT ( ) NAMED_UNIT ( * ) SI_UNIT ( .MILLI., .METRE. ) );
#2041 = COLOUR_RGB ( '',0.7529411764705882200, 0.7529411764705882200, 0.7529411764705882200 ) ;
#2042 = ADVANCED_FACE ( 'NONE', ( #4013 ), #657, .F. ) ;
#2043 = DIRECTION ( 'NONE',  ( -5.421010862427523000E-015, 1.000000000000000000, 0.0000000000000000000 ) ) ;
#2044 = ORIENTED_EDGE ( 'NONE', *, *, #3821, .F. ) ;
#2045 =( LENGTH_UNIT ( ) NAMED_UNIT ( * ) SI_UNIT ( .MILLI., .METRE. ) );
#2046 = AXIS2_PLACEMENT_3D ( 'NONE', #801, #3473, #4147 ) ;
#2047 =( NAMED_UNIT ( * ) SI_UNIT ( $, .STERADIAN. ) SOLID_ANGLE_UNIT ( ) );
#2048 = VECTOR ( 'NONE', #355, 1000.000000000000000 ) ;
#2049 = SURFACE_SIDE_STYLE ('',( #2164 ) ) ;
#2050 = DIRECTION ( 'NONE',  ( 0.0000000000000000000, -1.000000000000000000, -7.228014483236695800E-017 ) ) ;
#2051 = ORIENTED_EDGE ( 'NONE', *, *, #2956, .F. ) ;
#2052 = CARTESIAN_POINT ( 'NONE',  ( -1.306757946999685100, 0.9099999999999999200, -1.506757946999684800 ) ) ;
#2053 = LINE ( 'NONE', #2485, #4284 ) ;
#2054 = SURFACE_SIDE_STYLE ('',( #3249 ) ) ;
#2055 = ORIENTED_EDGE ( 'NONE', *, *, #3591, .F. ) ;
#2056 = UNCERTAINTY_MEASURE_WITH_UNIT (LENGTH_MEASURE( 1.000000000000000100E-005 ), #637, 'distance_accuracy_value', 'NONE');
#2057 =( NAMED_UNIT ( * ) PLANE_ANGLE_UNIT ( ) SI_UNIT ( $, .RADIAN. ) );
#2058 = CARTESIAN_POINT ( 'NONE',  ( -1.348718761972516500, 0.7499999999999997800, 1.518791840464722300 ) ) ;
#2059 = CARTESIAN_POINT ( 'NONE',  ( 1.399999999999999900, 0.1499999999999998600, 1.600000000000000300 ) ) ;
#2060 = PRESENTATION_LAYER_ASSIGNMENT (  '', '', ( #676 ) ) ;
#2061 = CARTESIAN_POINT ( 'NONE',  ( 1.100000000000000100, -0.7500000000000003300, 1.549999999999999400 ) ) ;
#2062 = PRESENTATION_STYLE_ASSIGNMENT (( #4323 ) ) ;
#2063 = ADVANCED_FACE ( 'NONE', ( #1418 ), #2007, .T. ) ;
#2064 = SURFACE_SIDE_STYLE ('',( #690 ) ) ;
#2065 = AXIS2_PLACEMENT_3D ( 'NONE', #835, #3172, #1178 ) ;
#2066 = COLOUR_RGB ( '',0.7529411764705882200, 0.7529411764705882200, 0.7529411764705882200 ) ;
#2067 = AXIS2_PLACEMENT_3D ( 'NONE', #1595, #2872, #889 ) ;
#2068 = DIRECTION ( 'NONE',  ( -1.000000000000000000, 0.0000000000000000000, 0.0000000000000000000 ) ) ;
#2069 = CARTESIAN_POINT ( 'NONE',  ( -0.4000000000000000800, 0.1499999999999998600, -1.599999999999999900 ) ) ;
#2070 = CARTESIAN_POINT ( 'NONE',  ( 0.4000000000000000800, -0.7654794829730877700, -0.8900000000000002400 ) ) ;
#2071 = LINE ( 'NONE', #2384, #278 ) ;
#2072 = AXIS2_PLACEMENT_3D ( 'NONE', #2470, #3105, #3120 ) ;
#2073 = ORIENTED_EDGE ( 'NONE', *, *, #1921, .T. ) ;
#2074 = EDGE_LOOP ( 'NONE', ( #1808, #3818, #3349, #2156, #2140, #881, #4032, #1897, #225, #1140, #1591 ) ) ;
#2075 = CARTESIAN_POINT ( 'NONE',  ( -1.303261606402508900, -0.6627902589497648400, 1.543164168412902700 ) ) ;
#2076 = ORIENTED_EDGE ( 'NONE', *, *, #20, .T. ) ;
#2077 = EDGE_CURVE ( 'NONE', #2223, #666, #3688, .T. ) ;
#2078 = EDGE_CURVE ( 'NONE', #459, #4138, #4234, .T. ) ;
#2079 = ORIENTED_EDGE ( 'NONE', *, *, #4150, .T. ) ;
#2080 = ORIENTED_EDGE ( 'NONE', *, *, #380, .F. ) ;
#2081 = DIRECTION ( 'NONE',  ( 0.0000000000000000000, 0.0000000000000000000, 1.000000000000000000 ) ) ;
#2082 = CARTESIAN_POINT ( 'NONE',  ( 0.4000000000000000800, -2.710505431213761100E-017, 1.600000000000000300 ) ) ;
#2083 = DIRECTION ( 'NONE',  ( 5.054320094942357000E-018, 0.0000000000000000000, -1.000000000000000000 ) ) ;
#2084 = SURFACE_STYLE_FILL_AREA ( #3612 ) ;
#2085 = ADVANCED_FACE ( 'NONE', ( #3575 ), #859, .T. ) ;
#2086 =( NAMED_UNIT ( * ) SI_UNIT ( $, .STERADIAN. ) SOLID_ANGLE_UNIT ( ) );
#2087 = ORIENTED_EDGE ( 'NONE', *, *, #1527, .F. ) ;
#2088 = CIRCLE ( 'NONE', #2623, 0.04000000000000010500 ) ;
#2089 =( BOUNDED_CURVE ( )  B_SPLINE_CURVE ( 3, ( #3653, #3686, #1708, #1691 ),
 .UNSPECIFIED., .F., .T. ) 
 B_SPLINE_CURVE_WITH_KNOTS ( ( 4, 4 ),
 ( 1.570796326794896300, 3.071779483510023400 ),
 .UNSPECIFIED. ) 
 CURVE ( )  GEOMETRIC_REPRESENTATION_ITEM ( )  RATIONAL_B_SPLINE_CURVE ( ( 1.000000000000000000, 0.8209024677461128600, 0.8209024677461128600, 1.000000000000000000 ) ) 
 REPRESENTATION_ITEM ( '' )  );
#2090 = CYLINDRICAL_SURFACE ( 'NONE', #2199, 0.01000000000000002600 ) ;
#2091 = ORIENTED_EDGE ( 'NONE', *, *, #473, .T. ) ;
#2092 =( LENGTH_UNIT ( ) NAMED_UNIT ( * ) SI_UNIT ( .MILLI., .METRE. ) );
#2093 = CYLINDRICAL_SURFACE ( 'NONE', #301, 0.03999999999999997300 ) ;
#2094 = EDGE_CURVE ( 'NONE', #3416, #2171, #2815, .T. ) ;
#2095 = PRESENTATION_STYLE_ASSIGNMENT (( #3219 ) ) ;
#2096 = VECTOR ( 'NONE', #2508, 999.9999999999998900 ) ;
#2097 = VERTEX_POINT ( 'NONE', #3513 ) ;
#2098 = FACE_OUTER_BOUND ( 'NONE', #2139, .T. ) ;
#2099 = DIRECTION ( 'NONE',  ( -5.054320094942372400E-018, 0.0000000000000000000, -1.000000000000000000 ) ) ;
#2100 =( NAMED_UNIT ( * ) SI_UNIT ( $, .STERADIAN. ) SOLID_ANGLE_UNIT ( ) );
#2101 = ORIENTED_EDGE ( 'NONE', *, *, #861, .T. ) ;
#2102 =( NAMED_UNIT ( * ) SI_UNIT ( $, .STERADIAN. ) SOLID_ANGLE_UNIT ( ) );
#2103 = CARTESIAN_POINT ( 'NONE',  ( 0.4000000000000000800, 0.1499999999999998600, -1.599999999999999900 ) ) ;
#2104 = PRESENTATION_LAYER_ASSIGNMENT (  '', '', ( #3524 ) ) ;
#2105 = EDGE_CURVE ( 'NONE', #2368, #185, #4126, .T. ) ;
#2106 = EDGE_CURVE ( 'NONE', #1285, #3882, #1740, .T. ) ;
#2107 = CARTESIAN_POINT ( 'NONE',  ( -1.100000000000000100, -0.7499999999999982200, -1.749999999999999800 ) ) ;
#2108 = FACE_OUTER_BOUND ( 'NONE', #2318, .T. ) ;
#2109 = CARTESIAN_POINT ( 'NONE',  ( -0.7488522611585564100, 0.7499999999999997800, 1.551147738841443600 ) ) ;
#2110 = ADVANCED_FACE ( 'NONE', ( #2359 ), #4363, .T. ) ;
#2111 = ORIENTED_EDGE ( 'NONE', *, *, #3469, .T. ) ;
#2112 =( NAMED_UNIT ( * ) SI_UNIT ( $, .STERADIAN. ) SOLID_ANGLE_UNIT ( ) );
#2113 = DIRECTION ( 'NONE',  ( -1.000000000000000000, 0.0000000000000000000, 5.421010862427508000E-015 ) ) ;
#2114 = CARTESIAN_POINT ( 'NONE',  ( 1.303261606402508900, -0.6999999999999998400, 0.7762062805697256300 ) ) ;
#2115 = ORIENTED_EDGE ( 'NONE', *, *, #766, .T. ) ;
#2116 = UNCERTAINTY_MEASURE_WITH_UNIT (LENGTH_MEASURE( 1.000000000000000100E-005 ), #2236, 'distance_accuracy_value', 'NONE');
#2117 = ORIENTED_EDGE ( 'NONE', *, *, #3525, .F. ) ;
#2118 = DIRECTION ( 'NONE',  ( 0.0000000000000000000, 1.000000000000000000, -2.706578643357732800E-014 ) ) ;
#2119 = VECTOR ( 'NONE', #3359, 1000.000000000000100 ) ;
#2120 = PLANE ( 'NONE',  #3045 ) ;
#2121 = ORIENTED_EDGE ( 'NONE', *, *, #2740, .T. ) ;
#2122 = ORIENTED_EDGE ( 'NONE', *, *, #3922, .F. ) ;
#2123 =( NAMED_UNIT ( * ) SI_UNIT ( $, .STERADIAN. ) SOLID_ANGLE_UNIT ( ) );
#2124 = STYLED_ITEM ( 'NONE', ( #3064 ), #1613 ) ;
#2125 = CIRCLE ( 'NONE', #1236, 0.01000000000000005100 ) ;
#2126 = CARTESIAN_POINT ( 'NONE',  ( -0.4000000000000000800, -0.7500000000000003300, 1.549999999999999400 ) ) ;
#2127 = CARTESIAN_POINT ( 'NONE',  ( -1.289276244013807700, -0.8599999999999999900, -0.7149122703230398300 ) ) ;
#2128 = ORIENTED_EDGE ( 'NONE', *, *, #1783, .F. ) ;
#2129 = CARTESIAN_POINT ( 'NONE',  ( -1.100000000000000100, -0.7499999999999994400, 1.549999999999999800 ) ) ;
#2130 = VERTEX_POINT ( 'NONE', #3625 ) ;
#2131 = EDGE_LOOP ( 'NONE', ( #1630, #3382, #1919, #1610 ) ) ;
#2132 = ORIENTED_EDGE ( 'NONE', *, *, #4180, .F. ) ;
#2133 = CARTESIAN_POINT ( 'NONE',  ( 1.303261606402508900, -0.6999999999999998400, -0.7762062805697254000 ) ) ;
#2134 =( NAMED_UNIT ( * ) SI_UNIT ( $, .STERADIAN. ) SOLID_ANGLE_UNIT ( ) );
#2135 = SURFACE_SIDE_STYLE ('',( #3143 ) ) ;
#2136 = LINE ( 'NONE', #2532, #1969 ) ;
#2137 = DIRECTION ( 'NONE',  ( 1.000000000000000000, 0.0000000000000000000, 0.0000000000000000000 ) ) ;
#2138 = DIRECTION ( 'NONE',  ( 5.054320094942372400E-018, 0.0000000000000000000, 1.000000000000000000 ) ) ;
#2139 = EDGE_LOOP ( 'NONE', ( #854, #3044, #3211, #1237 ) ) ;
#2140 = ORIENTED_EDGE ( 'NONE', *, *, #1868, .F. ) ;
#2141 = CARTESIAN_POINT ( 'NONE',  ( -1.392445380009731200, 0.2580360991770840900, 1.552542817999340600 ) ) ;
#2142 = PRESENTATION_STYLE_ASSIGNMENT (( #3996 ) ) ;
#2143 = CIRCLE ( 'NONE', #2274, 0.04999999999999991300 ) ;
#2144 = CARTESIAN_POINT ( 'NONE',  ( 1.343164168412901600, -0.6627902589497647300, 1.112928821056228100E-017 ) ) ;
#2145 = CARTESIAN_POINT ( 'NONE',  ( 0.4000000000000000800, -2.710505431213761100E-017, -1.590000000000000300 ) ) ;
#2146 = ORIENTED_EDGE ( 'NONE', *, *, #1153, .T. ) ;
#2147 =( GEOMETRIC_REPRESENTATION_CONTEXT ( 3 ) GLOBAL_UNCERTAINTY_ASSIGNED_CONTEXT ( ( #1810 ) ) GLOBAL_UNIT_ASSIGNED_CONTEXT ( ( #1198, #1180, #3516 ) ) REPRESENTATION_CONTEXT ( 'NONE', 'WORKASPACE' ) );
#2148 = DIRECTION ( 'NONE',  ( 0.9975640502598245300, 0.06975647374412168000, 5.042008025220318200E-018 ) ) ;
#2149 = DIRECTION ( 'NONE',  ( -1.000000000000000000, 0.0000000000000000000, -0.0000000000000000000 ) ) ;
#2150 = FACE_OUTER_BOUND ( 'NONE', #890, .T. ) ;
#2151 = VERTEX_POINT ( 'NONE', #3943 ) ;
#2152 = EDGE_CURVE ( 'NONE', #3312, #3570, #547, .T. ) ;
#2153 = EDGE_CURVE ( 'NONE', #1587, #3368, #4207, .T. ) ;
#2154 = CARTESIAN_POINT ( 'NONE',  ( 0.4000000000000000800, -0.1106085859236701400, -1.581776472421251300 ) ) ;
#2155 = DIRECTION ( 'NONE',  ( -1.000000000000000000, -0.0000000000000000000, -0.0000000000000000000 ) ) ;
#2156 = ORIENTED_EDGE ( 'NONE', *, *, #2393, .T. ) ;
#2157 =( BOUNDED_CURVE ( )  B_SPLINE_CURVE ( 3, ( #2133, #54, #1122, #3443 ),
 .UNSPECIFIED., .F., .T. ) 
 B_SPLINE_CURVE_WITH_KNOTS ( ( 4, 4 ),
 ( 0.4237839621644438100, 0.4845089079495523100 ),
 .UNSPECIFIED. ) 
 CURVE ( )  GEOMETRIC_REPRESENTATION_ITEM ( )  RATIONAL_B_SPLINE_CURVE ( ( 1.000000000000000000, 0.9996927303531767400, 0.9996927303531767400, 1.000000000000000000 ) ) 
 REPRESENTATION_ITEM ( '' )  );
#2158 = DIRECTION ( 'NONE',  ( -0.0000000000000000000, 0.1302832367974173000, 0.9914768167786820500 ) ) ;
#2159 = CARTESIAN_POINT ( 'NONE',  ( -1.303261606402509100, -0.6999999999999998400, 1.503261606402509500 ) ) ;
#2160 = CARTESIAN_POINT ( 'NONE',  ( 1.289276244013807500, -0.8599999999999999900, -6.216092455583559200E-017 ) ) ;
#2161 = CARTESIAN_POINT ( 'NONE',  ( -0.4000000000000000800, -0.9152739131862739400, -0.8821496065635586700 ) ) ;
#2162 = DIRECTION ( 'NONE',  ( 1.000000000000000000, 0.0000000000000000000, 0.0000000000000000000 ) ) ;
#2163 = CARTESIAN_POINT ( 'NONE',  ( 4.719241825133484000E-017, -0.8853553390593275100, 0.3853553390593274500 ) ) ;
#2164 = SURFACE_STYLE_FILL_AREA ( #681 ) ;
#2165 = FACE_OUTER_BOUND ( 'NONE', #2131, .T. ) ;
#2166 = ORIENTED_EDGE ( 'NONE', *, *, #1784, .T. ) ;
#2167 = DIRECTION ( 'NONE',  ( 0.06916478287887466200, 0.9891024766687781500, -0.1299712408843093600 ) ) ;
#2168 = ORIENTED_EDGE ( 'NONE', *, *, #4263, .F. ) ;
#2169 = MECHANICAL_DESIGN_GEOMETRIC_PRESENTATION_REPRESENTATION (  '', ( #153 ), #2882 ) ;
#2170 = VERTEX_POINT ( 'NONE', #622 ) ;
#2171 = VERTEX_POINT ( 'NONE', #4287 ) ;
#2172 = STYLED_ITEM ( 'NONE', ( #1684 ), #2262 ) ;
#2173 = DIRECTION ( 'NONE',  ( -0.7071067811865671100, 1.095209583345236900E-016, -0.7071067811865280300 ) ) ;
#2174 = CARTESIAN_POINT ( 'NONE',  ( 1.100000000000000100, -1.011922027653141700E-015, -1.750000000000000200 ) ) ;
#2175 = EDGE_LOOP ( 'NONE', ( #1660, #3304, #2385, #2952 ) ) ;
#2176 = STYLED_ITEM ( 'NONE', ( #1561 ), #4049 ) ;
#2177 = EDGE_CURVE ( 'NONE', #2170, #3851, #2504, .T. ) ;
#2178 = EDGE_CURVE ( 'NONE', #1196, #1399, #1464, .T. ) ;
#2179 =( LENGTH_UNIT ( ) NAMED_UNIT ( * ) SI_UNIT ( .MILLI., .METRE. ) );
#2180 = VECTOR ( 'NONE', #230, 1000.000000000000100 ) ;
#2181 = AXIS2_PLACEMENT_3D ( 'NONE', #198, #2254, #2604 ) ;
#2182 = CARTESIAN_POINT ( 'NONE',  ( -0.4000000000000000800, -4.743384504624390000E-017, 1.589510978208473300 ) ) ;
#2183 = CYLINDRICAL_SURFACE ( 'NONE', #1013, 0.01000000000000001400 ) ;
#2184 = VERTEX_POINT ( 'NONE', #1284 ) ;
#2185 = DIRECTION ( 'NONE',  ( 0.0000000000000000000, 0.0000000000000000000, -1.000000000000000000 ) ) ;
#2186 = SURFACE_STYLE_FILL_AREA ( #4174 ) ;
#2187 = EDGE_LOOP ( 'NONE', ( #2525, #958, #3289, #1019 ) ) ;
#2188 = DIRECTION ( 'NONE',  ( -0.7071067811865259200, 0.0000000000000000000, 0.7071067811865693300 ) ) ;
#2189 = LINE ( 'NONE', #1963, #1326 ) ;
#2190 = ORIENTED_EDGE ( 'NONE', *, *, #3021, .F. ) ;
#2191 = CARTESIAN_POINT ( 'NONE',  ( 1.306757946999685100, 0.9127902589497648400, -1.546660509010077800 ) ) ;
#2192 = ORIENTED_EDGE ( 'NONE', *, *, #3035, .F. ) ;
#2193 = CARTESIAN_POINT ( 'NONE',  ( -1.326576847459313400, -0.9000000000000000200, 0.7149122703230401700 ) ) ;
#2194 = PRESENTATION_LAYER_ASSIGNMENT (  '', '', ( #3810 ) ) ;
#2195 = CARTESIAN_POINT ( 'NONE',  ( -1.100000000000000100, -0.9497259069509144100, 1.539532808751409300 ) ) ;
#2196 = CARTESIAN_POINT ( 'NONE',  ( -1.346660509010078300, 0.9127902589497648400, 0.9491729958687893400 ) ) ;
#2197 = CARTESIAN_POINT ( 'NONE',  ( 1.362930255656723500, 0.1066985610266445300, -1.562930255656726200 ) ) ;
#2198 = ORIENTED_EDGE ( 'NONE', *, *, #4404, .T. ) ;
#2199 = AXIS2_PLACEMENT_3D ( 'NONE', #3241, #2622, #2951 ) ;
#2200 = SPHERICAL_SURFACE ( 'NONE', #2763, 0.04000000000000000100 ) ;
#2201 = CARTESIAN_POINT ( 'NONE',  ( 1.289276244013807500, -0.8599999999999999900, 0.7149122703230401700 ) ) ;
#2202 = DIRECTION ( 'NONE',  ( 1.000000000000000000, 0.0000000000000000000, 0.0000000000000000000 ) ) ;
#2203 = EDGE_LOOP ( 'NONE', ( #1364, #1874, #4097, #4094 ) ) ;
#2204 = EDGE_CURVE ( 'NONE', #3132, #3238, #3310, .T. ) ;
#2205 = ORIENTED_EDGE ( 'NONE', *, *, #1934, .T. ) ;
#2206 = SURFACE_STYLE_USAGE ( .BOTH. , #115 ) ;
#2207 = UNCERTAINTY_MEASURE_WITH_UNIT (LENGTH_MEASURE( 1.000000000000000100E-005 ), #546, 'distance_accuracy_value', 'NONE');
#2208 = LINE ( 'NONE', #4251, #1845 ) ;
#2209 = CARTESIAN_POINT ( 'NONE',  ( 1.399999999999999900, -0.6999999999999998400, -1.503261606402509500 ) ) ;
#2210 = LINE ( 'NONE', #1031, #1745 ) ;
#2211 = LINE ( 'NONE', #3408, #1469 ) ;
#2212 = PLANE ( 'NONE',  #331 ) ;
#2213 = FACE_OUTER_BOUND ( 'NONE', #809, .T. ) ;
#2214 = ORIENTED_EDGE ( 'NONE', *, *, #3999, .F. ) ;
#2215 = CARTESIAN_POINT ( 'NONE',  ( 0.4000000000000000800, -9.376883653928696500E-016, 1.600000000000000300 ) ) ;
#2216 = CARTESIAN_POINT ( 'NONE',  ( -1.100000000000000100, -0.8666620586815847500, -0.04541983388437101400 ) ) ;
#2217 = ORIENTED_EDGE ( 'NONE', *, *, #87, .F. ) ;
#2218 = AXIS2_PLACEMENT_3D ( 'NONE', #135, #516, #2538 ) ;
#2219 = ORIENTED_EDGE ( 'NONE', *, *, #3974, .F. ) ;
#2220 = DIRECTION ( 'NONE',  ( -1.000000000000000000, -0.0000000000000000000, -0.0000000000000000000 ) ) ;
#2221 = ORIENTED_EDGE ( 'NONE', *, *, #3231, .T. ) ;
#2222 = DIRECTION ( 'NONE',  ( 5.421010862427508000E-015, 0.0000000000000000000, 1.000000000000000000 ) ) ;
#2223 = VERTEX_POINT ( 'NONE', #4307 ) ;
#2224 = AXIS2_PLACEMENT_3D ( 'NONE', #2126, #3085, #711 ) ;
#2225 = DIRECTION ( 'NONE',  ( -0.0000000000000000000, 1.000000000000000000, 7.228014483236695800E-017 ) ) ;
#2226 = AXIS2_PLACEMENT_3D ( 'NONE', #3951, #3795, #1483 ) ;
#2227 = FILL_AREA_STYLE_COLOUR ( '', #4043 ) ;
#2228 = CARTESIAN_POINT ( 'NONE',  ( -1.100000000000000100, 0.1499999999999998600, -1.599999999999999900 ) ) ;
#2229 = AXIS2_PLACEMENT_3D ( 'NONE', #1286, #1977, #3595 ) ;
#2230 = EDGE_CURVE ( 'NONE', #1697, #1172, #3111, .T. ) ;
#2231 = LINE ( 'NONE', #2059, #3862 ) ;
#2232 = EDGE_CURVE ( 'NONE', #1142, #2243, #2258, .T. ) ;
#2233 = ORIENTED_EDGE ( 'NONE', *, *, #997, .F. ) ;
#2234 = ORIENTED_EDGE ( 'NONE', *, *, #827, .F. ) ;
#2235 = CARTESIAN_POINT ( 'NONE',  ( 1.399999999999999900, -0.6600000000000000300, -1.503261606402509500 ) ) ;
#2236 =( LENGTH_UNIT ( ) NAMED_UNIT ( * ) SI_UNIT ( .MILLI., .METRE. ) );
#2237 = UNCERTAINTY_MEASURE_WITH_UNIT (LENGTH_MEASURE( 1.000000000000000100E-005 ), #97, 'distance_accuracy_value', 'NONE');
#2238 = COLOUR_RGB ( '',0.7529411764705882200, 0.7529411764705882200, 0.7529411764705882200 ) ;
#2239 = LINE ( 'NONE', #138, #1985 ) ;
#2240 = FILL_AREA_STYLE ('',( #168 ) ) ;
#2241 = DIRECTION ( 'NONE',  ( -1.000000000000000000, 0.0000000000000000000, 0.0000000000000000000 ) ) ;
#2242 = DIRECTION ( 'NONE',  ( 1.000000000000000000, -0.0000000000000000000, -0.0000000000000000000 ) ) ;
#2243 = VERTEX_POINT ( 'NONE', #2943 ) ;
#2244 = FILL_AREA_STYLE_COLOUR ( '', #150 ) ;
#2245 = VECTOR ( 'NONE', #1139, 1000.000000000000000 ) ;
#2246 = DIRECTION ( 'NONE',  ( -1.000000000000000000, 0.0000000000000000000, 0.0000000000000000000 ) ) ;
#2247 = ADVANCED_FACE ( 'NONE', ( #4183 ), #1599, .T. ) ;
#2248 = EDGE_CURVE ( 'NONE', #3063, #243, #3412, .T. ) ;
#2249 = SPHERICAL_SURFACE ( 'NONE', #1492, 0.04000000000000000100 ) ;
#2250 = AXIS2_PLACEMENT_3D ( 'NONE', #1631, #864, #1892 ) ;
#2251 = CARTESIAN_POINT ( 'NONE',  ( -0.4000000000000000800, -0.9497259069509139700, -1.539532808751409300 ) ) ;
#2252 = CARTESIAN_POINT ( 'NONE',  ( 1.362930255656723500, 0.1066985610266445200, 1.562930255656726600 ) ) ;
#2253 = EDGE_LOOP ( 'NONE', ( #2146, #1575, #4086, #3262 ) ) ;
#2254 = DIRECTION ( 'NONE',  ( 0.06958737431666109400, 0.9951458157835090200, 0.06958737431666113500 ) ) ;
#2255 =( LENGTH_UNIT ( ) NAMED_UNIT ( * ) SI_UNIT ( .MILLI., .METRE. ) );
#2256 = FILL_AREA_STYLE_COLOUR ( '', #474 ) ;
#2257 = PRESENTATION_LAYER_ASSIGNMENT (  '', '', ( #1581 ) ) ;
#2258 = LINE ( 'NONE', #920, #1026 ) ;
#2259 = DIRECTION ( 'NONE',  ( -1.000000000000000000, 0.0000000000000000000, -0.0000000000000000000 ) ) ;
#2260 = FILL_AREA_STYLE ('',( #1585 ) ) ;
#2261 = UNCERTAINTY_MEASURE_WITH_UNIT (LENGTH_MEASURE( 1.000000000000000100E-005 ), #665, 'distance_accuracy_value', 'NONE');
#2262 = ADVANCED_FACE ( 'NONE', ( #1230 ), #2873, .F. ) ;
#2263 = CARTESIAN_POINT ( 'NONE',  ( -0.4000000000000000800, -0.1106085859236701400, -1.581776472421251300 ) ) ;
#2264 = CARTESIAN_POINT ( 'NONE',  ( -1.346680684857153300, 0.9125017308942943200, 0.9533193151428470700 ) ) ;
#2265 = CYLINDRICAL_SURFACE ( 'NONE', #1077, 0.04000000000000010500 ) ;
#2266 = ORIENTED_EDGE ( 'NONE', *, *, #4235, .T. ) ;
#2267 = VERTEX_POINT ( 'NONE', #1337 ) ;
#2268 = ADVANCED_FACE ( 'NONE', ( #2764 ), #3704, .T. ) ;
#2269 =( LENGTH_UNIT ( ) NAMED_UNIT ( * ) SI_UNIT ( .MILLI., .METRE. ) );
#2270 = LINE ( 'NONE', #458, #1645 ) ;
#2271 = EDGE_LOOP ( 'NONE', ( #2121, #1091, #1901, #4199 ) ) ;
#2272 = STYLED_ITEM ( 'NONE', ( #2427 ), #4338 ) ;
#2273 = AXIS2_PLACEMENT_3D ( 'NONE', #3563, #147, #2291 ) ;
#2274 = AXIS2_PLACEMENT_3D ( 'NONE', #2481, #3436, #4192 ) ;
#2275 = FACE_OUTER_BOUND ( 'NONE', #2336, .T. ) ;
#2276 = CARTESIAN_POINT ( 'NONE',  ( -0.4000000000000000800, -0.9497259069509144100, 1.539532808751409300 ) ) ;
#2277 = STYLED_ITEM ( 'NONE', ( #2987 ), #1354 ) ;
#2278 = ORIENTED_EDGE ( 'NONE', *, *, #1920, .T. ) ;
#2279 = DIRECTION ( 'NONE',  ( 0.0000000000000000000, 1.000000000000000000, -5.421010862427523000E-015 ) ) ;
#2280 = PRESENTATION_LAYER_ASSIGNMENT (  '', '', ( #536 ) ) ;
#2281 = VECTOR ( 'NONE', #247, 1000.000000000000000 ) ;
#2282 = CARTESIAN_POINT ( 'NONE',  ( -1.399999999999999900, 0.1499999999999605000, 5.266326391116851500E-018 ) ) ;
#2283 = COLOUR_RGB ( '',0.08235294117647058700, 0.08235294117647058700, 0.08235294117647058700 ) ;
#2284 = ADVANCED_FACE ( 'NONE', ( #1348 ), #4230, .T. ) ;
#2285 = EDGE_LOOP ( 'NONE', ( #1437, #256, #2926, #2477, #66, #2782, #895, #1, #3801, #1589, #3204 ) ) ;
#2286 = EDGE_CURVE ( 'NONE', #3541, #3234, #4074, .T. ) ;
#2287 = UNCERTAINTY_MEASURE_WITH_UNIT (LENGTH_MEASURE( 1.000000000000000100E-005 ), #2045, 'distance_accuracy_value', 'NONE');
#2288 = EDGE_CURVE ( 'NONE', #3188, #2097, #856, .T. ) ;
#2289 = FACE_OUTER_BOUND ( 'NONE', #3698, .T. ) ;
#2290 =( NAMED_UNIT ( * ) PLANE_ANGLE_UNIT ( ) SI_UNIT ( $, .RADIAN. ) );
#2291 = DIRECTION ( 'NONE',  ( 0.7071067811865474600, 0.0000000000000000000, -0.7071067811865474600 ) ) ;
#2292 = ORIENTED_EDGE ( 'NONE', *, *, #233, .F. ) ;
#2293 = FILL_AREA_STYLE_COLOUR ( '', #1488 ) ;
#2294 = LINE ( 'NONE', #4258, #1396 ) ;
#2295 =( LENGTH_UNIT ( ) NAMED_UNIT ( * ) SI_UNIT ( .MILLI., .METRE. ) );
#2296 = CARTESIAN_POINT ( 'NONE',  ( 0.0000000000000000000, -0.9000000000000000200, -6.505213034913026600E-017 ) ) ;
#2297 = LINE ( 'NONE', #3786, #381 ) ;
#2298 = SURFACE_STYLE_FILL_AREA ( #3372 ) ;
#2299 = CARTESIAN_POINT ( 'NONE',  ( -1.399999999999999900, 0.1499999999999605500, -1.560097437989609500 ) ) ;
#2300 = EDGE_CURVE ( 'NONE', #3752, #1986, #1416, .T. ) ;
#2301 = SURFACE_STYLE_USAGE ( .BOTH. , #1956 ) ;
#2302 = EDGE_LOOP ( 'NONE', ( #2682, #2665, #291, #2914 ) ) ;
#2303 = CARTESIAN_POINT ( 'NONE',  ( -1.328596652881942800, -0.2976919556993128900, -1.528596652881944800 ) ) ;
#2304 = AXIS2_PLACEMENT_3D ( 'NONE', #4003, #2356, #1030 ) ;
#2305 = FILL_AREA_STYLE ('',( #1655 ) ) ;
#2306 = ADVANCED_FACE ( 'NONE', ( #4353 ), #1690, .T. ) ;
#2307 = ORIENTED_EDGE ( 'NONE', *, *, #3095, .T. ) ;
#2308 = PRESENTATION_LAYER_ASSIGNMENT (  '', '', ( #3161 ) ) ;
#2309 = EDGE_LOOP ( 'NONE', ( #1310, #3754, #2792 ) ) ;
#2310 = CARTESIAN_POINT ( 'NONE',  ( -0.7861709851884494100, 0.9399999999999997200, 1.513829014811550700 ) ) ;
#2311 = AXIS2_PLACEMENT_3D ( 'NONE', #468, #514, #3845 ) ;
#2312 = PRESENTATION_STYLE_ASSIGNMENT (( #528 ) ) ;
#2313 = EDGE_CURVE ( 'NONE', #2433, #3238, #270, .T. ) ;
#2314 = ADVANCED_FACE ( 'NONE', ( #325 ), #53, .T. ) ;
#2315 = ORIENTED_EDGE ( 'NONE', *, *, #3444, .T. ) ;
#2316 = CIRCLE ( 'NONE', #4250, 0.03999999999999997300 ) ;
#2317 =( NAMED_UNIT ( * ) PLANE_ANGLE_UNIT ( ) SI_UNIT ( $, .RADIAN. ) );
#2318 = EDGE_LOOP ( 'NONE', ( #43, #870, #510 ) ) ;
#2319 = DIRECTION ( 'NONE',  ( 0.06958737431667387500, -0.9951458157835083600, 0.06958737431665861000 ) ) ;
#2320 = DIRECTION ( 'NONE',  ( 0.0000000000000000000, -5.782411586589377400E-016, 1.000000000000000000 ) ) ;
#2321 = FACE_OUTER_BOUND ( 'NONE', #1695, .T. ) ;
#2322 = DIRECTION ( 'NONE',  ( 0.0000000000000000000, -0.9986295347545739400, -0.05233595624294431300 ) ) ;
#2323 = EDGE_LOOP ( 'NONE', ( #3077, #3760, #3590, #180 ) ) ;
#2324 = ORIENTED_EDGE ( 'NONE', *, *, #1629, .T. ) ;
#2325 = SURFACE_STYLE_FILL_AREA ( #2305 ) ;
#2326 = FILL_AREA_STYLE ('',( #273 ) ) ;
#2327 = ORIENTED_EDGE ( 'NONE', *, *, #87, .T. ) ;
#2328 = CARTESIAN_POINT ( 'NONE',  ( -1.360097437989604300, 0.1499999999999998600, -1.599999999999999900 ) ) ;
#2329 = CARTESIAN_POINT ( 'NONE',  ( 1.100000000000000100, -9.376883653928702400E-016, -1.600000000000000300 ) ) ;
#2330 = CARTESIAN_POINT ( 'NONE',  ( -0.4000000000000000800, -1.011922027653141700E-015, -1.750000000000000200 ) ) ;
#2331 = PRESENTATION_LAYER_ASSIGNMENT (  '', '', ( #2124 ) ) ;
#2332 = DIRECTION ( 'NONE',  ( -1.084202172485504600E-014, -1.000000000000000000, 0.0000000000000000000 ) ) ;
#2333 = ADVANCED_FACE ( 'NONE', ( #603 ), #1806, .T. ) ;
#2334 =( LENGTH_UNIT ( ) NAMED_UNIT ( * ) SI_UNIT ( .MILLI., .METRE. ) );
#2335 = LINE ( 'NONE', #4303, #1441 ) ;
#2336 = EDGE_LOOP ( 'NONE', ( #2389, #539, #3124, #3725 ) ) ;
#2337 = CIRCLE ( 'NONE', #4298, 0.3853553390593275600 ) ;
#2338 = CARTESIAN_POINT ( 'NONE',  ( -0.7533193151428465600, 0.9125017308942940900, 1.546680684857153300 ) ) ;
#2339 = AXIS2_PLACEMENT_3D ( 'NONE', #2725, #347, #1402 ) ;
#2340 = UNCERTAINTY_MEASURE_WITH_UNIT (LENGTH_MEASURE( 1.000000000000000100E-005 ), #313, 'distance_accuracy_value', 'NONE');
#2341 = COLOUR_RGB ( '',0.7529411764705882200, 0.7529411764705882200, 0.7529411764705882200 ) ;
#2342 = CARTESIAN_POINT ( 'NONE',  ( -1.355260970835280100, 0.7475630353279858500, 0.9447390291647201900 ) ) ;
#2343 = EDGE_LOOP ( 'NONE', ( #1666, #361, #1259, #4129 ) ) ;
#2344 = CYLINDRICAL_SURFACE ( 'NONE', #2011, 0.1499999999999999700 ) ;
#2345 = DIRECTION ( 'NONE',  ( 0.0000000000000000000, -0.9986295347545739400, -0.05233595624294358500 ) ) ;
#2346 = DIRECTION ( 'NONE',  ( 0.0000000000000000000, 0.05233595624294358500, -0.9986295347545739400 ) ) ;
#2347 = APPLICATION_CONTEXT ( 'automotive_design' ) ;
#2348 = FILL_AREA_STYLE ('',( #3777 ) ) ;
#2349 = DIRECTION ( 'NONE',  ( 0.0000000000000000000, 0.0000000000000000000, 1.000000000000000000 ) ) ;
#2350 =( NAMED_UNIT ( * ) SI_UNIT ( $, .STERADIAN. ) SOLID_ANGLE_UNIT ( ) );
#2351 = ORIENTED_EDGE ( 'NONE', *, *, #3791, .F. ) ;
#2352 = CARTESIAN_POINT ( 'NONE',  ( 1.100000000000000100, -0.9152739131862743800, 0.8821496065635587900 ) ) ;
#2353 = ORIENTED_EDGE ( 'NONE', *, *, #3540, .T. ) ;
#2354 =( NAMED_UNIT ( * ) SI_UNIT ( $, .STERADIAN. ) SOLID_ANGLE_UNIT ( ) );
#2355 = STYLED_ITEM ( 'NONE', ( #1716 ), #343 ) ;
#2356 = DIRECTION ( 'NONE',  ( 0.0000000000000000000, 1.000000000000000000, -2.771354444913080200E-014 ) ) ;
#2357 = DIRECTION ( 'NONE',  ( 0.0000000000000000000, 0.0000000000000000000, 1.000000000000000000 ) ) ;
#2358 = CARTESIAN_POINT ( 'NONE',  ( -1.100000000000000100, -0.7499999999999998900, -1.549999999999999400 ) ) ;
#2359 = FACE_OUTER_BOUND ( 'NONE', #4372, .T. ) ;
#2360 = STYLED_ITEM ( 'NONE', ( #1028 ), #1323 ) ;
#2361 = DIRECTION ( 'NONE',  ( 1.000000000000000000, 0.0000000000000000000, 0.0000000000000000000 ) ) ;
#2362 = FILL_AREA_STYLE_COLOUR ( '', #82 ) ;
#2363 = CARTESIAN_POINT ( 'NONE',  ( -1.358043912833893300, 0.7499999999999997800, 1.518791840464722300 ) ) ;
#2364 =( NAMED_UNIT ( * ) PLANE_ANGLE_UNIT ( ) SI_UNIT ( $, .RADIAN. ) );
#2365 = EDGE_CURVE ( 'NONE', #3626, #2267, #4280, .T. ) ;
#2366 = EDGE_CURVE ( 'NONE', #243, #578, #1452, .T. ) ;
#2367 = VERTEX_POINT ( 'NONE', #3112 ) ;
#2368 = VERTEX_POINT ( 'NONE', #4118 ) ;
#2369 = VECTOR ( 'NONE', #2619, 1000.000000000000000 ) ;
#2370 = SURFACE_SIDE_STYLE ('',( #1890 ) ) ;
#2371 = VERTEX_POINT ( 'NONE', #63 ) ;
#2372 = DIRECTION ( 'NONE',  ( -1.000000000000000000, 0.0000000000000000000, 0.0000000000000000000 ) ) ;
#2373 = ADVANCED_FACE ( 'NONE', ( #1070 ), #1459, .F. ) ;
#2374 = FILL_AREA_STYLE_COLOUR ( '', #2811 ) ;
#2375 = ORIENTED_EDGE ( 'NONE', *, *, #2300, .T. ) ;
#2376 = DIRECTION ( 'NONE',  ( 1.000000000000000000, 0.0000000000000000000, 0.0000000000000000000 ) ) ;
#2377 = FILL_AREA_STYLE_COLOUR ( '', #550 ) ;
#2378 = AXIS2_PLACEMENT_3D ( 'NONE', #1351, #1338, #3342 ) ;
#2379 = VERTEX_POINT ( 'NONE', #3073 ) ;
#2380 = CIRCLE ( 'NONE', #3841, 0.03999999999999997300 ) ;
#2381 = STYLED_ITEM ( 'NONE', ( #1127 ), #658 ) ;
#2382 = DIRECTION ( 'NONE',  ( -1.000000000000000000, -0.0000000000000000000, 0.0000000000000000000 ) ) ;
#2383 =( NAMED_UNIT ( * ) PLANE_ANGLE_UNIT ( ) SI_UNIT ( $, .RADIAN. ) );
#2384 = CARTESIAN_POINT ( 'NONE',  ( 4.898587196589413100E-017, -0.9000000000000000200, 0.3999999999999999700 ) ) ;
#2385 = ORIENTED_EDGE ( 'NONE', *, *, #2177, .F. ) ;
#2386 = AXIS2_PLACEMENT_3D ( 'NONE', #3522, #4281, #4218 ) ;
#2387 = CARTESIAN_POINT ( 'NONE',  ( -1.100000000000000100, -2.048717462672063800E-017, -1.589510978208473300 ) ) ;
#2388 = FACE_OUTER_BOUND ( 'NONE', #2954, .T. ) ;
#2389 = ORIENTED_EDGE ( 'NONE', *, *, #1281, .T. ) ;
#2390 = AXIS2_PLACEMENT_3D ( 'NONE', #1497, #2846, #2862 ) ;
#2391 = FILL_AREA_STYLE ('',( #2362 ) ) ;
#2392 = UNCERTAINTY_MEASURE_WITH_UNIT (LENGTH_MEASURE( 1.000000000000000100E-005 ), #56, 'distance_accuracy_value', 'NONE');
#2393 = EDGE_CURVE ( 'NONE', #1480, #1206, #92, .T. ) ;
#2394 = VECTOR ( 'NONE', #1149, 1000.000000000000000 ) ;
#2395 =( GEOMETRIC_REPRESENTATION_CONTEXT ( 3 ) GLOBAL_UNCERTAINTY_ASSIGNED_CONTEXT ( ( #3224 ) ) GLOBAL_UNIT_ASSIGNED_CONTEXT ( ( #928, #210, #2578 ) ) REPRESENTATION_CONTEXT ( 'NONE', 'WORKASPACE' ) );
#2396 = DIRECTION ( 'NONE',  ( 0.0000000000000000000, 0.0000000000000000000, -1.000000000000000000 ) ) ;
#2397 = ORIENTED_EDGE ( 'NONE', *, *, #707, .T. ) ;
#2398 = ADVANCED_FACE ( 'NONE', ( #1557 ), #104, .T. ) ;
#2399 =( NAMED_UNIT ( * ) PLANE_ANGLE_UNIT ( ) SI_UNIT ( $, .RADIAN. ) );
#2400 = CARTESIAN_POINT ( 'NONE',  ( 1.287033657878004600, -0.8972818053519426900, -0.7503571795033441300 ) ) ;
#2401 = DIRECTION ( 'NONE',  ( -1.000000000000000000, 0.0000000000000000000, -0.0000000000000000000 ) ) ;
#2402 = PLANE ( 'NONE',  #2390 ) ;
#2403 = EDGE_LOOP ( 'NONE', ( #137, #3664, #1455, #2724, #3617, #1389, #2079, #4025, #3775, #3323, #2536 ) ) ;
#2404 = DIRECTION ( 'NONE',  ( 0.0000000000000000000, 0.0000000000000000000, -1.000000000000000000 ) ) ;
#2405 = ORIENTED_EDGE ( 'NONE', *, *, #3145, .F. ) ;
#2406 = CARTESIAN_POINT ( 'NONE',  ( -1.341618753780707200, -0.6848907178330213600, -0.7606327937891767000 ) ) ;
#2407 = PRESENTATION_STYLE_ASSIGNMENT (( #1482 ) ) ;
#2408 = CARTESIAN_POINT ( 'NONE',  ( -0.4000000000000000800, -0.04861185450468942500, 0.9275694404479295500 ) ) ;
#2409 = UNCERTAINTY_MEASURE_WITH_UNIT (LENGTH_MEASURE( 1.000000000000000100E-005 ), #2040, 'distance_accuracy_value', 'NONE');
#2410 = FILL_AREA_STYLE ('',( #3357 ) ) ;
#2411 = VERTEX_POINT ( 'NONE', #3453 ) ;
#2412 = STYLED_ITEM ( 'NONE', ( #4084 ), #1294 ) ;
#2413 = ADVANCED_FACE ( 'NONE', ( #3504 ), #2212, .F. ) ;
#2414 = SURFACE_STYLE_USAGE ( .BOTH. , #716 ) ;
#2415 = LINE ( 'NONE', #2193, #4304 ) ;
#2416 = EDGE_LOOP ( 'NONE', ( #335, #1771, #1427, #873 ) ) ;
#2417 = AXIS2_PLACEMENT_3D ( 'NONE', #2706, #696, #1431 ) ;
#2418 = ORIENTED_EDGE ( 'NONE', *, *, #3901, .T. ) ;
#2419 = ORIENTED_EDGE ( 'NONE', *, *, #3022, .F. ) ;
#2420 = CARTESIAN_POINT ( 'NONE',  ( 0.4000000000000000800, -2.710505431213761100E-017, 1.600000000000000300 ) ) ;
#2421 = EDGE_CURVE ( 'NONE', #2823, #1623, #1726, .T. ) ;
#2422 = LINE ( 'NONE', #1621, #1041 ) ;
#2423 = EDGE_LOOP ( 'NONE', ( #2080, #679, #2867, #3121 ) ) ;
#2424 = DIRECTION ( 'NONE',  ( 0.0000000000000000000, -2.771354444913079900E-014, -1.000000000000000000 ) ) ;
#2425 = CARTESIAN_POINT ( 'NONE',  ( 1.100000000000000100, -0.7654794829730883200, 0.8900000000000003500 ) ) ;
#2426 = CYLINDRICAL_SURFACE ( 'NONE', #4026, 0.04000000000000010500 ) ;
#2427 = PRESENTATION_STYLE_ASSIGNMENT (( #647 ) ) ;
#2428 = DIRECTION ( 'NONE',  ( 0.0000000000000000000, -0.9975640502598243100, -0.06975647374412541300 ) ) ;
#2429 = PRESENTATION_STYLE_ASSIGNMENT (( #860 ) ) ;
#2430 = ORIENTED_EDGE ( 'NONE', *, *, #3469, .F. ) ;
#2431 = LINE ( 'NONE', #719, #1107 ) ;
#2432 =( GEOMETRIC_REPRESENTATION_CONTEXT ( 3 ) GLOBAL_UNCERTAINTY_ASSIGNED_CONTEXT ( ( #537 ) ) GLOBAL_UNIT_ASSIGNED_CONTEXT ( ( #1559, #3860, #532 ) ) REPRESENTATION_CONTEXT ( 'NONE', 'WORKASPACE' ) );
#2433 = VERTEX_POINT ( 'NONE', #2159 ) ;
#2434 = CIRCLE ( 'NONE', #454, 0.04999999999999969700 ) ;
#2435 = AXIS2_PLACEMENT_3D ( 'NONE', #2680, #1390, #4057 ) ;
#2436 = EDGE_CURVE ( 'NONE', #3629, #2787, #1673, .T. ) ;
#2437 = EDGE_CURVE ( 'NONE', #1007, #614, #1401, .T. ) ;
#2438 =( NAMED_UNIT ( * ) PLANE_ANGLE_UNIT ( ) SI_UNIT ( $, .RADIAN. ) );
#2439 = DIRECTION ( 'NONE',  ( 1.000000000000000000, 0.0000000000000000000, 0.0000000000000000000 ) ) ;
#2440 = VECTOR ( 'NONE', #1287, 999.9999999999998900 ) ;
#2441 = CARTESIAN_POINT ( 'NONE',  ( 0.0000000000000000000, -0.8499999999999999800, -6.143812310751191400E-017 ) ) ;
#2442 = DIRECTION ( 'NONE',  ( 1.000000000000000000, 0.0000000000000000000, 0.0000000000000000000 ) ) ;
#2443 = CARTESIAN_POINT ( 'NONE',  ( -0.4000000000000000800, -2.710505431213761100E-017, -1.590000000000000300 ) ) ;
#2444 = VERTEX_POINT ( 'NONE', #807 ) ;
#2445 = SURFACE_STYLE_FILL_AREA ( #4406 ) ;
#2446 = EDGE_CURVE ( 'NONE', #3829, #3119, #1475, .T. ) ;
#2447 = DIRECTION ( 'NONE',  ( -1.000000000000000000, -0.0000000000000000000, -0.0000000000000000000 ) ) ;
#2448 = CARTESIAN_POINT ( 'NONE',  ( 1.100000000000000100, 4.300749537507581400E-014, -1.164031684864866500E-027 ) ) ;
#2449 = VECTOR ( 'NONE', #543, 1000.000000000000000 ) ;
#2450 = CIRCLE ( 'NONE', #989, 0.1999999999999998700 ) ;
#2451 = PRESENTATION_LAYER_ASSIGNMENT (  '', '', ( #3700 ) ) ;
#2452 =( GEOMETRIC_REPRESENTATION_CONTEXT ( 3 ) GLOBAL_UNCERTAINTY_ASSIGNED_CONTEXT ( ( #2340 ) ) GLOBAL_UNIT_ASSIGNED_CONTEXT ( ( #313, #2383, #352 ) ) REPRESENTATION_CONTEXT ( 'NONE', 'WORKASPACE' ) );
#2453 = FACE_OUTER_BOUND ( 'NONE', #4113, .T. ) ;
#2454 = CARTESIAN_POINT ( 'NONE',  ( 1.100000000000000100, 0.1499999999999998600, 1.600000000000000300 ) ) ;
#2455 = SURFACE_STYLE_USAGE ( .BOTH. , #750 ) ;
#2456 = EDGE_LOOP ( 'NONE', ( #974, #1718, #3855, #670 ) ) ;
#2457 = CARTESIAN_POINT ( 'NONE',  ( 1.306757946999685100, 0.9099999999999999200, 3.194904677278397600E-017 ) ) ;
#2458 = ORIENTED_EDGE ( 'NONE', *, *, #428, .F. ) ;
#2459 = VECTOR ( 'NONE', #3069, 1000.000000000000100 ) ;
#2460 =( GEOMETRIC_REPRESENTATION_CONTEXT ( 3 ) GLOBAL_UNCERTAINTY_ASSIGNED_CONTEXT ( ( #2237 ) ) GLOBAL_UNIT_ASSIGNED_CONTEXT ( ( #97, #110, #4166 ) ) REPRESENTATION_CONTEXT ( 'NONE', 'WORKASPACE' ) );
#2461 = ORIENTED_EDGE ( 'NONE', *, *, #570, .T. ) ;
#2462 = CARTESIAN_POINT ( 'NONE',  ( -1.348718761972516300, 0.7499999999999998900, 0.9512812380274838800 ) ) ;
#2463 = CARTESIAN_POINT ( 'NONE',  ( 1.399999999999999900, 0.9099999999999999200, -1.506757946999684800 ) ) ;
#2464 = CARTESIAN_POINT ( 'NONE',  ( -1.346998927096196400, 0.7409841140852853100, 1.546998927096198400 ) ) ;
#2465 = CARTESIAN_POINT ( 'NONE',  ( 1.329178806024200500, -0.8627902589497649100, 0.7149122703230401700 ) ) ;
#2466 = ORIENTED_EDGE ( 'NONE', *, *, #3714, .F. ) ;
#2467 = EDGE_LOOP ( 'NONE', ( #2533, #1530, #3611 ) ) ;
#2468 = DIRECTION ( 'NONE',  ( -0.06958737431666134300, 0.9951458157835086900, -0.06958737431666475700 ) ) ;
#2469 = LINE ( 'NONE', #2589, #743 ) ;
#2470 = CARTESIAN_POINT ( 'NONE',  ( 0.4000000000000000800, -0.01000000000000002600, 1.590000000000000300 ) ) ;
#2471 = ORIENTED_EDGE ( 'NONE', *, *, #3049, .T. ) ;
#2472 = ADVANCED_BREP_SHAPE_REPRESENTATION ( 'ASMB-MTB0-0B3A2', ( #3526, #237 ), #3883 ) ;
#2473 =( GEOMETRIC_REPRESENTATION_CONTEXT ( 3 ) GLOBAL_UNCERTAINTY_ASSIGNED_CONTEXT ( ( #1270 ) ) GLOBAL_UNIT_ASSIGNED_CONTEXT ( ( #2295, #2618, #269 ) ) REPRESENTATION_CONTEXT ( 'NONE', 'WORKASPACE' ) );
#2474 = AXIS2_PLACEMENT_3D ( 'NONE', #2160, #2496, #3128 ) ;
#2475 = VECTOR ( 'NONE', #2155, 1000.000000000000000 ) ;
#2476 = DIRECTION ( 'NONE',  ( -5.054320094942371600E-018, -1.020039679628380800E-034, -1.000000000000000000 ) ) ;
#2477 = ORIENTED_EDGE ( 'NONE', *, *, #2500, .F. ) ;
#2478 = AXIS2_PLACEMENT_3D ( 'NONE', #1873, #505, #2502 ) ;
#2479 = DIRECTION ( 'NONE',  ( 1.000000000000000000, 0.0000000000000000000, 0.0000000000000000000 ) ) ;
#2480 = CARTESIAN_POINT ( 'NONE',  ( 1.100000000000000100, -0.7499999999999998900, -1.549999999999999400 ) ) ;
#2481 = CARTESIAN_POINT ( 'NONE',  ( -0.4000000000000000800, -0.7499999999999994400, 1.549999999999999800 ) ) ;
#2482 =( GEOMETRIC_REPRESENTATION_CONTEXT ( 3 ) GLOBAL_UNCERTAINTY_ASSIGNED_CONTEXT ( ( #1025 ) ) GLOBAL_UNIT_ASSIGNED_CONTEXT ( ( #3028, #2031, #3018 ) ) REPRESENTATION_CONTEXT ( 'NONE', 'WORKASPACE' ) );
#2483 = CARTESIAN_POINT ( 'NONE',  ( 1.326576847459314000, -0.8652113294718966100, 0.7545713429941873800 ) ) ;
#2484 = VECTOR ( 'NONE', #491, 1000.000000000000000 ) ;
#2485 = CARTESIAN_POINT ( 'NONE',  ( 0.4000000000000000800, -0.8666620586815847500, -0.04541983388437101400 ) ) ;
#2486 = PLANE ( 'NONE',  #95 ) ;
#2487 = EDGE_CURVE ( 'NONE', #3122, #614, #3350, .T. ) ;
#2488 = EDGE_CURVE ( 'NONE', #3270, #3697, #2701, .T. ) ;
#2489 = FILL_AREA_STYLE_COLOUR ( '', #2732 ) ;
#2490 = SURFACE_STYLE_USAGE ( .BOTH. , #2135 ) ;
#2491 = VERTEX_POINT ( 'NONE', #4190 ) ;
#2492 = CARTESIAN_POINT ( 'NONE',  ( 0.4000000000000000800, -0.01000000000000010300, 1.600000000000000300 ) ) ;
#2493 = CARTESIAN_POINT ( 'NONE',  ( 0.4000000000000000800, -1.219729649861163500E-015, -1.750000000000000200 ) ) ;
#2494 = CARTESIAN_POINT ( 'NONE',  ( -0.7790999173765839100, 0.9499999999999998400, 1.506757946999685200 ) ) ;
#2495 = VERTEX_POINT ( 'NONE', #496 ) ;
#2496 = DIRECTION ( 'NONE',  ( 0.0000000000000000000, 7.228014483236695800E-017, -1.000000000000000000 ) ) ;
#2497 = FACE_OUTER_BOUND ( 'NONE', #3129, .T. ) ;
#2498 = CARTESIAN_POINT ( 'NONE',  ( 0.4000000000000000800, -9.376883653928702400E-016, -1.600000000000000300 ) ) ;
#2499 = PRESENTATION_STYLE_ASSIGNMENT (( #106 ) ) ;
#2500 = EDGE_CURVE ( 'NONE', #3122, #4273, #1829, .T. ) ;
#2501 = VERTEX_POINT ( 'NONE', #140 ) ;
#2502 = DIRECTION ( 'NONE',  ( 0.0000000000000000000, 0.05233595624294430600, 0.9986295347545738300 ) ) ;
#2503 = CARTESIAN_POINT ( 'NONE',  ( 1.100000000000000100, -9.376883653928696500E-016, 1.600000000000000300 ) ) ;
#2504 =( BOUNDED_CURVE ( )  B_SPLINE_CURVE ( 3, ( #219, #576, #2631, #3925 ),
 .UNSPECIFIED., .F., .T. ) 
 B_SPLINE_CURVE_WITH_KNOTS ( ( 4, 4 ),
 ( 5.500220136198022300, 6.283185307179584500 ),
 .UNSPECIFIED. ) 
 CURVE ( )  GEOMETRIC_REPRESENTATION_ITEM ( )  RATIONAL_B_SPLINE_CURVE ( ( 1.000000000000000000, 0.9495629211555234300, 0.9495629211555234300, 1.000000000000000000 ) ) 
 REPRESENTATION_ITEM ( '' )  );
#2505 = PRESENTATION_LAYER_ASSIGNMENT (  '', '', ( #297 ) ) ;
#2506 = PRESENTATION_STYLE_ASSIGNMENT (( #4356 ) ) ;
#2507 = EDGE_LOOP ( 'NONE', ( #916, #2205, #3089, #949, #3428, #4196, #2466, #1056, #1906, #1733 ) ) ;
#2508 = DIRECTION ( 'NONE',  ( 0.0000000000000000000, -0.9986295347545739400, 0.05233595624294415400 ) ) ;
#2509 = AXIS2_PLACEMENT_3D ( 'NONE', #228, #3207, #3538 ) ;
#2510 =( LENGTH_UNIT ( ) NAMED_UNIT ( * ) SI_UNIT ( .MILLI., .METRE. ) );
#2511 = ORIENTED_EDGE ( 'NONE', *, *, #2286, .F. ) ;
#2512 = AXIS2_PLACEMENT_3D ( 'NONE', #490, #1191, #3472 ) ;
#2513 = EDGE_CURVE ( 'NONE', #2823, #1285, #1130, .T. ) ;
#2514 = EDGE_CURVE ( 'NONE', #1415, #1154, #2297, .T. ) ;
#2515 = CARTESIAN_POINT ( 'NONE',  ( -1.328596652881942800, -0.3004822146490778700, -1.568499214892337800 ) ) ;
#2516 = VECTOR ( 'NONE', #3633, 1000.000000000000000 ) ;
#2517 = CARTESIAN_POINT ( 'NONE',  ( -1.334392748977044900, 0.7499999999999997800, 1.545531514540886800 ) ) ;
#2518 = SURFACE_SIDE_STYLE ('',( #3115 ) ) ;
#2519 = COLOUR_RGB ( '',1.000000000000000000, 1.000000000000000000, 0.9803921568627450600 ) ;
#2520 = CARTESIAN_POINT ( 'NONE',  ( 1.343164168412901600, -0.6627902589497647300, 1.503261606402509500 ) ) ;
#2521 = ORIENTED_EDGE ( 'NONE', *, *, #1921, .F. ) ;
#2522 = DIRECTION ( 'NONE',  ( 1.000000000000000000, 0.0000000000000000000, 0.0000000000000000000 ) ) ;
#2523 = CIRCLE ( 'NONE', #4031, 0.04000000000000010500 ) ;
#2524 = DIRECTION ( 'NONE',  ( 0.0000000000000000000, 0.05233595624294430600, 0.9986295347545738300 ) ) ;
#2525 = ORIENTED_EDGE ( 'NONE', *, *, #1463, .F. ) ;
#2526 = ORIENTED_EDGE ( 'NONE', *, *, #1059, .F. ) ;
#2527 = VECTOR ( 'NONE', #2524, 1000.000000000000000 ) ;
#2528 = CARTESIAN_POINT ( 'NONE',  ( 1.344251774717782700, 0.9472367641649793700, -1.504349212707389600 ) ) ;
#2529 = VECTOR ( 'NONE', #1131, 1000.000000000000000 ) ;
#2530 = PLANE ( 'NONE',  #3335 ) ;
#2531 = PLANE ( 'NONE',  #3017 ) ;
#2532 = CARTESIAN_POINT ( 'NONE',  ( -0.4000000000000000800, -2.048717462672063800E-017, -1.589510978208473300 ) ) ;
#2533 = ORIENTED_EDGE ( 'NONE', *, *, #3591, .T. ) ;
#2534 = MECHANICAL_DESIGN_GEOMETRIC_PRESENTATION_REPRESENTATION (  '', ( #876 ), #1952 ) ;
#2535 = LINE ( 'NONE', #298, #3628 ) ;
#2536 = ORIENTED_EDGE ( 'NONE', *, *, #149, .F. ) ;
#2537 = CARTESIAN_POINT ( 'NONE',  ( -1.303261606402509100, -0.6999999999999998400, 0.7762062805697256300 ) ) ;
#2538 = DIRECTION ( 'NONE',  ( 0.0000000000000000000, -0.06975647374412530200, -0.9975640502598242000 ) ) ;
#2539 = VERTEX_POINT ( 'NONE', #2826 ) ;
#2540 = PLANE ( 'NONE',  #3646 ) ;
#2541 = VERTEX_POINT ( 'NONE', #3465 ) ;
#2542 = VECTOR ( 'NONE', #2479, 1000.000000000000000 ) ;
#2543 =( NAMED_UNIT ( * ) SI_UNIT ( $, .STERADIAN. ) SOLID_ANGLE_UNIT ( ) );
#2544 = CARTESIAN_POINT ( 'NONE',  ( -1.303261606402509100, -0.6599999999999999200, -1.366314945912635900E-017 ) ) ;
#2545 = FACE_OUTER_BOUND ( 'NONE', #1753, .T. ) ;
#2546 = ORIENTED_EDGE ( 'NONE', *, *, #2365, .F. ) ;
#2547 = DIRECTION ( 'NONE',  ( -1.000000000000000000, -0.0000000000000000000, -0.0000000000000000000 ) ) ;
#2548 = VERTEX_POINT ( 'NONE', #173 ) ;
#2549 =( GEOMETRIC_REPRESENTATION_CONTEXT ( 3 ) GLOBAL_UNCERTAINTY_ASSIGNED_CONTEXT ( ( #810 ) ) GLOBAL_UNIT_ASSIGNED_CONTEXT ( ( #2748, #3872, #3485 ) ) REPRESENTATION_CONTEXT ( 'NONE', 'WORKASPACE' ) );
#2550 =( BOUNDED_CURVE ( )  B_SPLINE_CURVE ( 3, ( #2612, #2957, #2598, #3976 ),
 .UNSPECIFIED., .F., .T. ) 
 B_SPLINE_CURVE_WITH_KNOTS ( ( 4, 4 ),
 ( 0.4237839621644427500, 0.4845089079495565300 ),
 .UNSPECIFIED. ) 
 CURVE ( )  GEOMETRIC_REPRESENTATION_ITEM ( )  RATIONAL_B_SPLINE_CURVE ( ( 1.000000000000000000, 0.9996927303531766300, 0.9996927303531766300, 1.000000000000000000 ) ) 
 REPRESENTATION_ITEM ( '' )  );
#2551 = STYLED_ITEM ( 'NONE', ( #307 ), #292 ) ;
#2552 = ORIENTED_EDGE ( 'NONE', *, *, #473, .F. ) ;
#2553 = DIRECTION ( 'NONE',  ( -1.000000000000000000, -0.0000000000000000000, -0.0000000000000000000 ) ) ;
#2554 = VERTEX_POINT ( 'NONE', #1823 ) ;
#2555 = DIRECTION ( 'NONE',  ( -0.06916478287887445300, 0.9891024766687782600, -0.1299712408843093900 ) ) ;
#2556 = AXIS2_PLACEMENT_3D ( 'NONE', #2837, #421, #3097 ) ;
#2557 = DIRECTION ( 'NONE',  ( 0.0000000000000000000, 1.000000000000000000, 0.0000000000000000000 ) ) ;
#2558 =( GEOMETRIC_REPRESENTATION_CONTEXT ( 3 ) GLOBAL_UNCERTAINTY_ASSIGNED_CONTEXT ( ( #3154 ) ) GLOBAL_UNIT_ASSIGNED_CONTEXT ( ( #3630, #3690, #1357 ) ) REPRESENTATION_CONTEXT ( 'NONE', 'WORKASPACE' ) );
#2559 = VERTEX_POINT ( 'NONE', #1916 ) ;
#2560 =( NAMED_UNIT ( * ) SI_UNIT ( $, .STERADIAN. ) SOLID_ANGLE_UNIT ( ) );
#2561 = VECTOR ( 'NONE', #1931, 1000.000000000000100 ) ;
#2562 = ADVANCED_FACE ( 'NONE', ( #3240 ), #701, .T. ) ;
#2563 = EDGE_CURVE ( 'NONE', #2130, #878, #1512, .T. ) ;
#2564 = LINE ( 'NONE', #3394, #2841 ) ;
#2565 = EDGE_CURVE ( 'NONE', #1986, #417, #2699, .T. ) ;
#2566 = CYLINDRICAL_SURFACE ( 'NONE', #4355, 0.04000000000000010500 ) ;
#2567 = ORIENTED_EDGE ( 'NONE', *, *, #1400, .F. ) ;
#2568 = CARTESIAN_POINT ( 'NONE',  ( 1.302451816031413100, -0.6999999999999997300, 0.7762558472959995000 ) ) ;
#2569 = DIRECTION ( 'NONE',  ( 0.0000000000000000000, 0.05233595624294430600, -0.9986295347545738300 ) ) ;
#2570 = PLANE ( 'NONE',  #4253 ) ;
#2571 = SURFACE_STYLE_FILL_AREA ( #60 ) ;
#2572 = CARTESIAN_POINT ( 'NONE',  ( 0.4000000000000000800, -4.409164072843011400E-014, 1.221935645162453900E-027 ) ) ;
#2573 = ORIENTED_EDGE ( 'NONE', *, *, #2248, .F. ) ;
#2574 = DIRECTION ( 'NONE',  ( 1.000000000000000000, 0.0000000000000000000, 0.0000000000000000000 ) ) ;
#2575 = FILL_AREA_STYLE ('',( #1946 ) ) ;
#2576 = COLOUR_RGB ( '',0.08235294117647058700, 0.08235294117647058700, 0.08235294117647058700 ) ;
#2577 = CYLINDRICAL_SURFACE ( 'NONE', #3274, 0.1499999999999999700 ) ;
#2578 =( NAMED_UNIT ( * ) SI_UNIT ( $, .STERADIAN. ) SOLID_ANGLE_UNIT ( ) );
#2579 = EDGE_LOOP ( 'NONE', ( #2605, #3995, #4375, #2973, #2001 ) ) ;
#2580 = ORIENTED_EDGE ( 'NONE', *, *, #1577, .F. ) ;
#2581 = UNCERTAINTY_MEASURE_WITH_UNIT (LENGTH_MEASURE( 1.000000000000000100E-005 ), #12, 'distance_accuracy_value', 'NONE');
#2582 = DIRECTION ( 'NONE',  ( 0.0000000000000000000, 2.486899575160349700E-014, -1.000000000000000000 ) ) ;
#2583 = CARTESIAN_POINT ( 'NONE',  ( -0.7371391024037519100, 0.7406975647374410800, 1.558694402475115500 ) ) ;
#2584 = MECHANICAL_DESIGN_GEOMETRIC_PRESENTATION_REPRESENTATION (  '', ( #676 ), #4014 ) ;
#2585 = PRESENTATION_LAYER_ASSIGNMENT (  '', '', ( #7 ) ) ;
#2586 = CARTESIAN_POINT ( 'NONE',  ( 1.306757946999685100, 0.9099999999999999200, -1.506757946999685000 ) ) ;
#2587 = FILL_AREA_STYLE ('',( #1173 ) ) ;
#2588 = PRESENTATION_LAYER_ASSIGNMENT (  '', '', ( #4331 ) ) ;
#2589 = CARTESIAN_POINT ( 'NONE',  ( 1.399999999999999900, 0.7406975647374409700, 1.558694402475115500 ) ) ;
#2590 = ORIENTED_EDGE ( 'NONE', *, *, #3380, .F. ) ;
#2591 = DIRECTION ( 'NONE',  ( 1.000000000000000000, 0.0000000000000000000, 0.0000000000000000000 ) ) ;
#2592 = AXIS2_PLACEMENT_3D ( 'NONE', #432, #1114, #1466 ) ;
#2593 = EDGE_CURVE ( 'NONE', #2379, #302, #3148, .T. ) ;
#2594 = FILL_AREA_STYLE ('',( #2244 ) ) ;
#2595 = EDGE_CURVE ( 'NONE', #4139, #3537, #642, .T. ) ;
#2596 = ADVANCED_FACE ( 'NONE', ( #4060 ), #2531, .T. ) ;
#2597 = VERTEX_POINT ( 'NONE', #872 ) ;
#2598 = CARTESIAN_POINT ( 'NONE',  ( -1.301640679853291800, -0.6999999999999999600, 0.7762806420871665200 ) ) ;
#2599 =( LENGTH_UNIT ( ) NAMED_UNIT ( * ) SI_UNIT ( .MILLI., .METRE. ) );
#2600 = TOROIDAL_SURFACE ( 'NONE', #116, 0.4207106781186547600, 0.05000000000000000300 ) ;
#2601 = DIRECTION ( 'NONE',  ( 0.06958737431666096900, -0.9951458157835089100, -0.06958737431666405000 ) ) ;
#2602 = FACE_OUTER_BOUND ( 'NONE', #3705, .T. ) ;
#2603 = ORIENTED_EDGE ( 'NONE', *, *, #3189, .T. ) ;
#2604 = DIRECTION ( 'NONE',  ( 0.0000000000000000000, -0.06975647374411853000, 0.9975640502598246400 ) ) ;
#2605 = ORIENTED_EDGE ( 'NONE', *, *, #3937, .F. ) ;
#2606 = CARTESIAN_POINT ( 'NONE',  ( -0.7562440636806546700, 0.9120926942123233100, 1.543755936319345600 ) ) ;
#2607 = DIRECTION ( 'NONE',  ( 0.06916478287887464800, 0.9891024766687781500, 0.1299712408843093100 ) ) ;
#2608 = VECTOR ( 'NONE', #2974, 999.9999999999998900 ) ;
#2609 = ORIENTED_EDGE ( 'NONE', *, *, #3212, .F. ) ;
#2610 = ADVANCED_FACE ( 'NONE', ( #3618 ), #2344, .T. ) ;
#2611 = LINE ( 'NONE', #2251, #3755 ) ;
#2612 = CARTESIAN_POINT ( 'NONE',  ( -1.303261606402509100, -0.6999999999999998400, 0.7762062805697256300 ) ) ;
#2613 = DIRECTION ( 'NONE',  ( 0.0000000000000000000, 1.000000000000000000, -5.782411586589381300E-016 ) ) ;
#2614 = PRODUCT_CONTEXT ( 'NONE', #2347, 'mechanical' ) ;
#2615 = PRESENTATION_LAYER_ASSIGNMENT (  '', '', ( #2853 ) ) ;
#2616 = DIRECTION ( 'NONE',  ( 0.0000000000000000000, -0.06975647374412564900, -0.9975640502598242000 ) ) ;
#2617 = CYLINDRICAL_SURFACE ( 'NONE', #3352, 0.1499999999999999700 ) ;
#2618 =( NAMED_UNIT ( * ) PLANE_ANGLE_UNIT ( ) SI_UNIT ( $, .RADIAN. ) );
#2619 = DIRECTION ( 'NONE',  ( 1.000000000000000000, 0.0000000000000000000, 0.0000000000000000000 ) ) ;
#2620 = AXIS2_PLACEMENT_3D ( 'NONE', #3050, #1428, #23 ) ;
#2621 = SURFACE_STYLE_FILL_AREA ( #1282 ) ;
#2622 = DIRECTION ( 'NONE',  ( 1.000000000000000000, 0.0000000000000000000, 0.0000000000000000000 ) ) ;
#2623 = AXIS2_PLACEMENT_3D ( 'NONE', #3479, #816, #855 ) ;
#2624 = FACE_OUTER_BOUND ( 'NONE', #1547, .T. ) ;
#2625 = FILL_AREA_STYLE ('',( #1644 ) ) ;
#2626 = ORIENTED_EDGE ( 'NONE', *, *, #3147, .T. ) ;
#2627 = EDGE_CURVE ( 'NONE', #2719, #3312, #2434, .T. ) ;
#2628 = DIRECTION ( 'NONE',  ( 1.000000000000000000, -0.0000000000000000000, 0.0000000000000000000 ) ) ;
#2629 = SPHERICAL_SURFACE ( 'NONE', #44, 0.04000000000000000100 ) ;
#2630 = DIRECTION ( 'NONE',  ( 1.000000000000000000, 0.0000000000000000000, 0.0000000000000000000 ) ) ;
#2631 = CARTESIAN_POINT ( 'NONE',  ( -1.345644864067375300, 0.7499999999999998900, 1.534279503032821100 ) ) ;
#2632 = ORIENTED_EDGE ( 'NONE', *, *, #4110, .T. ) ;
#2633 = SURFACE_SIDE_STYLE ('',( #1543 ) ) ;
#2634 = DIRECTION ( 'NONE',  ( 0.0000000000000000000, 0.05233595624294358500, 0.9986295347545739400 ) ) ;
#2635 = ADVANCED_FACE ( 'NONE', ( #3290 ), #4275, .F. ) ;
#2636 = ORIENTED_EDGE ( 'NONE', *, *, #2722, .T. ) ;
#2637 = FILL_AREA_STYLE ('',( #971 ) ) ;
#2638 =( LENGTH_UNIT ( ) NAMED_UNIT ( * ) SI_UNIT ( .MILLI., .METRE. ) );
#2639 = UNCERTAINTY_MEASURE_WITH_UNIT (LENGTH_MEASURE( 1.000000000000000100E-005 ), #1040, 'distance_accuracy_value', 'NONE');
#2640 = ADVANCED_FACE ( 'NONE', ( #374 ), #2922, .F. ) ;
#2641 = DIRECTION ( 'NONE',  ( -0.06958737431666098300, -0.9951458157835091400, -0.06958737431666292500 ) ) ;
#2642 = CIRCLE ( 'NONE', #2512, 0.04999999999999969700 ) ;
#2643 = STYLED_ITEM ( 'NONE', ( #75 ), #564 ) ;
#2644 = CARTESIAN_POINT ( 'NONE',  ( -1.348718761972516500, 0.7399999999999999900, 9.707859393731192700E-017 ) ) ;
#2645 = ORIENTED_EDGE ( 'NONE', *, *, #2204, .F. ) ;
#2646 =( NAMED_UNIT ( * ) SI_UNIT ( $, .STERADIAN. ) SOLID_ANGLE_UNIT ( ) );
#2647 = DIRECTION ( 'NONE',  ( 0.0000000000000000000, 1.000000000000000000, 0.0000000000000000000 ) ) ;
#2648 = ORIENTED_EDGE ( 'NONE', *, *, #904, .F. ) ;
#2649 =( GEOMETRIC_REPRESENTATION_CONTEXT ( 3 ) GLOBAL_UNCERTAINTY_ASSIGNED_CONTEXT ( ( #171 ) ) GLOBAL_UNIT_ASSIGNED_CONTEXT ( ( #271, #2057, #2350 ) ) REPRESENTATION_CONTEXT ( 'NONE', 'WORKASPACE' ) );
#2650 = COLOUR_RGB ( '',0.7529411764705882200, 0.7529411764705882200, 0.7529411764705882200 ) ;
#2651 = DIRECTION ( 'NONE',  ( 0.06916478287887466200, 0.9891024766687782600, 0.1299712408843093400 ) ) ;
#2652 = DIRECTION ( 'NONE',  ( -1.000000000000000000, -0.0000000000000000000, -0.0000000000000000000 ) ) ;
#2653 = AXIS2_PLACEMENT_3D ( 'NONE', #4382, #3998, #4369 ) ;
#2654 = EDGE_CURVE ( 'NONE', #1697, #1508, #1826, .T. ) ;
#2655 = EDGE_CURVE ( 'NONE', #1206, #578, #145, .T. ) ;
#2656 = ORIENTED_EDGE ( 'NONE', *, *, #997, .T. ) ;
#2657 = ORIENTED_EDGE ( 'NONE', *, *, #3279, .T. ) ;
#2658 = FILL_AREA_STYLE_COLOUR ( '', #3598 ) ;
#2659 = LINE ( 'NONE', #3033, #3896 ) ;
#2660 = SURFACE_STYLE_USAGE ( .BOTH. , #3002 ) ;
#2661 = CARTESIAN_POINT ( 'NONE',  ( 1.360290662262194400, 0.1527632358350201900, 1.600193224272590900 ) ) ;
#2662 = SURFACE_STYLE_USAGE ( .BOTH. , #3639 ) ;
#2663 = ADVANCED_FACE ( 'NONE', ( #3449 ), #3875, .T. ) ;
#2664 = VECTOR ( 'NONE', #3731, 1000.000000000000100 ) ;
#2665 = ORIENTED_EDGE ( 'NONE', *, *, #764, .F. ) ;
#2666 =( BOUNDED_SURFACE ( )  B_SPLINE_SURFACE ( 3, 2, ( 
 ( #1395, #2363, #2058 ),
 ( #691, #3726, #1757 ),
 ( #1698, #2684, #373 ),
 ( #1052, #4044, #2734 ) ),
 .UNSPECIFIED., .F., .F., .T. ) 
 B_SPLINE_SURFACE_WITH_KNOTS ( ( 4, 4 ),
 ( 3, 3 ),
 ( 5.500220136198022300, 6.283185307179584500 ),
 ( 0.0000000000000000000, 1.000000000000000000 ),
 .UNSPECIFIED. ) 
 GEOMETRIC_REPRESENTATION_ITEM ( )  RATIONAL_B_SPLINE_SURFACE ( (
 ( 1.000000000000000000, 0.7313537016191721300, 1.000000000000000000),
 ( 1.000000000000000000, 0.7375771237222684700, 1.000000000000000000),
 ( 1.000000000000000000, 0.7411152969123042700, 1.000000000000000000),
 ( 1.000000000000000000, 0.7410841411501709600, 1.000000000000000000) ) ) 
 REPRESENTATION_ITEM ( '' )  SURFACE ( )  );
#2667 = ORIENTED_EDGE ( 'NONE', *, *, #604, .F. ) ;
#2668 = FILL_AREA_STYLE ('',( #4008 ) ) ;
#2669 = ORIENTED_EDGE ( 'NONE', *, *, #2035, .T. ) ;
#2670 = FACE_OUTER_BOUND ( 'NONE', #1584, .T. ) ;
#2671 = ORIENTED_EDGE ( 'NONE', *, *, #71, .T. ) ;
#2672 = EDGE_CURVE ( 'NONE', #1913, #2901, #3135, .T. ) ;
#2673 = EDGE_LOOP ( 'NONE', ( #3248, #1212, #3053 ) ) ;
#2674 = SURFACE_STYLE_USAGE ( .BOTH. , #4354 ) ;
#2675 = STYLED_ITEM ( 'NONE', ( #2786 ), #4299 ) ;
#2676 = SURFACE_STYLE_USAGE ( .BOTH. , #312 ) ;
#2677 = FILL_AREA_STYLE_COLOUR ( '', #2650 ) ;
#2678 = VECTOR ( 'NONE', #2607, 1000.000000000000200 ) ;
#2679 =( GEOMETRIC_REPRESENTATION_CONTEXT ( 3 ) GLOBAL_UNCERTAINTY_ASSIGNED_CONTEXT ( ( #4361 ) ) GLOBAL_UNIT_ASSIGNED_CONTEXT ( ( #1090, #758, #1066 ) ) REPRESENTATION_CONTEXT ( 'NONE', 'WORKASPACE' ) );
#2680 = CARTESIAN_POINT ( 'NONE',  ( -1.306757946999685300, 0.9099999999999999200, -1.506757946999684800 ) ) ;
#2681 = DIRECTION ( 'NONE',  ( 1.000000000000000000, 0.0000000000000000000, 0.0000000000000000000 ) ) ;
#2682 = ORIENTED_EDGE ( 'NONE', *, *, #3380, .T. ) ;
#2683 = CARTESIAN_POINT ( 'NONE',  ( 0.0000000000000000000, -0.8853553390593275100, -6.399361213531755000E-017 ) ) ;
#2684 = CARTESIAN_POINT ( 'NONE',  ( -1.353620972938849100, 0.7500000000000022200, 1.539115860349611800 ) ) ;
#2685 = VECTOR ( 'NONE', #2242, 1000.000000000000000 ) ;
#2686 = CARTESIAN_POINT ( 'NONE',  ( -0.7544642502102144600, 0.9310180254395504800, 1.545535749789780600 ) ) ;
#2687 =( GEOMETRIC_REPRESENTATION_CONTEXT ( 3 ) GLOBAL_UNCERTAINTY_ASSIGNED_CONTEXT ( ( #2804 ) ) GLOBAL_UNIT_ASSIGNED_CONTEXT ( ( #3338, #2399, #2112 ) ) REPRESENTATION_CONTEXT ( 'NONE', 'WORKASPACE' ) );
#2688 = ORIENTED_EDGE ( 'NONE', *, *, #2832, .F. ) ;
#2689 = FACE_OUTER_BOUND ( 'NONE', #4077, .T. ) ;
#2690 = ADVANCED_FACE ( 'NONE', ( #2098 ), #1279, .F. ) ;
#2691 = SURFACE_STYLE_FILL_AREA ( #123 ) ;
#2692 = LINE ( 'NONE', #773, #3439 ) ;
#2693 = ORIENTED_EDGE ( 'NONE', *, *, #2672, .F. ) ;
#2694 = FACE_OUTER_BOUND ( 'NONE', #3222, .T. ) ;
#2695 =( NAMED_UNIT ( * ) PLANE_ANGLE_UNIT ( ) SI_UNIT ( $, .RADIAN. ) );
#2696 = CARTESIAN_POINT ( 'NONE',  ( 0.4000000000000000800, -4.409164072843011400E-014, 1.221935645162453900E-027 ) ) ;
#2697 =( NAMED_UNIT ( * ) SI_UNIT ( $, .STERADIAN. ) SOLID_ANGLE_UNIT ( ) );
#2698 = DIRECTION ( 'NONE',  ( -0.0000000000000000000, 5.782411586589381300E-016, 1.000000000000000000 ) ) ;
#2699 = CIRCLE ( 'NONE', #1636, 0.04000000000000010500 ) ;
#2700 = SURFACE_SIDE_STYLE ('',( #2794 ) ) ;
#2701 =( BOUNDED_CURVE ( )  B_SPLINE_CURVE ( 3, ( #2494, #157, #3798, #1878 ),
 .UNSPECIFIED., .F., .T. ) 
 B_SPLINE_CURVE_WITH_KNOTS ( ( 4, 4 ),
 ( 1.570796326794896600, 3.071779483510023800 ),
 .UNSPECIFIED. ) 
 CURVE ( )  GEOMETRIC_REPRESENTATION_ITEM ( )  RATIONAL_B_SPLINE_CURVE ( ( 1.000000000000000000, 0.8209024677461128600, 0.8209024677461128600, 1.000000000000000000 ) ) 
 REPRESENTATION_ITEM ( '' )  );
#2702 = CARTESIAN_POINT ( 'NONE',  ( -0.7790999173765839100, 0.9499999999999997300, 1.506757946999685200 ) ) ;
#2703 = PRESENTATION_STYLE_ASSIGNMENT (( #728 ) ) ;
#2704 = CARTESIAN_POINT ( 'NONE',  ( -0.4000000000000000800, -0.8666620586815844100, 0.04541983388437099300 ) ) ;
#2705 = VERTEX_POINT ( 'NONE', #463 ) ;
#2706 = CARTESIAN_POINT ( 'NONE',  ( 0.0000000000000000000, -0.7500000000000000000, -5.421010862427522200E-017 ) ) ;
#2707 = AXIS2_PLACEMENT_3D ( 'NONE', #3374, #109, #2813 ) ;
#2708 = MECHANICAL_DESIGN_GEOMETRIC_PRESENTATION_REPRESENTATION (  '', ( #2355 ), #3515 ) ;
#2709 = CARTESIAN_POINT ( 'NONE',  ( 1.300828945580725400, -0.6999999999999997300, -0.7762806420871662900 ) ) ;
#2710 = CARTESIAN_POINT ( 'NONE',  ( -0.4000000000000000800, -0.7168676284683994600, -0.03756944044792888400 ) ) ;
#2711 = VECTOR ( 'NONE', #4200, 1000.000000000000000 ) ;
#2712 =( NAMED_UNIT ( * ) PLANE_ANGLE_UNIT ( ) SI_UNIT ( $, .RADIAN. ) );
#2713 = AXIS2_PLACEMENT_3D ( 'NONE', #1761, #3379, #731 ) ;
#2714 = ADVANCED_FACE ( 'NONE', ( #3054 ), #3825, .T. ) ;
#2715 = CARTESIAN_POINT ( 'NONE',  ( -1.100000000000000100, 0.0000000000000000000, 0.0000000000000000000 ) ) ;
#2716 = EDGE_LOOP ( 'NONE', ( #3488, #1179, #258, #641, #3523, #3299, #3152, #1460, #2111, #2590, #730 ) ) ;
#2717 = AXIS2_PLACEMENT_3D ( 'NONE', #1930, #3867, #1549 ) ;
#2718 = DIRECTION ( 'NONE',  ( 0.0000000000000000000, -3.510884260745492000E-017, 1.000000000000000000 ) ) ;
#2719 = VERTEX_POINT ( 'NONE', #1856 ) ;
#2720 = EDGE_CURVE ( 'NONE', #3534, #2597, #4164, .T. ) ;
#2721 =( NAMED_UNIT ( * ) PLANE_ANGLE_UNIT ( ) SI_UNIT ( $, .RADIAN. ) );
#2722 = EDGE_CURVE ( 'NONE', #3270, #4252, #3668, .T. ) ;
#2723 = LINE ( 'NONE', #2661, #13 ) ;
#2724 = ORIENTED_EDGE ( 'NONE', *, *, #393, .T. ) ;
#2725 = CARTESIAN_POINT ( 'NONE',  ( 1.399999999999999900, 0.1120683756124347400, 1.602652437565261300 ) ) ;
#2726 = CIRCLE ( 'NONE', #61, 0.05000000000000002400 ) ;
#2727 = CARTESIAN_POINT ( 'NONE',  ( -1.343755936319345600, 0.9120926942123235300, 0.9562440636806547300 ) ) ;
#2728 = SURFACE_SIDE_STYLE ('',( #2445 ) ) ;
#2729 = ORIENTED_EDGE ( 'NONE', *, *, #694, .F. ) ;
#2730 = DIRECTION ( 'NONE',  ( -1.000000000000000000, 0.0000000000000000000, -0.0000000000000000000 ) ) ;
#2731 = DIRECTION ( 'NONE',  ( 1.000000000000000000, 0.0000000000000000000, 0.0000000000000000000 ) ) ;
#2732 = COLOUR_RGB ( '',0.7529411764705882200, 0.7529411764705882200, 0.7529411764705882200 ) ;
#2733 = ORIENTED_EDGE ( 'NONE', *, *, #1796, .F. ) ;
#2734 = CARTESIAN_POINT ( 'NONE',  ( -1.339962183550097000, 0.7499999999999997800, 1.539962183550099000 ) ) ;
#2735 = LINE ( 'NONE', #3303, #188 ) ;
#2736 = CARTESIAN_POINT ( 'NONE',  ( -0.7491729958687893800, 0.9127902589497646200, 1.546660509010078200 ) ) ;
#2737 =( NAMED_UNIT ( * ) SI_UNIT ( $, .STERADIAN. ) SOLID_ANGLE_UNIT ( ) );
#2738 = PRESENTATION_STYLE_ASSIGNMENT (( #2662 ) ) ;
#2739 = ADVANCED_FACE ( 'NONE', ( #1169 ), #1926, .T. ) ;
#2740 = EDGE_CURVE ( 'NONE', #2184, #2541, #3556, .T. ) ;
#2741 = ORIENTED_EDGE ( 'NONE', *, *, #3713, .T. ) ;
#2742 =( GEOMETRIC_REPRESENTATION_CONTEXT ( 3 ) GLOBAL_UNCERTAINTY_ASSIGNED_CONTEXT ( ( #86 ) ) GLOBAL_UNIT_ASSIGNED_CONTEXT ( ( #3175, #813, #3506 ) ) REPRESENTATION_CONTEXT ( 'NONE', 'WORKASPACE' ) );
#2743 = CIRCLE ( 'NONE', #2015, 0.04000000000000010500 ) ;
#2744 = DIRECTION ( 'NONE',  ( -1.000000000000000000, 0.0000000000000000000, -5.421010862427508000E-015 ) ) ;
#2745 = ORIENTED_EDGE ( 'NONE', *, *, #4267, .F. ) ;
#2746 =( GEOMETRIC_REPRESENTATION_CONTEXT ( 3 ) GLOBAL_UNCERTAINTY_ASSIGNED_CONTEXT ( ( #3448 ) ) GLOBAL_UNIT_ASSIGNED_CONTEXT ( ( #3637, #1677, #3990 ) ) REPRESENTATION_CONTEXT ( 'NONE', 'WORKASPACE' ) );
#2747 = LINE ( 'NONE', #1672, #3658 ) ;
#2748 =( LENGTH_UNIT ( ) NAMED_UNIT ( * ) SI_UNIT ( .MILLI., .METRE. ) );
#2749 = ORIENTED_EDGE ( 'NONE', *, *, #541, .F. ) ;
#2750 = CARTESIAN_POINT ( 'NONE',  ( 0.0000000000000000000, 0.0000000000000000000, 0.0000000000000000000 ) ) ;
#2751 = EDGE_CURVE ( 'NONE', #782, #3314, #531, .T. ) ;
#2752 = CARTESIAN_POINT ( 'NONE',  ( -1.301640679853291800, -0.6999999999999999600, -0.7762806420871662900 ) ) ;
#2753 = VERTEX_POINT ( 'NONE', #2774 ) ;
#2754 = CARTESIAN_POINT ( 'NONE',  ( -1.400193224272588300, 0.1472367641649794400, -1.560290662262197700 ) ) ;
#2755 = DIRECTION ( 'NONE',  ( 1.000000000000000000, 0.0000000000000000000, 0.0000000000000000000 ) ) ;
#2756 = LINE ( 'NONE', #3707, #3778 ) ;
#2757 = VERTEX_POINT ( 'NONE', #3415 ) ;
#2758 = CARTESIAN_POINT ( 'NONE',  ( 1.399999999999999900, 0.1120683756124347400, -1.602652437565260900 ) ) ;
#2759 = SURFACE_SIDE_STYLE ('',( #220 ) ) ;
#2760 = VERTEX_POINT ( 'NONE', #2145 ) ;
#2761 = SURFACE_STYLE_FILL_AREA ( #4390 ) ;
#2762 = CARTESIAN_POINT ( 'NONE',  ( -0.7790999173765839100, 0.9499999999999998400, 1.506757946999685200 ) ) ;
#2763 = AXIS2_PLACEMENT_3D ( 'NONE', #356, #2647, #3025 ) ;
#2764 = FACE_OUTER_BOUND ( 'NONE', #1451, .T. ) ;
#2765 = DIRECTION ( 'NONE',  ( 0.0000000000000000000, 0.0000000000000000000, 1.000000000000000000 ) ) ;
#2766 = FILL_AREA_STYLE ('',( #4103 ) ) ;
#2767 = CARTESIAN_POINT ( 'NONE',  ( -1.399999999999998800, 0.1500000000000053200, 1.583495311715527500 ) ) ;
#2768 = ORIENTED_EDGE ( 'NONE', *, *, #403, .T. ) ;
#2769 = MECHANICAL_DESIGN_GEOMETRIC_PRESENTATION_REPRESENTATION (  '', ( #656 ), #2460 ) ;
#2770 = ORIENTED_EDGE ( 'NONE', *, *, #1642, .F. ) ;
#2771 = CYLINDRICAL_SURFACE ( 'NONE', #840, 0.03999999999999998000 ) ;
#2772 = VERTEX_POINT ( 'NONE', #446 ) ;
#2773 = DIRECTION ( 'NONE',  ( 0.0000000000000000000, 0.9986295347545739400, -0.05233595624294416100 ) ) ;
#2774 = CARTESIAN_POINT ( 'NONE',  ( -1.355260970835280100, 0.7475630353279858500, 0.9447390291647201900 ) ) ;
#2775 = EDGE_LOOP ( 'NONE', ( #1865, #3137 ) ) ;
#2776 = ORIENTED_EDGE ( 'NONE', *, *, #570, .F. ) ;
#2777 = ORIENTED_EDGE ( 'NONE', *, *, #3333, .F. ) ;
#2778 = UNCERTAINTY_MEASURE_WITH_UNIT (LENGTH_MEASURE( 1.000000000000000100E-005 ), #2269, 'distance_accuracy_value', 'NONE');
#2779 = DIRECTION ( 'NONE',  ( 0.0000000000000000000, 0.9986295347545739400, 0.05233595624294416100 ) ) ;
#2780 = DIRECTION ( 'NONE',  ( 0.0000000000000000000, 0.05233595624294358500, 0.9986295347545739400 ) ) ;
#2781 = ORIENTED_EDGE ( 'NONE', *, *, #214, .T. ) ;
#2782 = ORIENTED_EDGE ( 'NONE', *, *, #2437, .F. ) ;
#2783 = LINE ( 'NONE', #3588, #2180 ) ;
#2784 = FILL_AREA_STYLE_COLOUR ( '', #2238 ) ;
#2785 = FACE_OUTER_BOUND ( 'NONE', #345, .T. ) ;
#2786 = PRESENTATION_STYLE_ASSIGNMENT (( #2674 ) ) ;
#2787 = VERTEX_POINT ( 'NONE', #113 ) ;
#2788 =( LENGTH_UNIT ( ) NAMED_UNIT ( * ) SI_UNIT ( .MILLI., .METRE. ) );
#2789 =( NAMED_UNIT ( * ) PLANE_ANGLE_UNIT ( ) SI_UNIT ( $, .RADIAN. ) );
#2790 = MECHANICAL_DESIGN_GEOMETRIC_PRESENTATION_REPRESENTATION (  '', ( #677 ), #3958 ) ;
#2791 = AXIS2_PLACEMENT_3D ( 'NONE', #3101, #712, #1406 ) ;
#2792 = ORIENTED_EDGE ( 'NONE', *, *, #3555, .F. ) ;
#2793 = AXIS2_PLACEMENT_3D ( 'NONE', #1775, #412, #749 ) ;
#2794 = SURFACE_STYLE_FILL_AREA ( #2668 ) ;
#2795 = DIRECTION ( 'NONE',  ( 0.0000000000000000000, 0.0000000000000000000, -1.000000000000000000 ) ) ;
#2796 = SURFACE_SIDE_STYLE ('',( #3096 ) ) ;
#2797 = STYLED_ITEM ( 'NONE', ( #888 ), #3059 ) ;
#2798 = EDGE_LOOP ( 'NONE', ( #112, #3217, #1824, #3402, #1533, #1253, #408, #81, #1843, #2419, #5 ) ) ;
#2799 = CARTESIAN_POINT ( 'NONE',  ( 1.100000000000000100, -0.01000000000000009600, -1.600000000000000300 ) ) ;
#2800 = EDGE_CURVE ( 'NONE', #1638, #981, #1875, .T. ) ;
#2801 = EDGE_CURVE ( 'NONE', #2495, #3626, #3099, .T. ) ;
#2802 = CARTESIAN_POINT ( 'NONE',  ( -1.355260970835280100, 0.7475630353279858500, 0.9447390291647201900 ) ) ;
#2803 = CARTESIAN_POINT ( 'NONE',  ( 0.4000000000000000800, -0.01000000000000002600, 1.590000000000000300 ) ) ;
#2804 = UNCERTAINTY_MEASURE_WITH_UNIT (LENGTH_MEASURE( 1.000000000000000100E-005 ), #3338, 'distance_accuracy_value', 'NONE');
#2805 = ORIENTED_EDGE ( 'NONE', *, *, #93, .F. ) ;
#2806 = CIRCLE ( 'NONE', #3429, 0.03999999999999999400 ) ;
#2807 = FILL_AREA_STYLE_COLOUR ( '', #1156 ) ;
#2808 = PLANE ( 'NONE',  #2713 ) ;
#2809 = SURFACE_STYLE_USAGE ( .BOTH. , #2796 ) ;
#2810 = EDGE_LOOP ( 'NONE', ( #1780, #561, #3268, #3718 ) ) ;
#2811 = COLOUR_RGB ( '',0.7529411764705882200, 0.7529411764705882200, 0.7529411764705882200 ) ;
#2812 =( NAMED_UNIT ( * ) SI_UNIT ( $, .STERADIAN. ) SOLID_ANGLE_UNIT ( ) );
#2813 = DIRECTION ( 'NONE',  ( 0.0000000000000000000, -0.06975647374414085900, 0.9975640502598230900 ) ) ;
#2814 = CARTESIAN_POINT ( 'NONE',  ( 1.100000000000000100, -0.9497259069509139700, -1.539532808751409300 ) ) ;
#2815 = LINE ( 'NONE', #2216, #1945 ) ;
#2816 = AXIS2_PLACEMENT_3D ( 'NONE', #4071, #2401, #42 ) ;
#2817 = CARTESIAN_POINT ( 'NONE',  ( -1.339962183550097000, 0.7499999999999997800, 1.539962183550099000 ) ) ;
#2818 = LINE ( 'NONE', #2103, #3256 ) ;
#2819 = FACE_OUTER_BOUND ( 'NONE', #2302, .T. ) ;
#2820 = STYLED_ITEM ( 'NONE', ( #2095 ), #706 ) ;
#2821 = SURFACE_SIDE_STYLE ('',( #2571 ) ) ;
#2822 = PRESENTATION_LAYER_ASSIGNMENT (  '', '', ( #2039 ) ) ;
#2823 = VERTEX_POINT ( 'NONE', #1124 ) ;
#2824 = FACE_OUTER_BOUND ( 'NONE', #3826, .T. ) ;
#2825 = CARTESIAN_POINT ( 'NONE',  ( 0.0000000000000000000, 0.9299999999999998300, 3.265122362493307300E-017 ) ) ;
#2826 = CARTESIAN_POINT ( 'NONE',  ( -1.100000000000000100, 0.1499999999999998600, 1.600000000000000300 ) ) ;
#2827 = VECTOR ( 'NONE', #169, 1000.000000000000000 ) ;
#2828 = ORIENTED_EDGE ( 'NONE', *, *, #1166, .T. ) ;
#2829 = CARTESIAN_POINT ( 'NONE',  ( -1.289276244013807700, -0.8652113294718966100, 0.7545713429941873800 ) ) ;
#2830 = ORIENTED_EDGE ( 'NONE', *, *, #3302, .F. ) ;
#2831 = MECHANICAL_DESIGN_GEOMETRIC_PRESENTATION_REPRESENTATION (  '', ( #1243 ), #1641 ) ;
#2832 = EDGE_CURVE ( 'NONE', #2559, #1904, #3007, .T. ) ;
#2833 = EDGE_CURVE ( 'NONE', #4066, #3424, #896, .T. ) ;
#2834 = DIRECTION ( 'NONE',  ( 1.000000000000000000, 0.0000000000000000000, 0.0000000000000000000 ) ) ;
#2835 = PRESENTATION_STYLE_ASSIGNMENT (( #2301 ) ) ;
#2836 = EDGE_LOOP ( 'NONE', ( #2733, #509, #2776, #918 ) ) ;
#2837 = CARTESIAN_POINT ( 'NONE',  ( -0.4000000000000000800, -0.7500000000000003300, 1.549999999999999400 ) ) ;
#2838 = ORIENTED_EDGE ( 'NONE', *, *, #2178, .T. ) ;
#2839 = CARTESIAN_POINT ( 'NONE',  ( 1.360097437989604300, 0.1499999999999998600, 1.600000000000000300 ) ) ;
#2840 = UNCERTAINTY_MEASURE_WITH_UNIT (LENGTH_MEASURE( 1.000000000000000100E-005 ), #1864, 'distance_accuracy_value', 'NONE');
#2841 = VECTOR ( 'NONE', #3735, 1000.000000000000100 ) ;
#2842 = DIRECTION ( 'NONE',  ( 0.0000000000000000000, 0.0000000000000000000, -1.000000000000000000 ) ) ;
#2843 =( NAMED_UNIT ( * ) SI_UNIT ( $, .STERADIAN. ) SOLID_ANGLE_UNIT ( ) );
#2844 = ORIENTED_EDGE ( 'NONE', *, *, #2488, .F. ) ;
#2845 = VECTOR ( 'NONE', #290, 1000.000000000000000 ) ;
#2846 = DIRECTION ( 'NONE',  ( 0.0000000000000000000, 0.9986295347545739400, -0.05233595624294358500 ) ) ;
#2847 = ORIENTED_EDGE ( 'NONE', *, *, #2153, .F. ) ;
#2848 = CARTESIAN_POINT ( 'NONE',  ( -1.339115860349611200, 0.7500000000000022200, 1.553620972938852600 ) ) ;
#2849 = LINE ( 'NONE', #2141, #946 ) ;
#2850 = CIRCLE ( 'NONE', #3499, 1.200000000000000000 ) ;
#2851 = ORIENTED_EDGE ( 'NONE', *, *, #3609, .T. ) ;
#2852 = DIRECTION ( 'NONE',  ( 0.0000000000000000000, 1.000000000000000000, 5.860552283705434800E-016 ) ) ;
#2853 = STYLED_ITEM ( 'NONE', ( #1409 ), #1724 ) ;
#2854 = VECTOR ( 'NONE', #3780, 1000.000000000000000 ) ;
#2855 = CARTESIAN_POINT ( 'NONE',  ( 1.303261606402508900, -0.6999999999999998400, -0.7762062805697254000 ) ) ;
#2856 = ORIENTED_EDGE ( 'NONE', *, *, #3592, .F. ) ;
#2857 =( GEOMETRIC_REPRESENTATION_CONTEXT ( 3 ) GLOBAL_UNCERTAINTY_ASSIGNED_CONTEXT ( ( #3082 ) ) GLOBAL_UNIT_ASSIGNED_CONTEXT ( ( #2788, #3414, #2134 ) ) REPRESENTATION_CONTEXT ( 'NONE', 'WORKASPACE' ) );
#2858 = CARTESIAN_POINT ( 'NONE',  ( -1.345115094377883300, 0.9348907178330213600, 0.9503320568429354200 ) ) ;
#2859 = COLOUR_RGB ( '',0.7529411764705882200, 0.7529411764705882200, 0.7529411764705882200 ) ;
#2860 = CARTESIAN_POINT ( 'NONE',  ( 0.4000000000000000800, -0.7499999999999994400, 1.549999999999999800 ) ) ;
#2861 = PRESENTATION_LAYER_ASSIGNMENT (  '', '', ( #1248 ) ) ;
#2862 = DIRECTION ( 'NONE',  ( 0.0000000000000000000, 0.05233595624294358500, 0.9986295347545739400 ) ) ;
#2863 = CARTESIAN_POINT ( 'NONE',  ( 1.360097437989603400, 0.1499999999999998600, -1.599999999999999900 ) ) ;
#2864 = DIRECTION ( 'NONE',  ( -1.000000000000000000, 0.0000000000000000000, 0.0000000000000000000 ) ) ;
#2865 = EDGE_CURVE ( 'NONE', #3851, #3629, #4292, .T. ) ;
#2866 = DIRECTION ( 'NONE',  ( 0.06958737431666134300, -0.9951458157835088000, 0.06958737431666478500 ) ) ;
#2867 = ORIENTED_EDGE ( 'NONE', *, *, #1082, .T. ) ;
#2868 = FACE_OUTER_BOUND ( 'NONE', #206, .T. ) ;
#2869 = DIRECTION ( 'NONE',  ( -1.743152798421049500E-032, 1.000000000000000000, 1.548860246407863600E-016 ) ) ;
#2870 = ORIENTED_EDGE ( 'NONE', *, *, #1496, .F. ) ;
#2871 = DIRECTION ( 'NONE',  ( 1.000000000000000000, 0.0000000000000000000, -2.173699367380211800E-014 ) ) ;
#2872 = DIRECTION ( 'NONE',  ( -1.000000000000000000, 0.0000000000000000000, -0.0000000000000000000 ) ) ;
#2873 = CYLINDRICAL_SURFACE ( 'NONE', #713, 1.200000000000000000 ) ;
#2874 = SURFACE_STYLE_FILL_AREA ( #4001 ) ;
#2875 = CARTESIAN_POINT ( 'NONE',  ( 0.0000000000000000000, 0.9299999999999998300, 1.200000000000000000 ) ) ;
#2876 = CARTESIAN_POINT ( 'NONE',  ( 1.399999999999999900, -0.1121559562860156200, -0.8535252366667649400 ) ) ;
#2877 = CARTESIAN_POINT ( 'NONE',  ( -1.399999999999999900, 0.1499999999999605500, -1.544058550445191600 ) ) ;
#2878 = VERTEX_POINT ( 'NONE', #3912 ) ;
#2879 = FACE_OUTER_BOUND ( 'NONE', #414, .T. ) ;
#2880 = CYLINDRICAL_SURFACE ( 'NONE', #2218, 0.03999999999999998000 ) ;
#2881 = CARTESIAN_POINT ( 'NONE',  ( 1.383495311715524200, 0.1500000000000028300, 1.599999999999999600 ) ) ;
#2882 =( GEOMETRIC_REPRESENTATION_CONTEXT ( 3 ) GLOBAL_UNCERTAINTY_ASSIGNED_CONTEXT ( ( #3019 ) ) GLOBAL_UNIT_ASSIGNED_CONTEXT ( ( #4286, #2290, #3593 ) ) REPRESENTATION_CONTEXT ( 'NONE', 'WORKASPACE' ) );
#2883 = ORIENTED_EDGE ( 'NONE', *, *, #632, .F. ) ;
#2884 = DIRECTION ( 'NONE',  ( 0.9975640502598245300, -0.06975647374412190200, -5.042008025220334400E-018 ) ) ;
#2885 = ORIENTED_EDGE ( 'NONE', *, *, #3738, .F. ) ;
#2886 = ORIENTED_EDGE ( 'NONE', *, *, #1167, .F. ) ;
#2887 = FILL_AREA_STYLE ('',( #845 ) ) ;
#2888 = LINE ( 'NONE', #1799, #3481 ) ;
#2889 =( GEOMETRIC_REPRESENTATION_CONTEXT ( 3 ) GLOBAL_UNCERTAINTY_ASSIGNED_CONTEXT ( ( #2581 ) ) GLOBAL_UNIT_ASSIGNED_CONTEXT ( ( #12, #1739, #2697 ) ) REPRESENTATION_CONTEXT ( 'NONE', 'WORKASPACE' ) );
#2890 = EDGE_CURVE ( 'NONE', #2371, #2171, #798, .T. ) ;
#2891 = EDGE_CURVE ( 'NONE', #38, #494, #3235, .T. ) ;
#2892 = SURFACE_SIDE_STYLE ('',( #1814 ) ) ;
#2893 = DIRECTION ( 'NONE',  ( 0.0000000000000000000, 0.0000000000000000000, -1.000000000000000000 ) ) ;
#2894 = ORIENTED_EDGE ( 'NONE', *, *, #489, .F. ) ;
#2895 = CIRCLE ( 'NONE', #2067, 0.1999999999999998700 ) ;
#2896 = PLANE ( 'NONE',  #560 ) ;
#2897 = CIRCLE ( 'NONE', #2964, 0.1499999999999999700 ) ;
#2898 = VERTEX_POINT ( 'NONE', #3597 ) ;
#2899 = CARTESIAN_POINT ( 'NONE',  ( -0.7371391024037519100, 0.7406975647374410800, 1.558694402475115500 ) ) ;
#2900 = DIRECTION ( 'NONE',  ( 0.0000000000000000000, 1.000000000000000000, -5.860552283705437800E-016 ) ) ;
#2901 = VERTEX_POINT ( 'NONE', #224 ) ;
#2902 = EDGE_CURVE ( 'NONE', #3314, #575, #1506, .T. ) ;
#2903 = FACE_OUTER_BOUND ( 'NONE', #4334, .T. ) ;
#2904 = PLANE ( 'NONE',  #3351 ) ;
#2905 = ORIENTED_EDGE ( 'NONE', *, *, #1496, .T. ) ;
#2906 = AXIS2_PLACEMENT_3D ( 'NONE', #4374, #3649, #2972 ) ;
#2907 = VECTOR ( 'NONE', #2167, 1000.000000000000200 ) ;
#2908 = CARTESIAN_POINT ( 'NONE',  ( -0.4000000000000000800, -0.7999314767377279100, 1.547383202187851700 ) ) ;
#2909 = ADVANCED_FACE ( 'NONE', ( #1720 ), #525, .T. ) ;
#2910 = CARTESIAN_POINT ( 'NONE',  ( -1.100000000000000100, -1.219729649861163100E-015, 1.750000000000000200 ) ) ;
#2911 = CARTESIAN_POINT ( 'NONE',  ( -1.306757946999685100, 0.9499999999999998400, 0.9790999173765841900 ) ) ;
#2912 = CARTESIAN_POINT ( 'NONE',  ( 1.399999999999999900, -0.6999999999999998400, 0.7762806420871662900 ) ) ;
#2913 = DIRECTION ( 'NONE',  ( -1.000000000000000000, -0.0000000000000000000, -0.0000000000000000000 ) ) ;
#2914 = ORIENTED_EDGE ( 'NONE', *, *, #2833, .T. ) ;
#2915 = VECTOR ( 'NONE', #2162, 1000.000000000000000 ) ;
#2916 = CARTESIAN_POINT ( 'NONE',  ( 1.399999999999999900, 0.1499999999999998600, 1.600000000000000300 ) ) ;
#2917 = DIRECTION ( 'NONE',  ( -1.000000000000000000, -0.0000000000000000000, -0.0000000000000000000 ) ) ;
#2918 = ORIENTED_EDGE ( 'NONE', *, *, #568, .T. ) ;
#2919 = COLOUR_RGB ( '',0.08235294117647058700, 0.08235294117647058700, 0.08235294117647058700 ) ;
#2920 = FILL_AREA_STYLE ('',( #924 ) ) ;
#2921 = DIRECTION ( 'NONE',  ( 0.0000000000000000000, 0.1302832367974144100, -0.9914768167786822700 ) ) ;
#2922 = PLANE ( 'NONE',  #1696 ) ;
#2923 = AXIS2_PLACEMENT_3D ( 'NONE', #1664, #3987, #4341 ) ;
#2924 = FACE_OUTER_BOUND ( 'NONE', #1429, .T. ) ;
#2925 =( NAMED_UNIT ( * ) PLANE_ANGLE_UNIT ( ) SI_UNIT ( $, .RADIAN. ) );
#2926 = ORIENTED_EDGE ( 'NONE', *, *, #795, .T. ) ;
#2927 = CARTESIAN_POINT ( 'NONE',  ( -0.7491729958687892700, 0.9120926942123234200, 1.536684868507480100 ) ) ;
#2928 =( NAMED_UNIT ( * ) SI_UNIT ( $, .STERADIAN. ) SOLID_ANGLE_UNIT ( ) );
#2929 = ORIENTED_EDGE ( 'NONE', *, *, #1615, .T. ) ;
#2930 = PRESENTATION_LAYER_ASSIGNMENT (  '', '', ( #1272 ) ) ;
#2931 = ORIENTED_EDGE ( 'NONE', *, *, #1809, .T. ) ;
#2932 = VECTOR ( 'NONE', #3281, 1000.000000000000000 ) ;
#2933 = EDGE_LOOP ( 'NONE', ( #3475, #3036, #2918, #2838, #3276, #660, #3405, #2003 ) ) ;
#2934 = DIRECTION ( 'NONE',  ( 0.0000000000000000000, 0.0000000000000000000, -1.000000000000000000 ) ) ;
#2935 = CARTESIAN_POINT ( 'NONE',  ( -1.345214897222608800, 0.9334634706591306000, 0.9502573471530892900 ) ) ;
#2936 = FACE_OUTER_BOUND ( 'NONE', #1537, .T. ) ;
#2937 = CARTESIAN_POINT ( 'NONE',  ( -1.289276244013807700, -0.8599999999999999900, 0.7149122703230401700 ) ) ;
#2938 = AXIS2_PLACEMENT_3D ( 'NONE', #689, #4399, #1710 ) ;
#2939 = EDGE_CURVE ( 'NONE', #2267, #2898, #2294, .T. ) ;
#2940 = EDGE_CURVE ( 'NONE', #1125, #2760, #472, .T. ) ;
#2941 = ORIENTED_EDGE ( 'NONE', *, *, #2421, .F. ) ;
#2942 = CARTESIAN_POINT ( 'NONE',  ( -1.358694402475114900, 0.7406975647374413100, 9.710308462788725000E-017 ) ) ;
#2943 = CARTESIAN_POINT ( 'NONE',  ( 1.399999999999999900, 0.1499999999999605300, -1.560097437989604200 ) ) ;
#2944 = VECTOR ( 'NONE', #2917, 1000.000000000000000 ) ;
#2945 = LINE ( 'NONE', #3715, #1053 ) ;
#2946 = CARTESIAN_POINT ( 'NONE',  ( 1.100000000000000100, -0.9497259069509144100, 1.539532808751409300 ) ) ;
#2947 = ADVANCED_FACE ( 'NONE', ( #2694 ), #3552, .T. ) ;
#2948 = ORIENTED_EDGE ( 'NONE', *, *, #1493, .F. ) ;
#2949 = DIRECTION ( 'NONE',  ( 0.0000000000000000000, -0.9975640502598242000, 0.06975647374412530200 ) ) ;
#2950 = CIRCLE ( 'NONE', #2046, 0.1999999999999998700 ) ;
#2951 = DIRECTION ( 'NONE',  ( 0.0000000000000000000, 0.0000000000000000000, -1.000000000000000000 ) ) ;
#2952 = ORIENTED_EDGE ( 'NONE', *, *, #720, .T. ) ;
#2953 = DIRECTION ( 'NONE',  ( 0.06916478287887439800, -0.9891024766687787100, 0.1299712408843068900 ) ) ;
#2954 = EDGE_LOOP ( 'NONE', ( #1384, #2051, #2847, #852, #802 ) ) ;
#2955 = FILL_AREA_STYLE_COLOUR ( '', #832 ) ;
#2956 = EDGE_CURVE ( 'NONE', #3368, #2787, #2469, .T. ) ;
#2957 = CARTESIAN_POINT ( 'NONE',  ( -1.302451816031413400, -0.6999999999999999600, 0.7762558472959995000 ) ) ;
#2958 = FILL_AREA_STYLE_COLOUR ( '', #333 ) ;
#2959 = DIRECTION ( 'NONE',  ( -1.000000000000000000, 0.0000000000000000000, 0.0000000000000000000 ) ) ;
#2960 = PRESENTATION_LAYER_ASSIGNMENT (  '', '', ( #2820 ) ) ;
#2961 =( NAMED_UNIT ( * ) PLANE_ANGLE_UNIT ( ) SI_UNIT ( $, .RADIAN. ) );
#2962 = STYLED_ITEM ( 'NONE', ( #4169 ), #2373 ) ;
#2963 = CARTESIAN_POINT ( 'NONE',  ( -1.346660509010078100, 0.9127902589497647300, 0.9491729958687894500 ) ) ;
#2964 = AXIS2_PLACEMENT_3D ( 'NONE', #3229, #2259, #2582 ) ;
#2965 = EDGE_CURVE ( 'NONE', #2548, #4392, #4159, .T. ) ;
#2966 =( BOUNDED_CURVE ( )  B_SPLINE_CURVE ( 3, ( #3978, #1318, #2026, #281 ),
 .UNSPECIFIED., .F., .T. ) 
 B_SPLINE_CURVE_WITH_KNOTS ( ( 4, 4 ),
 ( 3.211405823669562800, 4.712388980384687900 ),
 .UNSPECIFIED. ) 
 CURVE ( )  GEOMETRIC_REPRESENTATION_ITEM ( )  RATIONAL_B_SPLINE_CURVE ( ( 1.000000000000000000, 0.8209024677461132000, 0.8209024677461132000, 1.000000000000000000 ) ) 
 REPRESENTATION_ITEM ( '' )  );
#2967 = EDGE_CURVE ( 'NONE', #778, #3756, #3230, .T. ) ;
#2968 = CARTESIAN_POINT ( 'NONE',  ( -1.399999999999999900, 0.1499999999999604400, 1.560097437989604000 ) ) ;
#2969 = ADVANCED_FACE ( 'NONE', ( #2289 ), #3446, .F. ) ;
#2970 = ORIENTED_EDGE ( 'NONE', *, *, #18, .F. ) ;
#2971 = VECTOR ( 'NONE', #9, 1000.000000000000000 ) ;
#2972 = DIRECTION ( 'NONE',  ( 0.0000000000000000000, 0.0000000000000000000, 1.000000000000000000 ) ) ;
#2973 = ORIENTED_EDGE ( 'NONE', *, *, #3168, .F. ) ;
#2974 = DIRECTION ( 'NONE',  ( 0.0000000000000000000, -0.9986295347545739400, 0.05233595624294415400 ) ) ;
#2975 = ADVANCED_FACE ( 'NONE', ( #305 ), #3994, .F. ) ;
#2976 =( NAMED_UNIT ( * ) SI_UNIT ( $, .STERADIAN. ) SOLID_ANGLE_UNIT ( ) );
#2977 = CARTESIAN_POINT ( 'NONE',  ( -0.4000000000000000800, -1.011922027653141300E-015, 1.750000000000000200 ) ) ;
#2978 = VERTEX_POINT ( 'NONE', #628 ) ;
#2979 = FACE_OUTER_BOUND ( 'NONE', #464, .T. ) ;
#2980 = FACE_OUTER_BOUND ( 'NONE', #1556, .T. ) ;
#2981 = CARTESIAN_POINT ( 'NONE',  ( -0.7562440636806545500, 0.9120926942123234200, 1.543755936319345600 ) ) ;
#2982 = CARTESIAN_POINT ( 'NONE',  ( -1.300828945580725400, -0.6999999999999997300, -0.7762806420871662900 ) ) ;
#2983 = VECTOR ( 'NONE', #2068, 1000.000000000000000 ) ;
#2984 = ORIENTED_EDGE ( 'NONE', *, *, #542, .F. ) ;
#2985 = FILL_AREA_STYLE_COLOUR ( '', #1098 ) ;
#2986 = ORIENTED_EDGE ( 'NONE', *, *, #460, .F. ) ;
#2987 = PRESENTATION_STYLE_ASSIGNMENT (( #98 ) ) ;
#2988 = FILL_AREA_STYLE ('',( #1936 ) ) ;
#2989 = ORIENTED_EDGE ( 'NONE', *, *, #4, .F. ) ;
#2990 = CARTESIAN_POINT ( 'NONE',  ( 1.100000000000000100, -0.01000000000000010300, 1.600000000000000300 ) ) ;
#2991 = MECHANICAL_DESIGN_GEOMETRIC_PRESENTATION_REPRESENTATION (  '', ( #2853 ), #1667 ) ;
#2992 = DIRECTION ( 'NONE',  ( 0.0000000000000000000, -1.000000000000000000, -5.782411586589377400E-016 ) ) ;
#2993 = DIRECTION ( 'NONE',  ( 0.0000000000000000000, 1.000000000000000000, 5.860552283705434800E-016 ) ) ;
#2994 = ADVANCED_FACE ( 'NONE', ( #2689 ), #1821, .T. ) ;
#2995 = UNCERTAINTY_MEASURE_WITH_UNIT (LENGTH_MEASURE( 1.000000000000000100E-005 ), #3560, 'distance_accuracy_value', 'NONE');
#2996 = CARTESIAN_POINT ( 'NONE',  ( -1.100000000000000100, 4.300749537507581400E-014, -1.164031684864866500E-027 ) ) ;
#2997 = AXIS2_PLACEMENT_3D ( 'NONE', #4078, #2118, #1071 ) ;
#2998 = LINE ( 'NONE', #3142, #1159 ) ;
#2999 =( LENGTH_UNIT ( ) NAMED_UNIT ( * ) SI_UNIT ( .MILLI., .METRE. ) );
#3000 = CIRCLE ( 'NONE', #1345, 0.03999999999999999400 ) ;
#3001 = CARTESIAN_POINT ( 'NONE',  ( 1.399999999999999900, -0.6999999999999998400, 1.503261606402509500 ) ) ;
#3002 = SURFACE_SIDE_STYLE ('',( #215 ) ) ;
#3003 = ORIENTED_EDGE ( 'NONE', *, *, #828, .F. ) ;
#3004 = SURFACE_SIDE_STYLE ('',( #1257 ) ) ;
#3005 = CYLINDRICAL_SURFACE ( 'NONE', #1045, 0.03999999999999999400 ) ;
#3006 = ORIENTED_EDGE ( 'NONE', *, *, #4119, .T. ) ;
#3007 = LINE ( 'NONE', #753, #2907 ) ;
#3008 =( NAMED_UNIT ( * ) PLANE_ANGLE_UNIT ( ) SI_UNIT ( $, .RADIAN. ) );
#3009 = AXIS2_PLACEMENT_3D ( 'NONE', #4006, #3329, #2029 ) ;
#3010 = PRESENTATION_LAYER_ASSIGNMENT (  '', '', ( #2355 ) ) ;
#3011 =( NAMED_UNIT ( * ) SI_UNIT ( $, .STERADIAN. ) SOLID_ANGLE_UNIT ( ) );
#3012 = DIRECTION ( 'NONE',  ( 0.0000000000000000000, -0.06975647374412430300, 0.9975640502598243100 ) ) ;
#3013 = FILL_AREA_STYLE_COLOUR ( '', #954 ) ;
#3014 = ADVANCED_FACE ( 'NONE', ( #1112 ), #1727, .F. ) ;
#3015 = DIRECTION ( 'NONE',  ( 1.000000000000000000, -0.0000000000000000000, 0.0000000000000000000 ) ) ;
#3016 = ORIENTED_EDGE ( 'NONE', *, *, #4233, .F. ) ;
#3017 = AXIS2_PLACEMENT_3D ( 'NONE', #2282, #3554, #1611 ) ;
#3018 =( NAMED_UNIT ( * ) SI_UNIT ( $, .STERADIAN. ) SOLID_ANGLE_UNIT ( ) );
#3019 = UNCERTAINTY_MEASURE_WITH_UNIT (LENGTH_MEASURE( 1.000000000000000100E-005 ), #4286, 'distance_accuracy_value', 'NONE');
#3020 = CARTESIAN_POINT ( 'NONE',  ( 0.4000000000000000800, -0.7499999999999998900, -1.549999999999999400 ) ) ;
#3021 = EDGE_CURVE ( 'NONE', #2444, #148, #2747, .T. ) ;
#3022 = EDGE_CURVE ( 'NONE', #793, #3422, #1445, .T. ) ;
#3023 = DIRECTION ( 'NONE',  ( 0.7071067811865475700, -2.482570068734256400E-017, 0.7071067811865475700 ) ) ;
#3024 = CARTESIAN_POINT ( 'NONE',  ( -1.303261606402509100, -0.6999999999999998400, 0.7762806420871662900 ) ) ;
#3025 = DIRECTION ( 'NONE',  ( 1.000000000000000000, 0.0000000000000000000, 0.0000000000000000000 ) ) ;
#3026 = ORIENTED_EDGE ( 'NONE', *, *, #3094, .T. ) ;
#3027 = VERTEX_POINT ( 'NONE', #4346 ) ;
#3028 =( LENGTH_UNIT ( ) NAMED_UNIT ( * ) SI_UNIT ( .MILLI., .METRE. ) );
#3029 = EDGE_LOOP ( 'NONE', ( #1663, #2132, #3016, #105 ) ) ;
#3030 = LINE ( 'NONE', #1238, #2369 ) ;
#3031 = CARTESIAN_POINT ( 'NONE',  ( -0.7706223115463997100, 0.9399999491133375100, 1.529377688453600600 ) ) ;
#3032 = EDGE_LOOP ( 'NONE', ( #3834, #3026, #3809, #387 ) ) ;
#3033 = CARTESIAN_POINT ( 'NONE',  ( -1.320194145396202100, -0.9912768920205994300, 0.6980287142394419100 ) ) ;
#3034 = ADVANCED_FACE ( 'NONE', ( #3822 ), #2093, .T. ) ;
#3035 = EDGE_CURVE ( 'NONE', #2097, #3188, #2337, .T. ) ;
#3036 = ORIENTED_EDGE ( 'NONE', *, *, #2232, .T. ) ;
#3037 = CARTESIAN_POINT ( 'NONE',  ( -1.303261606402509100, -0.6999999999999998400, -0.7762062805697254000 ) ) ;
#3038 =( NAMED_UNIT ( * ) PLANE_ANGLE_UNIT ( ) SI_UNIT ( $, .RADIAN. ) );
#3039 = DIRECTION ( 'NONE',  ( -0.0000000000000000000, 0.9986295347545739400, 0.05233595624294358500 ) ) ;
#3040 = LINE ( 'NONE', #3277, #572 ) ;
#3041 = AXIS2_PLACEMENT_3D ( 'NONE', #819, #1847, #1489 ) ;
#3042 =( BOUNDED_CURVE ( )  B_SPLINE_CURVE ( 3, ( #3699, #2406, #382, #3037 ),
 .UNSPECIFIED., .F., .T. ) 
 B_SPLINE_CURVE_WITH_KNOTS ( ( 4, 4 ),
 ( 1.570796326794893700, 3.071779483510018100 ),
 .UNSPECIFIED. ) 
 CURVE ( )  GEOMETRIC_REPRESENTATION_ITEM ( )  RATIONAL_B_SPLINE_CURVE ( ( 1.000000000000000000, 0.8209024677461134200, 0.8209024677461134200, 1.000000000000000000 ) ) 
 REPRESENTATION_ITEM ( '' )  );
#3043 = COLOUR_RGB ( '',0.08235294117647058700, 0.08235294117647058700, 0.08235294117647058700 ) ;
#3044 = ORIENTED_EDGE ( 'NONE', *, *, #1411, .T. ) ;
#3045 = AXIS2_PLACEMENT_3D ( 'NONE', #2758, #1413, #2428 ) ;
#3046 = CARTESIAN_POINT ( 'NONE',  ( -1.343164168412901900, -0.6627902589497647300, 0.7411929124102064600 ) ) ;
#3047 = EDGE_CURVE ( 'NONE', #1616, #578, #3608, .T. ) ;
#3048 = TOROIDAL_SURFACE ( 'NONE', #512, 0.4207106781186547600, 0.05000000000000000300 ) ;
#3049 = EDGE_CURVE ( 'NONE', #1408, #2823, #2431, .T. ) ;
#3050 = CARTESIAN_POINT ( 'NONE',  ( -0.4000000000000000800, 0.0000000000000000000, 0.0000000000000000000 ) ) ;
#3051 = LINE ( 'NONE', #702, #1548 ) ;
#3052 = SURFACE_STYLE_FILL_AREA ( #4246 ) ;
#3053 = ORIENTED_EDGE ( 'NONE', *, *, #861, .F. ) ;
#3054 = FACE_OUTER_BOUND ( 'NONE', #1075, .T. ) ;
#3055 = CARTESIAN_POINT ( 'NONE',  ( -1.100000000000000100, -2.710505431213761100E-017, -1.590000000000000300 ) ) ;
#3056 = FILL_AREA_STYLE ('',( #1369 ) ) ;
#3057 = ORIENTED_EDGE ( 'NONE', *, *, #3696, .T. ) ;
#3058 = CARTESIAN_POINT ( 'NONE',  ( -1.300828945580725400, -0.6999999999999998400, 0.7762806420871662900 ) ) ;
#3059 = ADVANCED_FACE ( 'NONE', ( #1872 ), #3376, .F. ) ;
#3060 = DIRECTION ( 'NONE',  ( 1.000000000000000000, 0.0000000000000000000, 0.0000000000000000000 ) ) ;
#3061 = CIRCLE ( 'NONE', #794, 0.04999999999999969700 ) ;
#3062 = CARTESIAN_POINT ( 'NONE',  ( -0.7465760729533835700, 0.7491521227185419200, 1.553423927046616400 ) ) ;
#3063 = VERTEX_POINT ( 'NONE', #3712 ) ;
#3064 = PRESENTATION_STYLE_ASSIGNMENT (( #3252 ) ) ;
#3065 = CARTESIAN_POINT ( 'NONE',  ( -1.100000000000000100, -0.01000000000000002600, 1.590000000000000300 ) ) ;
#3066 = ORIENTED_EDGE ( 'NONE', *, *, #47, .T. ) ;
#3067 =( NAMED_UNIT ( * ) PLANE_ANGLE_UNIT ( ) SI_UNIT ( $, .RADIAN. ) );
#3068 = AXIS2_PLACEMENT_3D ( 'NONE', #1117, #1472, #1834 ) ;
#3069 = DIRECTION ( 'NONE',  ( 0.06958737431666105200, -0.9951458157835086900, -0.06958737431666470200 ) ) ;
#3070 = AXIS2_PLACEMENT_3D ( 'NONE', #3300, #4333, #2376 ) ;
#3071 = EDGE_CURVE ( 'NONE', #1709, #4178, #1766, .T. ) ;
#3072 = CIRCLE ( 'NONE', #1232, 0.04999999999999991300 ) ;
#3073 = CARTESIAN_POINT ( 'NONE',  ( 1.343164168412901600, -0.6627902589497647300, 0.7411929124102064600 ) ) ;
#3074 = ORIENTED_EDGE ( 'NONE', *, *, #94, .T. ) ;
#3075 = ORIENTED_EDGE ( 'NONE', *, *, #163, .T. ) ;
#3076 = FACE_OUTER_BOUND ( 'NONE', #2423, .T. ) ;
#3077 = ORIENTED_EDGE ( 'NONE', *, *, #1195, .F. ) ;
#3078 = CARTESIAN_POINT ( 'NONE',  ( -1.318791840464721200, 0.7406975647374410800, 1.558694402475115500 ) ) ;
#3079 = SURFACE_STYLE_USAGE ( .BOTH. , #2759 ) ;
#3080 = MECHANICAL_DESIGN_GEOMETRIC_PRESENTATION_REPRESENTATION (  '', ( #2643 ), #815 ) ;
#3081 = VECTOR ( 'NONE', #1580, 1000.000000000000000 ) ;
#3082 = UNCERTAINTY_MEASURE_WITH_UNIT (LENGTH_MEASURE( 1.000000000000000100E-005 ), #2788, 'distance_accuracy_value', 'NONE');
#3083 = VECTOR ( 'NONE', #3748, 1000.000000000000000 ) ;
#3084 = MECHANICAL_DESIGN_GEOMETRIC_PRESENTATION_REPRESENTATION (  '', ( #7 ), #238 ) ;
#3085 = DIRECTION ( 'NONE',  ( -1.000000000000000000, 0.0000000000000000000, -0.0000000000000000000 ) ) ;
#3086 = CARTESIAN_POINT ( 'NONE',  ( 1.469576158976823600E-016, 0.9299999999999998300, -1.200000000000000000 ) ) ;
#3087 = COLOUR_RGB ( '',0.7529411764705882200, 0.7529411764705882200, 0.7529411764705882200 ) ;
#3088 = CARTESIAN_POINT ( 'NONE',  ( -1.303261606402509100, -0.6599999999999999200, -1.503261606402509500 ) ) ;
#3089 = ORIENTED_EDGE ( 'NONE', *, *, #2956, .T. ) ;
#3090 = VECTOR ( 'NONE', #1171, 1000.000000000000000 ) ;
#3091 = LINE ( 'NONE', #2209, #2685 ) ;
#3092 = ORIENTED_EDGE ( 'NONE', *, *, #3243, .T. ) ;
#3093 =( GEOMETRIC_REPRESENTATION_CONTEXT ( 3 ) GLOBAL_UNCERTAINTY_ASSIGNED_CONTEXT ( ( #2287 ) ) GLOBAL_UNIT_ASSIGNED_CONTEXT ( ( #2045, #2364, #1712 ) ) REPRESENTATION_CONTEXT ( 'NONE', 'WORKASPACE' ) );
#3094 = EDGE_CURVE ( 'NONE', #2554, #2705, #3051, .T. ) ;
#3095 = EDGE_CURVE ( 'NONE', #948, #4403, #3932, .T. ) ;
#3096 = SURFACE_STYLE_FILL_AREA ( #3139 ) ;
#3097 = DIRECTION ( 'NONE',  ( 0.0000000000000000000, 0.0000000000000000000, 1.000000000000000000 ) ) ;
#3098 = ORIENTED_EDGE ( 'NONE', *, *, #747, .T. ) ;
#3099 = LINE ( 'NONE', #4136, #2475 ) ;
#3100 = DIRECTION ( 'NONE',  ( -1.000000000000000000, -0.0000000000000000000, -0.0000000000000000000 ) ) ;
#3101 = CARTESIAN_POINT ( 'NONE',  ( 1.342212774893347200, -0.1029723391035384400, -0.8143881353535628000 ) ) ;
#3102 = ORIENTED_EDGE ( 'NONE', *, *, #2513, .T. ) ;
#3103 = DIRECTION ( 'NONE',  ( 0.0000000000000000000, 0.0000000000000000000, -1.000000000000000000 ) ) ;
#3104 = EDGE_CURVE ( 'NONE', #3437, #941, #2157, .T. ) ;
#3105 = DIRECTION ( 'NONE',  ( 1.000000000000000000, 0.0000000000000000000, 0.0000000000000000000 ) ) ;
#3106 = DIRECTION ( 'NONE',  ( 0.0000000000000000000, 0.9975640502598242000, -0.06975647374412531600 ) ) ;
#3107 = EDGE_LOOP ( 'NONE', ( #2941, #3102, #3675, #1093 ) ) ;
#3108 = UNCERTAINTY_MEASURE_WITH_UNIT (LENGTH_MEASURE( 1.000000000000000100E-005 ), #1992, 'distance_accuracy_value', 'NONE');
#3109 = STYLED_ITEM ( 'NONE', ( #3435 ), #4329 ) ;
#3110 = AXIS2_PLACEMENT_3D ( 'NONE', #2710, #3039, #1004 ) ;
#3111 = LINE ( 'NONE', #3594, #444 ) ;
#3112 = CARTESIAN_POINT ( 'NONE',  ( -1.100000000000000100, -0.7499999999999994400, 1.599999999999999900 ) ) ;
#3113 =( GEOMETRIC_REPRESENTATION_CONTEXT ( 3 ) GLOBAL_UNCERTAINTY_ASSIGNED_CONTEXT ( ( #309 ) ) GLOBAL_UNIT_ASSIGNED_CONTEXT ( ( #988, #3265, #2646 ) ) REPRESENTATION_CONTEXT ( 'NONE', 'WORKASPACE' ) );
#3114 = EDGE_CURVE ( 'NONE', #199, #1363, #2950, .T. ) ;
#3115 = SURFACE_STYLE_FILL_AREA ( #2260 ) ;
#3116 = AXIS2_PLACEMENT_3D ( 'NONE', #1076, #4012, #3682 ) ;
#3117 = CIRCLE ( 'NONE', #2224, 0.1999999999999998700 ) ;
#3118 = LINE ( 'NONE', #1213, #2827 ) ;
#3119 = VERTEX_POINT ( 'NONE', #1111 ) ;
#3120 = DIRECTION ( 'NONE',  ( 0.0000000000000000000, 0.0000000000000000000, -1.000000000000000000 ) ) ;
#3121 = ORIENTED_EDGE ( 'NONE', *, *, #1715, .T. ) ;
#3122 = VERTEX_POINT ( 'NONE', #2814 ) ;
#3123 = SPHERICAL_SURFACE ( 'NONE', #3462, 0.04000000000000000100 ) ;
#3124 = ORIENTED_EDGE ( 'NONE', *, *, #1057, .F. ) ;
#3125 = CARTESIAN_POINT ( 'NONE',  ( 0.4000000000000000800, -0.7499999999999990000, -1.599999999999999900 ) ) ;
#3126 = LINE ( 'NONE', #3236, #4034 ) ;
#3127 = CARTESIAN_POINT ( 'NONE',  ( 1.100000000000000100, -0.8666620586815844100, 0.04541983388437099300 ) ) ;
#3128 = DIRECTION ( 'NONE',  ( 0.0000000000000000000, 1.000000000000000000, 7.228014483236683500E-017 ) ) ;
#3129 = EDGE_LOOP ( 'NONE', ( #669, #4385, #623, #1800 ) ) ;
#3130 = SURFACE_SIDE_STYLE ('',( #96 ) ) ;
#3131 = DIRECTION ( 'NONE',  ( -0.0000000000000000000, 1.000000000000000000, 7.228014483236695800E-017 ) ) ;
#3132 = VERTEX_POINT ( 'NONE', #3046 ) ;
#3133 = CARTESIAN_POINT ( 'NONE',  ( -1.334279503032819200, 0.7499999999999997800, 1.545644864067376600 ) ) ;
#3134 =( GEOMETRIC_REPRESENTATION_CONTEXT ( 3 ) GLOBAL_UNCERTAINTY_ASSIGNED_CONTEXT ( ( #3586 ) ) GLOBAL_UNIT_ASSIGNED_CONTEXT ( ( #1514, #1827, #2086 ) ) REPRESENTATION_CONTEXT ( 'NONE', 'WORKASPACE' ) );
#3135 =( BOUNDED_CURVE ( )  B_SPLINE_CURVE ( 3, ( #2606, #3938, #1966, #600 ),
 .UNSPECIFIED., .F., .F. ) 
 B_SPLINE_CURVE_WITH_KNOTS ( ( 4, 4 ),
 ( 3.211405823669559700, 4.712388980384691500 ),
 .UNSPECIFIED. ) 
 CURVE ( )  GEOMETRIC_REPRESENTATION_ITEM ( )  RATIONAL_B_SPLINE_CURVE ( ( 1.000000000000000000, 0.8209024677461116400, 0.8209024677461116400, 1.000000000000000000 ) ) 
 REPRESENTATION_ITEM ( '' )  );
#3136 = FACE_OUTER_BOUND ( 'NONE', #2775, .T. ) ;
#3137 = ORIENTED_EDGE ( 'NONE', *, *, #2595, .T. ) ;
#3138 = AXIS2_PLACEMENT_3D ( 'NONE', #3157, #1909, #545 ) ;
#3139 = FILL_AREA_STYLE ('',( #453 ) ) ;
#3140 = STYLED_ITEM ( 'NONE', ( #3662 ), #3014 ) ;
#3141 = EDGE_LOOP ( 'NONE', ( #977, #3098, #2375, #4244, #1648, #1491, #3179, #1680, #906, #3648, #2166, #945 ) ) ;
#3142 = CARTESIAN_POINT ( 'NONE',  ( 1.399999999999999900, -0.6627902589497649500, -1.543164168412902700 ) ) ;
#3143 = SURFACE_STYLE_FILL_AREA ( #4154 ) ;
#3144 = CARTESIAN_POINT ( 'NONE',  ( 0.4000000000000000800, -0.7499999999999982200, -1.749999999999999800 ) ) ;
#3145 = EDGE_CURVE ( 'NONE', #1285, #3270, #1162, .T. ) ;
#3146 = VERTEX_POINT ( 'NONE', #2799 ) ;
#3147 = EDGE_CURVE ( 'NONE', #964, #2753, #253, .T. ) ;
#3148 = LINE ( 'NONE', #4266, #1773 ) ;
#3149 = CARTESIAN_POINT ( 'NONE',  ( 0.4000000000000000800, -0.04861185450468941800, -0.9275694404479294400 ) ) ;
#3150 = DIRECTION ( 'NONE',  ( 0.0000000000000000000, 0.0000000000000000000, -1.000000000000000000 ) ) ;
#3151 = DIRECTION ( 'NONE',  ( 0.0000000000000000000, 0.0000000000000000000, 1.000000000000000000 ) ) ;
#3152 = ORIENTED_EDGE ( 'NONE', *, *, #1400, .T. ) ;
#3153 = ORIENTED_EDGE ( 'NONE', *, *, #3245, .T. ) ;
#3154 = UNCERTAINTY_MEASURE_WITH_UNIT (LENGTH_MEASURE( 1.000000000000000100E-005 ), #3630, 'distance_accuracy_value', 'NONE');
#3155 = EDGE_CURVE ( 'NONE', #4041, #52, #139, .T. ) ;
#3156 = ORIENTED_EDGE ( 'NONE', *, *, #2077, .F. ) ;
#3157 = CARTESIAN_POINT ( 'NONE',  ( -1.306757946999685100, 0.9099999999999999200, -1.506757946999684800 ) ) ;
#3158 = AXIS2_PLACEMENT_3D ( 'NONE', #594, #1274, #2934 ) ;
#3159 = EDGE_LOOP ( 'NONE', ( #3645, #3803 ) ) ;
#3160 =( NAMED_UNIT ( * ) SI_UNIT ( $, .STERADIAN. ) SOLID_ANGLE_UNIT ( ) );
#3161 = STYLED_ITEM ( 'NONE', ( #2062 ), #2247 ) ;
#3162 = FACE_OUTER_BOUND ( 'NONE', #2467, .T. ) ;
#3163 = SURFACE_STYLE_FILL_AREA ( #390 ) ;
#3164 = CARTESIAN_POINT ( 'NONE',  ( -1.318791840464721400, 0.7399999999999997700, 1.548718761972517300 ) ) ;
#3165 = ORIENTED_EDGE ( 'NONE', *, *, #1023, .F. ) ;
#3166 = DIRECTION ( 'NONE',  ( 1.000000000000000000, 0.0000000000000000000, 0.0000000000000000000 ) ) ;
#3167 = MECHANICAL_DESIGN_GEOMETRIC_PRESENTATION_REPRESENTATION (  '', ( #4179 ), #3790 ) ;
#3168 = EDGE_CURVE ( 'NONE', #459, #3119, #2849, .T. ) ;
#3169 = DIRECTION ( 'NONE',  ( 0.0000000000000000000, -1.000000000000000000, 5.782411586589380300E-016 ) ) ;
#3170 = LINE ( 'NONE', #2916, #1037 ) ;
#3171 = ORIENTED_EDGE ( 'NONE', *, *, #2800, .F. ) ;
#3172 = DIRECTION ( 'NONE',  ( 1.000000000000000000, -0.0000000000000000000, 0.0000000000000000000 ) ) ;
#3173 = SURFACE_STYLE_FILL_AREA ( #4112 ) ;
#3174 = CARTESIAN_POINT ( 'NONE',  ( 1.336774821479290900, 1.054162177045693300, 1.496872259468898100 ) ) ;
#3175 =( LENGTH_UNIT ( ) NAMED_UNIT ( * ) SI_UNIT ( .MILLI., .METRE. ) );
#3176 = FILL_AREA_STYLE ('',( #2985 ) ) ;
#3177 = PLANE ( 'NONE',  #3667 ) ;
#3178 = DIRECTION ( 'NONE',  ( 0.0000000000000000000, 1.000000000000000000, -5.860552283705437800E-016 ) ) ;
#3179 = ORIENTED_EDGE ( 'NONE', *, *, #796, .F. ) ;
#3180 = ORIENTED_EDGE ( 'NONE', *, *, #3366, .F. ) ;
#3181 = CARTESIAN_POINT ( 'NONE',  ( -1.318791840464721400, 0.7499999999999997800, 1.558043912833893900 ) ) ;
#3182 = MECHANICAL_DESIGN_GEOMETRIC_PRESENTATION_REPRESENTATION (  '', ( #3700 ), #3635 ) ;
#3183 = PRESENTATION_STYLE_ASSIGNMENT (( #1593 ) ) ;
#3184 = CARTESIAN_POINT ( 'NONE',  ( -1.358694402475114900, 0.7406975647374410800, 0.9371391024037527600 ) ) ;
#3185 = EDGE_LOOP ( 'NONE', ( #3337, #978, #3171, #100 ) ) ;
#3186 = SURFACE_SIDE_STYLE ('',( #1188 ) ) ;
#3187 = DIRECTION ( 'NONE',  ( 0.0000000000000000000, -7.228014483236695800E-017, 1.000000000000000000 ) ) ;
#3188 = VERTEX_POINT ( 'NONE', #2163 ) ;
#3189 = EDGE_CURVE ( 'NONE', #4252, #4288, #2523, .T. ) ;
#3190 = PRESENTATION_STYLE_ASSIGNMENT (( #1888 ) ) ;
#3191 = CARTESIAN_POINT ( 'NONE',  ( 1.300828945580725400, -0.6999999999999998400, 0.7762806420871662900 ) ) ;
#3192 = DIRECTION ( 'NONE',  ( 0.0000000000000000000, -1.000000000000000000, 5.782411586589380300E-016 ) ) ;
#3193 = ORIENTED_EDGE ( 'NONE', *, *, #1854, .T. ) ;
#3194 = CIRCLE ( 'NONE', #3009, 0.2499999999999995300 ) ;
#3195 = ORIENTED_EDGE ( 'NONE', *, *, #304, .F. ) ;
#3196 = CARTESIAN_POINT ( 'NONE',  ( -0.4000000000000000800, -1.219729649861163500E-015, -1.750000000000000200 ) ) ;
#3197 = FILL_AREA_STYLE_COLOUR ( '', #4219 ) ;
#3198 = ADVANCED_FACE ( 'NONE', ( #519 ), #2486, .F. ) ;
#3199 =( NAMED_UNIT ( * ) SI_UNIT ( $, .STERADIAN. ) SOLID_ANGLE_UNIT ( ) );
#3200 = EDGE_LOOP ( 'NONE', ( #2745, #2805, #3398, #3466 ) ) ;
#3201 = AXIS2_PLACEMENT_3D ( 'NONE', #4276, #2322, #592 ) ;
#3202 = MECHANICAL_DESIGN_GEOMETRIC_PRESENTATION_REPRESENTATION (  '', ( #2551 ), #205 ) ;
#3203 = CARTESIAN_POINT ( 'NONE',  ( 0.4000000000000000800, 0.1499999999999998600, 1.600000000000000300 ) ) ;
#3204 = ORIENTED_EDGE ( 'NONE', *, *, #871, .F. ) ;
#3205 = FILL_AREA_STYLE_COLOUR ( '', #141 ) ;
#3206 = AXIS2_PLACEMENT_3D ( 'NONE', #3427, #99, #477 ) ;
#3207 = DIRECTION ( 'NONE',  ( -0.06958737431666127400, -0.9951458157835089100, -0.06958737431666471600 ) ) ;
#3208 = ORIENTED_EDGE ( 'NONE', *, *, #3621, .T. ) ;
#3209 = PLANE ( 'NONE',  #448 ) ;
#3210 = CYLINDRICAL_SURFACE ( 'NONE', #4173, 0.01000000000000002600 ) ;
#3211 = ORIENTED_EDGE ( 'NONE', *, *, #3021, .T. ) ;
#3212 = EDGE_CURVE ( 'NONE', #1709, #166, #4264, .T. ) ;
#3213 = EDGE_CURVE ( 'NONE', #4139, #649, #1385, .T. ) ;
#3214 = DIRECTION ( 'NONE',  ( -0.0000000000000000000, 5.860552283705437800E-016, 1.000000000000000000 ) ) ;
#3215 = CARTESIAN_POINT ( 'NONE',  ( -1.349371528196719600, 0.3005973972978855900, -1.549371528196721500 ) ) ;
#3216 = ORIENTED_EDGE ( 'NONE', *, *, #2801, .T. ) ;
#3217 = ORIENTED_EDGE ( 'NONE', *, *, #1330, .T. ) ;
#3218 = DIRECTION ( 'NONE',  ( 0.0000000000000000000, -1.000000000000000000, 2.771354444913080200E-014 ) ) ;
#3219 = SURFACE_STYLE_USAGE ( .BOTH. , #1635 ) ;
#3220 = EDGE_LOOP ( 'NONE', ( #4072, #1704 ) ) ;
#3221 = VECTOR ( 'NONE', #2022, 1000.000000000000100 ) ;
#3222 = EDGE_LOOP ( 'NONE', ( #3254, #2894, #1937, #4037 ) ) ;
#3223 =( LENGTH_UNIT ( ) NAMED_UNIT ( * ) SI_UNIT ( .MILLI., .METRE. ) );
#3224 = UNCERTAINTY_MEASURE_WITH_UNIT (LENGTH_MEASURE( 1.000000000000000100E-005 ), #928, 'distance_accuracy_value', 'NONE');
#3225 = FACE_OUTER_BOUND ( 'NONE', #114, .T. ) ;
#3226 = ADVANCED_FACE ( 'NONE', ( #4051 ), #581, .T. ) ;
#3227 = DIRECTION ( 'NONE',  ( 0.0000000000000000000, 2.706578643357732500E-014, 1.000000000000000000 ) ) ;
#3228 = ORIENTED_EDGE ( 'NONE', *, *, #633, .T. ) ;
#3229 = CARTESIAN_POINT ( 'NONE',  ( -1.100000000000000100, -2.710505431213759900E-017, -1.600000000000000300 ) ) ;
#3230 = LINE ( 'NONE', #1682, #841 ) ;
#3231 = EDGE_CURVE ( 'NONE', #3360, #2541, #1607, .T. ) ;
#3232 = DIRECTION ( 'NONE',  ( 0.0000000000000000000, 0.0000000000000000000, 1.000000000000000000 ) ) ;
#3233 =( NAMED_UNIT ( * ) SI_UNIT ( $, .STERADIAN. ) SOLID_ANGLE_UNIT ( ) );
#3234 = VERTEX_POINT ( 'NONE', #1735 ) ;
#3235 = LINE ( 'NONE', #1928, #697 ) ;
#3236 = CARTESIAN_POINT ( 'NONE',  ( -0.4000000000000000800, -0.7499999999999982200, -1.749999999999999800 ) ) ;
#3237 = AXIS2_PLACEMENT_3D ( 'NONE', #2127, #439, #2755 ) ;
#3238 = VERTEX_POINT ( 'NONE', #1064 ) ;
#3239 = CARTESIAN_POINT ( 'NONE',  ( -1.313829014811550600, 0.9499999999999997300, 0.9861709851884497000 ) ) ;
#3240 = FACE_OUTER_BOUND ( 'NONE', #4134, .T. ) ;
#3241 = CARTESIAN_POINT ( 'NONE',  ( 0.4000000000000000800, -0.01000000000000001900, -1.590000000000000300 ) ) ;
#3242 = PRESENTATION_LAYER_ASSIGNMENT (  '', '', ( #1410 ) ) ;
#3243 = EDGE_CURVE ( 'NONE', #2411, #2757, #33, .T. ) ;
#3244 = DIRECTION ( 'NONE',  ( 1.000000000000000000, 0.0000000000000000000, 0.0000000000000000000 ) ) ;
#3245 = EDGE_CURVE ( 'NONE', #569, #2130, #3042, .T. ) ;
#3246 = CARTESIAN_POINT ( 'NONE',  ( -1.313829014811550600, 0.9399999999999998400, 0.9861709851884497000 ) ) ;
#3247 = CARTESIAN_POINT ( 'NONE',  ( -0.7400301301140676000, 0.7433873815755210900, 1.558506312158916700 ) ) ;
#3248 = ORIENTED_EDGE ( 'NONE', *, *, #4, .T. ) ;
#3249 = SURFACE_STYLE_FILL_AREA ( #4023 ) ;
#3250 =( NAMED_UNIT ( * ) SI_UNIT ( $, .STERADIAN. ) SOLID_ANGLE_UNIT ( ) );
#3251 = ADVANCED_FACE ( 'NONE', ( #4396 ), #3739, .T. ) ;
#3252 = SURFACE_STYLE_USAGE ( .BOTH. , #1959 ) ;
#3253 = DIRECTION ( 'NONE',  ( 0.0000000000000000000, -1.000000000000000000, -5.782411586589377400E-016 ) ) ;
#3254 = ORIENTED_EDGE ( 'NONE', *, *, #1796, .T. ) ;
#3255 = UNCERTAINTY_MEASURE_WITH_UNIT (LENGTH_MEASURE( 1.000000000000000100E-005 ), #240, 'distance_accuracy_value', 'NONE');
#3256 = VECTOR ( 'NONE', #30, 1000.000000000000000 ) ;
#3257 = VECTOR ( 'NONE', #3458, 1000.000000000000000 ) ;
#3258 = DIRECTION ( 'NONE',  ( -1.881169854268313900E-036, 7.228014483236695800E-017, -1.000000000000000000 ) ) ;
#3259 = LINE ( 'NONE', #28, #111 ) ;
#3260 =( NAMED_UNIT ( * ) PLANE_ANGLE_UNIT ( ) SI_UNIT ( $, .RADIAN. ) );
#3261 = PRESENTATION_STYLE_ASSIGNMENT (( #3079 ) ) ;
#3262 = ORIENTED_EDGE ( 'NONE', *, *, #1381, .T. ) ;
#3263 = CARTESIAN_POINT ( 'NONE',  ( 1.306757946999685100, 0.9499999999999998400, -1.506757946999684800 ) ) ;
#3264 = AXIS2_PLACEMENT_3D ( 'NONE', #285, #2698, #3345 ) ;
#3265 =( NAMED_UNIT ( * ) PLANE_ANGLE_UNIT ( ) SI_UNIT ( $, .RADIAN. ) );
#3266 = FACE_OUTER_BOUND ( 'NONE', #4305, .T. ) ;
#3267 = CARTESIAN_POINT ( 'NONE',  ( -1.328818226759438200, -0.2945233016260469500, 0.7892177239160317300 ) ) ;
#3268 = ORIENTED_EDGE ( 'NONE', *, *, #3457, .F. ) ;
#3269 = ADVANCED_FACE ( 'NONE', ( #1393 ), #3048, .T. ) ;
#3270 = VERTEX_POINT ( 'NONE', #2762 ) ;
#3271 = MECHANICAL_DESIGN_GEOMETRIC_PRESENTATION_REPRESENTATION (  '', ( #2412 ), #368 ) ;
#3272 = LINE ( 'NONE', #1881, #982 ) ;
#3273 = CARTESIAN_POINT ( 'NONE',  ( 1.289276244013807500, -0.8600000000000001000, 0.7149122703230401700 ) ) ;
#3274 = AXIS2_PLACEMENT_3D ( 'NONE', #49, #3783, #1447 ) ;
#3275 = ORIENTED_EDGE ( 'NONE', *, *, #3279, .F. ) ;
#3276 = ORIENTED_EDGE ( 'NONE', *, *, #3302, .T. ) ;
#3277 = CARTESIAN_POINT ( 'NONE',  ( -0.4000000000000000800, -0.7499999999999994400, 1.599999999999999900 ) ) ;
#3278 = SPHERICAL_SURFACE ( 'NONE', #567, 0.04000000000000000100 ) ;
#3279 = EDGE_CURVE ( 'NONE', #195, #417, #1503, .T. ) ;
#3280 = ORIENTED_EDGE ( 'NONE', *, *, #460, .T. ) ;
#3281 = DIRECTION ( 'NONE',  ( 0.0000000000000000000, 2.706578643357732500E-014, 1.000000000000000000 ) ) ;
#3282 =( NAMED_UNIT ( * ) PLANE_ANGLE_UNIT ( ) SI_UNIT ( $, .RADIAN. ) );
#3283 = CARTESIAN_POINT ( 'NONE',  ( -1.303261606402508700, -0.6600000000000000300, -1.503261606402509700 ) ) ;
#3284 = DIRECTION ( 'NONE',  ( -1.000000000000000000, -0.0000000000000000000, -0.0000000000000000000 ) ) ;
#3285 = ORIENTED_EDGE ( 'NONE', *, *, #1463, .T. ) ;
#3286 = VECTOR ( 'NONE', #3361, 1000.000000000000000 ) ;
#3287 = CARTESIAN_POINT ( 'NONE',  ( 1.306757946999685100, 0.9099999999999998100, 1.506757946999685200 ) ) ;
#3288 = VERTEX_POINT ( 'NONE', #1805 ) ;
#3289 = ORIENTED_EDGE ( 'NONE', *, *, #917, .T. ) ;
#3290 = FACE_OUTER_BOUND ( 'NONE', #2456, .T. ) ;
#3291 = DIRECTION ( 'NONE',  ( -0.06958737431666109400, -0.9951458157835089100, 0.06958737431666478500 ) ) ;
#3292 = DIRECTION ( 'NONE',  ( 0.06958737431666106600, -0.9951458157835089100, 0.06958737431666471600 ) ) ;
#3293 = PRESENTATION_LAYER_ASSIGNMENT (  '', '', ( #3613 ) ) ;
#3294 = ADVANCED_FACE ( 'NONE', ( #2388 ), #3490, .T. ) ;
#3295 = PLANE ( 'NONE',  #3264 ) ;
#3296 = COLOUR_RGB ( '',0.08235294117647058700, 0.08235294117647058700, 0.08235294117647058700 ) ;
#3297 = AXIS2_PLACEMENT_3D ( 'NONE', #2803, #4171, #3150 ) ;
#3298 = CARTESIAN_POINT ( 'NONE',  ( 1.100000000000000100, -0.8666620586815847500, -0.04541983388437101400 ) ) ;
#3299 = ORIENTED_EDGE ( 'NONE', *, *, #4267, .T. ) ;
#3300 = CARTESIAN_POINT ( 'NONE',  ( 1.303261606402508900, -0.6599999999999999200, 1.503261606402509500 ) ) ;
#3301 = EDGE_CURVE ( 'NONE', #478, #3849, #937, .T. ) ;
#3302 = EDGE_CURVE ( 'NONE', #1399, #2379, #2692, .T. ) ;
#3303 = CARTESIAN_POINT ( 'NONE',  ( -0.4000000000000000800, -2.710505431213761100E-017, 1.590000000000000300 ) ) ;
#3304 = ORIENTED_EDGE ( 'NONE', *, *, #1094, .T. ) ;
#3305 = PLANE ( 'NONE',  #2923 ) ;
#3306 = FILL_AREA_STYLE ('',( #1350 ) ) ;
#3307 = SURFACE_STYLE_USAGE ( .BOTH. , #2370 ) ;
#3308 = CARTESIAN_POINT ( 'NONE',  ( 1.100000000000000100, -4.743384504625314500E-017, 1.589510978208473100 ) ) ;
#3309 = CARTESIAN_POINT ( 'NONE',  ( -0.4000000000000000800, -0.04861185450468942500, 0.9275694404479295500 ) ) ;
#3310 = LINE ( 'NONE', #587, #3365 ) ;
#3311 =( NAMED_UNIT ( * ) PLANE_ANGLE_UNIT ( ) SI_UNIT ( $, .RADIAN. ) );
#3312 = VERTEX_POINT ( 'NONE', #3125 ) ;
#3313 = DIRECTION ( 'NONE',  ( 0.0000000000000000000, 0.05233595624294358500, -0.9986295347545739400 ) ) ;
#3314 = VERTEX_POINT ( 'NONE', #1820 ) ;
#3315 = UNCERTAINTY_MEASURE_WITH_UNIT (LENGTH_MEASURE( 1.000000000000000100E-005 ), #462, 'distance_accuracy_value', 'NONE');
#3316 = CYLINDRICAL_SURFACE ( 'NONE', #734, 0.04999999999999969700 ) ;
#3317 = CARTESIAN_POINT ( 'NONE',  ( -0.4000000000000000800, -0.7999314767377274600, -1.547383202187851700 ) ) ;
#3318 = ORIENTED_EDGE ( 'NONE', *, *, #3821, .T. ) ;
#3319 = ADVANCED_FACE ( 'NONE', ( #892 ), #2577, .T. ) ;
#3320 = CARTESIAN_POINT ( 'NONE',  ( 1.100000000000000100, -0.7499999999999994400, 1.599999999999999900 ) ) ;
#3321 = EDGE_CURVE ( 'NONE', #1480, #243, #4155, .T. ) ;
#3322 = ORIENTED_EDGE ( 'NONE', *, *, #130, .F. ) ;
#3323 = ORIENTED_EDGE ( 'NONE', *, *, #1465, .F. ) ;
#3324 = AXIS2_PLACEMENT_3D ( 'NONE', #4002, #252, #1706 ) ;
#3325 = ORIENTED_EDGE ( 'NONE', *, *, #1842, .T. ) ;
#3326 = LINE ( 'NONE', #2329, #1368 ) ;
#3327 = DIRECTION ( 'NONE',  ( -1.000000000000000000, -0.0000000000000000000, -0.0000000000000000000 ) ) ;
#3328 = AXIS2_PLACEMENT_3D ( 'NONE', #3758, #1790, #1118 ) ;
#3329 = DIRECTION ( 'NONE',  ( 0.0000000000000000000, -1.000000000000000000, -7.228014483236695800E-017 ) ) ;
#3330 = ORIENTED_EDGE ( 'NONE', *, *, #3900, .F. ) ;
#3331 = AXIS2_PLACEMENT_3D ( 'NONE', #1769, #4099, #745 ) ;
#3332 = FILL_AREA_STYLE ('',( #1325 ) ) ;
#3333 = EDGE_CURVE ( 'NONE', #4163, #778, #2088, .T. ) ;
#3334 = FILL_AREA_STYLE_COLOUR ( '', #416 ) ;
#3335 = AXIS2_PLACEMENT_3D ( 'NONE', #3850, #2884, #3187 ) ;
#3336 =( NAMED_UNIT ( * ) PLANE_ANGLE_UNIT ( ) SI_UNIT ( $, .RADIAN. ) );
#3337 = ORIENTED_EDGE ( 'NONE', *, *, #4350, .T. ) ;
#3338 =( LENGTH_UNIT ( ) NAMED_UNIT ( * ) SI_UNIT ( .MILLI., .METRE. ) );
#3339 = LINE ( 'NONE', #3317, #1544 ) ;
#3340 = FILL_AREA_STYLE_COLOUR ( '', #14 ) ;
#3341 = SURFACE_STYLE_USAGE ( .BOTH. , #1737 ) ;
#3342 = DIRECTION ( 'NONE',  ( 0.0000000000000000000, 1.000000000000000000, -2.710505431213761500E-015 ) ) ;
#3343 =( LENGTH_UNIT ( ) NAMED_UNIT ( * ) SI_UNIT ( .MILLI., .METRE. ) );
#3344 = ADVANCED_FACE ( 'NONE', ( #784 ), #1446, .F. ) ;
#3345 = DIRECTION ( 'NONE',  ( 0.0000000000000000000, -1.000000000000000000, 5.782411586589381300E-016 ) ) ;
#3346 = VERTEX_POINT ( 'NONE', #495 ) ;
#3347 = SURFACE_SIDE_STYLE ('',( #197 ) ) ;
#3348 = VECTOR ( 'NONE', #3601, 1000.000000000000100 ) ;
#3349 = ORIENTED_EDGE ( 'NONE', *, *, #995, .T. ) ;
#3350 = CIRCLE ( 'NONE', #652, 0.1999999999999998700 ) ;
#3351 = AXIS2_PLACEMENT_3D ( 'NONE', #2876, #2158, #4100 ) ;
#3352 = AXIS2_PLACEMENT_3D ( 'NONE', #3953, #4316, #261 ) ;
#3353 = FILL_AREA_STYLE_COLOUR ( '', #3695 ) ;
#3354 = CARTESIAN_POINT ( 'NONE',  ( 1.399999999999999900, -0.6627902589497648400, 1.543164168412902700 ) ) ;
#3355 = DIRECTION ( 'NONE',  ( 0.0000000000000000000, -2.771354444913079900E-014, -1.000000000000000000 ) ) ;
#3356 = FACE_OUTER_BOUND ( 'NONE', #1476, .T. ) ;
#3357 = FILL_AREA_STYLE_COLOUR ( '', #3296 ) ;
#3358 = AXIS2_PLACEMENT_3D ( 'NONE', #908, #3566, #3944 ) ;
#3359 = DIRECTION ( 'NONE',  ( 0.06958737431666475700, -0.9951458157835084700, 0.06958737431666474300 ) ) ;
#3360 = VERTEX_POINT ( 'NONE', #4216 ) ;
#3361 = DIRECTION ( 'NONE',  ( 0.0000000000000000000, -1.000000000000000000, 5.782411586589380300E-016 ) ) ;
#3362 = DIRECTION ( 'NONE',  ( -1.000000000000000000, -0.0000000000000000000, -0.0000000000000000000 ) ) ;
#3363 = EDGE_CURVE ( 'NONE', #878, #504, #3091, .T. ) ;
#3364 = DIRECTION ( 'NONE',  ( 1.000000000000000000, -0.0000000000000000000, 0.0000000000000000000 ) ) ;
#3365 = VECTOR ( 'NONE', #951, 1000.000000000000000 ) ;
#3366 = EDGE_CURVE ( 'NONE', #3063, #575, #4107, .T. ) ;
#3367 = ADVANCED_FACE ( 'NONE', ( #1163, #1210 ), #2540, .F. ) ;
#3368 = VERTEX_POINT ( 'NONE', #2899 ) ;
#3369 = SURFACE_STYLE_USAGE ( .BOTH. , #2728 ) ;
#3370 = ORIENTED_EDGE ( 'NONE', *, *, #3104, .F. ) ;
#3371 = CARTESIAN_POINT ( 'NONE',  ( -0.4000000000000000800, 0.1499999999999998600, -1.599999999999999900 ) ) ;
#3372 = FILL_AREA_STYLE ('',( #3013 ) ) ;
#3373 = CIRCLE ( 'NONE', #395, 0.04000000000000010500 ) ;
#3374 = CARTESIAN_POINT ( 'NONE',  ( -1.336684868507479900, 0.9120926942123236400, 0.9491729958687893400 ) ) ;
#3375 = ORIENTED_EDGE ( 'NONE', *, *, #3471, .T. ) ;
#3376 = PLANE ( 'NONE',  #2997 ) ;
#3377 = CARTESIAN_POINT ( 'NONE',  ( -1.346998927096196400, 0.7409841140852853100, 1.546998927096198400 ) ) ;
#3378 = ORIENTED_EDGE ( 'NONE', *, *, #3922, .T. ) ;
#3379 = DIRECTION ( 'NONE',  ( -0.0000000000000000000, 1.000000000000000000, 0.0000000000000000000 ) ) ;
#3380 = EDGE_CURVE ( 'NONE', #3424, #4029, #3988, .T. ) ;
#3381 = LINE ( 'NONE', #1896, #1147 ) ;
#3382 = ORIENTED_EDGE ( 'NONE', *, *, #2232, .F. ) ;
#3383 = PRESENTATION_LAYER_ASSIGNMENT (  '', '', ( #153 ) ) ;
#3384 = CARTESIAN_POINT ( 'NONE',  ( 1.303261606402508900, -0.6599999999999999200, 4.889468067122440800E-019 ) ) ;
#3385 = COLOUR_RGB ( '',0.7529411764705882200, 0.7529411764705882200, 0.7529411764705882200 ) ;
#3386 = MECHANICAL_DESIGN_GEOMETRIC_PRESENTATION_REPRESENTATION (  '', ( #2172 ), #3616 ) ;
#3387 = LINE ( 'NONE', #2154, #1971 ) ;
#3388 = ADVANCED_FACE ( 'NONE', ( #3723 ), #2530, .T. ) ;
#3389 = FACE_OUTER_BOUND ( 'NONE', #2285, .T. ) ;
#3390 = MECHANICAL_DESIGN_GEOMETRIC_PRESENTATION_REPRESENTATION (  '', ( #17 ), #3093 ) ;
#3391 = EDGE_CURVE ( 'NONE', #649, #1063, #2850, .T. ) ;
#3392 = VECTOR ( 'NONE', #389, 1000.000000000000000 ) ;
#3393 = EDGE_CURVE ( 'NONE', #948, #2878, #3659, .T. ) ;
#3394 = CARTESIAN_POINT ( 'NONE',  ( -1.306757946999685100, 0.9399999999999998400, 0.9932420530003152100 ) ) ;
#3395 = CYLINDRICAL_SURFACE ( 'NONE', #2906, 0.01000000000000002600 ) ;
#3396 = ORIENTED_EDGE ( 'NONE', *, *, #1728, .T. ) ;
#3397 = PLANE ( 'NONE',  #1833 ) ;
#3398 = ORIENTED_EDGE ( 'NONE', *, *, #3865, .T. ) ;
#3399 = CARTESIAN_POINT ( 'NONE',  ( 0.4000000000000000800, -2.048717462672063800E-017, -1.589510978208473300 ) ) ;
#3400 = UNCERTAINTY_MEASURE_WITH_UNIT (LENGTH_MEASURE( 1.000000000000000100E-005 ), #255, 'distance_accuracy_value', 'NONE');
#3401 = DIRECTION ( 'NONE',  ( 0.0000000000000000000, 7.228014483236695800E-017, -1.000000000000000000 ) ) ;
#3402 = ORIENTED_EDGE ( 'NONE', *, *, #4336, .F. ) ;
#3403 = CARTESIAN_POINT ( 'NONE',  ( 0.4000000000000000800, -0.7499999999999982200, -1.749999999999999800 ) ) ;
#3404 =( GEOMETRIC_REPRESENTATION_CONTEXT ( 3 ) GLOBAL_UNCERTAINTY_ASSIGNED_CONTEXT ( ( #1832 ) ) GLOBAL_UNIT_ASSIGNED_CONTEXT ( ( #2999, #1349, #1332 ) ) REPRESENTATION_CONTEXT ( 'NONE', 'WORKASPACE' ) );
#3405 = ORIENTED_EDGE ( 'NONE', *, *, #3503, .T. ) ;
#3406 = DIRECTION ( 'NONE',  ( 0.0000000000000000000, -7.228014483236695800E-017, 1.000000000000000000 ) ) ;
#3407 = MECHANICAL_DESIGN_GEOMETRIC_PRESENTATION_REPRESENTATION (  '', ( #4331 ), #4175 ) ;
#3408 = CARTESIAN_POINT ( 'NONE',  ( -1.289276244013807500, -0.9000000000000000200, -0.7500000000000000000 ) ) ;
#3409 = ORIENTED_EDGE ( 'NONE', *, *, #1841, .F. ) ;
#3410 = COLOUR_RGB ( '',0.7529411764705882200, 0.7529411764705882200, 0.7529411764705882200 ) ;
#3411 = CARTESIAN_POINT ( 'NONE',  ( 0.4000000000000000800, -2.710505431213759900E-017, -1.600000000000000300 ) ) ;
#3412 = LINE ( 'NONE', #1388, #715 ) ;
#3413 = CARTESIAN_POINT ( 'NONE',  ( -1.313829014811550600, 0.9399999999999998400, 0.9861709851884497000 ) ) ;
#3414 =( NAMED_UNIT ( * ) PLANE_ANGLE_UNIT ( ) SI_UNIT ( $, .RADIAN. ) );
#3415 = CARTESIAN_POINT ( 'NONE',  ( 3.890429411500931000E-017, -0.7500000000000000000, 0.2499999999999994700 ) ) ;
#3416 = VERTEX_POINT ( 'NONE', #2195 ) ;
#3417 = LINE ( 'NONE', #50, #3797 ) ;
#3418 = CARTESIAN_POINT ( 'NONE',  ( 1.399999999999999900, -0.1106085859236701400, 1.581776472421251300 ) ) ;
#3419 = DIRECTION ( 'NONE',  ( 0.0000000000000000000, 0.05233595624294416100, -0.9986295347545739400 ) ) ;
#3420 = ORIENTED_EDGE ( 'NONE', *, *, #2178, .F. ) ;
#3421 = DIRECTION ( 'NONE',  ( 1.000000000000000000, -0.0000000000000000000, 0.0000000000000000000 ) ) ;
#3422 = VERTEX_POINT ( 'NONE', #1174 ) ;
#3423 = CIRCLE ( 'NONE', #4394, 0.05000000000000002400 ) ;
#3424 = VERTEX_POINT ( 'NONE', #830 ) ;
#3425 = FILL_AREA_STYLE ('',( #2784 ) ) ;
#3426 = CARTESIAN_POINT ( 'NONE',  ( 1.100000000000000100, 0.1499999999999998600, -1.599999999999999900 ) ) ;
#3427 = CARTESIAN_POINT ( 'NONE',  ( -1.303261606402508900, -0.6599999999999999200, -1.503261606402509700 ) ) ;
#3428 = ORIENTED_EDGE ( 'NONE', *, *, #905, .F. ) ;
#3429 = AXIS2_PLACEMENT_3D ( 'NONE', #4146, #3060, #1840 ) ;
#3430 = ORIENTED_EDGE ( 'NONE', *, *, #931, .T. ) ;
#3431 = MECHANICAL_DESIGN_GEOMETRIC_PRESENTATION_REPRESENTATION (  '', ( #1366 ), #1601 ) ;
#3432 = FACE_OUTER_BOUND ( 'NONE', #4047, .T. ) ;
#3433 = MECHANICAL_DESIGN_GEOMETRIC_PRESENTATION_REPRESENTATION (  '', ( #3813 ), #2147 ) ;
#3434 = CARTESIAN_POINT ( 'NONE',  ( -1.346660509010078300, 0.9127902589497648400, 3.204700953508532500E-017 ) ) ;
#3435 = PRESENTATION_STYLE_ASSIGNMENT (( #1001 ) ) ;
#3436 = DIRECTION ( 'NONE',  ( -1.000000000000000000, 0.0000000000000000000, -0.0000000000000000000 ) ) ;
#3437 = VERTEX_POINT ( 'NONE', #2855 ) ;
#3438 = PRESENTATION_LAYER_ASSIGNMENT (  '', '', ( #156 ) ) ;
#3439 = VECTOR ( 'NONE', #2476, 1000.000000000000000 ) ;
#3440 = LINE ( 'NONE', #1887, #521 ) ;
#3441 = ORIENTED_EDGE ( 'NONE', *, *, #4119, .F. ) ;
#3442 = DIRECTION ( 'NONE',  ( -3.790740071206753300E-016, 5.421010862427508000E-015, 1.000000000000000000 ) ) ;
#3443 = CARTESIAN_POINT ( 'NONE',  ( 1.300828945580725400, -0.6999999999999997300, -0.7762806420871662900 ) ) ;
#3444 = EDGE_CURVE ( 'NONE', #3534, #69, #1108, .T. ) ;
#3445 = EDGE_CURVE ( 'NONE', #1172, #2548, #740, .T. ) ;
#3446 = CONICAL_SURFACE ( 'NONE', #3759, 0.4000000000000000200, 0.7853981633974500600 ) ;
#3447 = ORIENTED_EDGE ( 'NONE', *, *, #4148, .T. ) ;
#3448 = UNCERTAINTY_MEASURE_WITH_UNIT (LENGTH_MEASURE( 1.000000000000000100E-005 ), #3637, 'distance_accuracy_value', 'NONE');
#3449 = FACE_OUTER_BOUND ( 'NONE', #4373, .T. ) ;
#3450 = CARTESIAN_POINT ( 'NONE',  ( 1.303261606402508900, -0.6999999999999998400, 1.540562209848016100 ) ) ;
#3451 = ORIENTED_EDGE ( 'NONE', *, *, #248, .T. ) ;
#3452 = CARTESIAN_POINT ( 'NONE',  ( 0.4000000000000000800, -0.9152739131862743800, 0.8821496065635587900 ) ) ;
#3453 = CARTESIAN_POINT ( 'NONE',  ( 0.0000000000000000000, -0.7500000000000000000, -0.2499999999999995800 ) ) ;
#3454 = CIRCLE ( 'NONE', #1976, 0.03999999999999999400 ) ;
#3455 = CARTESIAN_POINT ( 'NONE',  ( -0.7562440636806546700, 0.9120926942123233100, 1.543755936319345600 ) ) ;
#3456 = CARTESIAN_POINT ( 'NONE',  ( 1.399999999999999900, 0.1499999999999998600, -1.599999999999999900 ) ) ;
#3457 = EDGE_CURVE ( 'NONE', #1477, #2495, #2239, .T. ) ;
#3458 = DIRECTION ( 'NONE',  ( -1.000000000000000000, -0.0000000000000000000, -0.0000000000000000000 ) ) ;
#3459 = CARTESIAN_POINT ( 'NONE',  ( 0.4000000000000000800, -0.7499999999999994400, 1.599999999999999900 ) ) ;
#3460 = ORIENTED_EDGE ( 'NONE', *, *, #1617, .F. ) ;
#3461 = COLOUR_RGB ( '',0.7529411764705882200, 0.7529411764705882200, 0.7529411764705882200 ) ;
#3462 = AXIS2_PLACEMENT_3D ( 'NONE', #607, #4322, #218 ) ;
#3463 = SURFACE_STYLE_USAGE ( .BOTH. , #2821 ) ;
#3464 = CARTESIAN_POINT ( 'NONE',  ( 0.4000000000000000800, -0.9152739131862739400, -0.8821496065635586700 ) ) ;
#3465 = CARTESIAN_POINT ( 'NONE',  ( 1.100000000000000100, -2.048717462672063800E-017, -1.589510978208473300 ) ) ;
#3466 = ORIENTED_EDGE ( 'NONE', *, *, #3393, .T. ) ;
#3467 = FILL_AREA_STYLE ('',( #1849 ) ) ;
#3468 = AXIS2_PLACEMENT_3D ( 'NONE', #1319, #2320, #2992 ) ;
#3469 = EDGE_CURVE ( 'NONE', #759, #4029, #254, .T. ) ;
#3470 = LINE ( 'NONE', #770, #3257 ) ;
#3471 = EDGE_CURVE ( 'NONE', #2368, #666, #3440, .T. ) ;
#3472 = DIRECTION ( 'NONE',  ( 0.0000000000000000000, 0.0000000000000000000, -1.000000000000000000 ) ) ;
#3473 = DIRECTION ( 'NONE',  ( -1.000000000000000000, 0.0000000000000000000, -0.0000000000000000000 ) ) ;
#3474 = CIRCLE ( 'NONE', #2816, 0.01000000000000002600 ) ;
#3475 = ORIENTED_EDGE ( 'NONE', *, *, #3900, .T. ) ;
#3476 = DIRECTION ( 'NONE',  ( 0.0000000000000000000, -0.06975647374412533000, -0.9975640502598243100 ) ) ;
#3477 = LINE ( 'NONE', #729, #2459 ) ;
#3478 = ORIENTED_EDGE ( 'NONE', *, *, #707, .F. ) ;
#3479 = CARTESIAN_POINT ( 'NONE',  ( 1.306757946999685100, 0.9099999999999999200, -1.506757946999684800 ) ) ;
#3480 = SURFACE_SIDE_STYLE ('',( #2691 ) ) ;
#3481 = VECTOR ( 'NONE', #3489, 1000.000000000000100 ) ;
#3482 = PRODUCT_DEFINITION_CONTEXT ( 'detailed design', #3627, 'design' ) ;
#3483 = SURFACE_STYLE_USAGE ( .BOTH. , #4380 ) ;
#3484 = LINE ( 'NONE', #963, #2516 ) ;
#3485 =( NAMED_UNIT ( * ) SI_UNIT ( $, .STERADIAN. ) SOLID_ANGLE_UNIT ( ) );
#3486 = CYLINDRICAL_SURFACE ( 'NONE', #3711, 0.04000000000000010500 ) ;
#3487 = FACE_OUTER_BOUND ( 'NONE', #1370, .T. ) ;
#3488 = ORIENTED_EDGE ( 'NONE', *, *, #18, .T. ) ;
#3489 = DIRECTION ( 'NONE',  ( 0.06958737431666105200, -0.9951458157835088000, 0.06958737431666473000 ) ) ;
#3490 = CYLINDRICAL_SURFACE ( 'NONE', #3558, 0.01000000000000002600 ) ;
#3491 = AXIS2_PLACEMENT_3D ( 'NONE', #653, #1670, #1355 ) ;
#3492 = VECTOR ( 'NONE', #1095, 1000.000000000000000 ) ;
#3493 = ORIENTED_EDGE ( 'NONE', *, *, #2288, .T. ) ;
#3494 = ORIENTED_EDGE ( 'NONE', *, *, #1949, .T. ) ;
#3495 = STYLED_ITEM ( 'NONE', ( #2407 ), #1329 ) ;
#3496 = SURFACE_STYLE_FILL_AREA ( #3425 ) ;
#3497 = DIRECTION ( 'NONE',  ( 0.0000000000000000000, 0.05233595624294430600, -0.9986295347545738300 ) ) ;
#3498 = CYLINDRICAL_SURFACE ( 'NONE', #2181, 0.01000000000000004400 ) ;
#3499 = AXIS2_PLACEMENT_3D ( 'NONE', #3828, #3864, #3151 ) ;
#3500 = ORIENTED_EDGE ( 'NONE', *, *, #2106, .T. ) ;
#3501 = CARTESIAN_POINT ( 'NONE',  ( 0.0000000000000000000, -0.8499999999999999800, -6.143812310751191400E-017 ) ) ;
#3502 = ORIENTED_EDGE ( 'NONE', *, *, #2563, .T. ) ;
#3503 = EDGE_CURVE ( 'NONE', #302, #2559, #1917, .T. ) ;
#3504 = FACE_OUTER_BOUND ( 'NONE', #1328, .T. ) ;
#3505 = DIRECTION ( 'NONE',  ( 0.0000000000000000000, -0.9986295347545739400, 0.05233595624294415400 ) ) ;
#3506 =( NAMED_UNIT ( * ) SI_UNIT ( $, .STERADIAN. ) SOLID_ANGLE_UNIT ( ) );
#3507 = DIRECTION ( 'NONE',  ( 0.0000000000000000000, 0.0000000000000000000, -1.000000000000000000 ) ) ;
#3508 =( LENGTH_UNIT ( ) NAMED_UNIT ( * ) SI_UNIT ( .MILLI., .METRE. ) );
#3509 = ORIENTED_EDGE ( 'NONE', *, *, #2078, .F. ) ;
#3510 = FACE_OUTER_BOUND ( 'NONE', #441, .T. ) ;
#3511 = CARTESIAN_POINT ( 'NONE',  ( 0.4000000000000000800, -1.011922027653141700E-015, -1.750000000000000200 ) ) ;
#3512 = CARTESIAN_POINT ( 'NONE',  ( 1.399999999999998600, 0.1500000000000044400, -1.583495311715527700 ) ) ;
#3513 = CARTESIAN_POINT ( 'NONE',  ( 0.0000000000000000000, -0.8853553390593275100, -0.3853553390593275100 ) ) ;
#3514 = ORIENTED_EDGE ( 'NONE', *, *, #1551, .F. ) ;
#3515 =( GEOMETRIC_REPRESENTATION_CONTEXT ( 3 ) GLOBAL_UNCERTAINTY_ASSIGNED_CONTEXT ( ( #4068 ) ) GLOBAL_UNIT_ASSIGNED_CONTEXT ( ( #792, #3800, #3881 ) ) REPRESENTATION_CONTEXT ( 'NONE', 'WORKASPACE' ) );
#3516 =( NAMED_UNIT ( * ) SI_UNIT ( $, .STERADIAN. ) SOLID_ANGLE_UNIT ( ) );
#3517 = CARTESIAN_POINT ( 'NONE',  ( 1.399999999999999900, 0.1499999999999604100, 1.560097437989610200 ) ) ;
#3518 = PRESENTATION_STYLE_ASSIGNMENT (( #3307 ) ) ;
#3519 = AXIS2_PLACEMENT_3D ( 'NONE', #8, #1721, #4038 ) ;
#3520 = MECHANICAL_DESIGN_GEOMETRIC_PRESENTATION_REPRESENTATION (  '', ( #3817 ), #2649 ) ;
#3521 = VECTOR ( 'NONE', #10, 1000.000000000000000 ) ;
#3522 = CARTESIAN_POINT ( 'NONE',  ( 0.0000000000000000000, 0.9299999999999998300, 3.265122362493307300E-017 ) ) ;
#3523 = ORIENTED_EDGE ( 'NONE', *, *, #461, .F. ) ;
#3524 = STYLED_ITEM ( 'NONE', ( #593 ), #4075 ) ;
#3525 = EDGE_CURVE ( 'NONE', #1172, #67, #2189, .T. ) ;
#3526 = MANIFOLD_SOLID_BREP ( 'Fillet3', #409 ) ;
#3527 = EDGE_CURVE ( 'NONE', #3871, #4403, #3768, .T. ) ;
#3528 = DIRECTION ( 'NONE',  ( 1.000000000000000000, 0.0000000000000000000, 5.054320094942340100E-018 ) ) ;
#3529 = EDGE_LOOP ( 'NONE', ( #3982, #84, #1010, #2091 ) ) ;
#3530 = CARTESIAN_POINT ( 'NONE',  ( -1.329306244167011200, 0.7408798199448224400, 1.558681657949503300 ) ) ;
#3531 = EDGE_LOOP ( 'NONE', ( #3863, #2984, #3195, #349 ) ) ;
#3532 = ORIENTED_EDGE ( 'NONE', *, *, #3363, .F. ) ;
#3533 = VECTOR ( 'NONE', #2866, 1000.000000000000100 ) ;
#3534 = VERTEX_POINT ( 'NONE', #1260 ) ;
#3535 = CARTESIAN_POINT ( 'NONE',  ( -1.655995158499996900E-032, 0.7500000000000000000, 1.401199548872560500E-016 ) ) ;
#3536 = SURFACE_SIDE_STYLE ('',( #2186 ) ) ;
#3537 = VERTEX_POINT ( 'NONE', #1608 ) ;
#3538 = DIRECTION ( 'NONE',  ( 0.0000000000000000000, 0.06975647374412530200, -0.9975640502598242000 ) ) ;
#3539 = LINE ( 'NONE', #975, #2678 ) ;
#3540 = EDGE_CURVE ( 'NONE', #2151, #4007, #2037, .T. ) ;
#3541 = VERTEX_POINT ( 'NONE', #4297 ) ;
#3542 = DIRECTION ( 'NONE',  ( 0.0000000000000000000, 3.510884260745492000E-017, -1.000000000000000000 ) ) ;
#3543 = SURFACE_STYLE_FILL_AREA ( #2391 ) ;
#3544 = VECTOR ( 'NONE', #4187, 1000.000000000000000 ) ;
#3545 = AXIS2_PLACEMENT_3D ( 'NONE', #365, #2765, #2442 ) ;
#3546 = ORIENTED_EDGE ( 'NONE', *, *, #47, .F. ) ;
#3547 = DIRECTION ( 'NONE',  ( -1.000000000000000000, -0.0000000000000000000, -0.0000000000000000000 ) ) ;
#3548 = PRESENTATION_LAYER_ASSIGNMENT (  '', '', ( #1862 ) ) ;
#3549 = SURFACE_SIDE_STYLE ('',( #1669 ) ) ;
#3550 = DIRECTION ( 'NONE',  ( -1.000000000000000000, -0.0000000000000000000, -0.0000000000000000000 ) ) ;
#3551 = EDGE_LOOP ( 'NONE', ( #1268, #1526, #3681, #3378 ) ) ;
#3552 =( BOUNDED_SURFACE ( )  B_SPLINE_SURFACE ( 3, 2, ( 
 ( #3931, #2264, #2963 ),
 ( #1290, #580, #2935 ),
 ( #3962, #3949, #910 ),
 ( #4184, #3239, #2911 ) ),
 .UNSPECIFIED., .F., .F., .F. ) 
 B_SPLINE_SURFACE_WITH_KNOTS ( ( 4, 4 ),
 ( 3, 3 ),
 ( 3.211405823669563300, 4.712388980384689700 ),
 ( 0.0000000000000000000, 1.000000000000000000 ),
 .UNSPECIFIED. ) 
 GEOMETRIC_REPRESENTATION_ITEM ( )  RATIONAL_B_SPLINE_SURFACE ( (
 ( 1.000000000000000000, 0.9234133160742912200, 1.000000000000000000),
 ( 1.000000000000000000, 0.9180353304244768300, 1.000000000000000000),
 ( 1.000000000000000000, 0.8336952465079864300, 1.000000000000000000),
 ( 1.000000000000000000, 0.7071067811865475700, 1.000000000000000000) ) ) 
 REPRESENTATION_ITEM ( '' )  SURFACE ( )  );
#3553 = MECHANICAL_DESIGN_GEOMETRIC_PRESENTATION_REPRESENTATION (  '', ( #3524 ), #1948 ) ;
#3554 = DIRECTION ( 'NONE',  ( -0.9975640502598245300, 0.06975647374412170800, 2.449069057533430800E-018 ) ) ;
#3555 = EDGE_CURVE ( 'NONE', #504, #1142, #3000, .T. ) ;
#3556 = LINE ( 'NONE', #2448, #311 ) ;
#3557 = DIRECTION ( 'NONE',  ( 0.0000000000000000000, -1.000000000000000000, -5.782411586589377400E-016 ) ) ;
#3558 = AXIS2_PLACEMENT_3D ( 'NONE', #1507, #103, #4158 ) ;
#3559 = ADVANCED_FACE ( 'NONE', ( #3868 ), #2629, .T. ) ;
#3560 =( LENGTH_UNIT ( ) NAMED_UNIT ( * ) SI_UNIT ( .MILLI., .METRE. ) );
#3561 = VECTOR ( 'NONE', #41, 999.9999999999998900 ) ;
#3562 = DIRECTION ( 'NONE',  ( 8.375636483167947200E-018, 1.548860246407863300E-016, -1.000000000000000000 ) ) ;
#3563 = CARTESIAN_POINT ( 'NONE',  ( -1.306757946999685100, 0.9399999999999998400, 0.9790999173765841900 ) ) ;
#3564 = CARTESIAN_POINT ( 'NONE',  ( -1.360097437989603400, 0.1499999999999998600, 1.600000000000000300 ) ) ;
#3565 = ADVANCED_FACE ( 'NONE', ( #83 ), #3498, .T. ) ;
#3566 = DIRECTION ( 'NONE',  ( 0.06916478287887704900, -0.9891024766687781500, -0.1299712408843091700 ) ) ;
#3567 = CIRCLE ( 'NONE', #2707, 0.009999999999999951600 ) ;
#3568 = DIRECTION ( 'NONE',  ( 0.0000000000000000000, -3.510884260745492000E-017, 1.000000000000000000 ) ) ;
#3569 = CARTESIAN_POINT ( 'NONE',  ( -1.318791840464721400, 0.7499999999999997800, 1.548718761972517300 ) ) ;
#3570 = VERTEX_POINT ( 'NONE', #1929 ) ;
#3571 = DIRECTION ( 'NONE',  ( 1.000000000000000000, -0.0000000000000000000, 0.0000000000000000000 ) ) ;
#3572 = LINE ( 'NONE', #882, #709 ) ;
#3573 = DIRECTION ( 'NONE',  ( -0.06916478287887466200, -0.9891024766687781500, -0.1299712408843093100 ) ) ;
#3574 = LINE ( 'NONE', #493, #2711 ) ;
#3575 = FACE_OUTER_BOUND ( 'NONE', #4120, .T. ) ;
#3576 = ORIENTED_EDGE ( 'NONE', *, *, #338, .F. ) ;
#3577 = DIRECTION ( 'NONE',  ( -0.06958737431666124600, -0.9951458157835088000, -0.06958737431666473000 ) ) ;
#3578 = CARTESIAN_POINT ( 'NONE',  ( -1.343164168412901900, -0.6627902589497647300, 0.7411929124102064600 ) ) ;
#3579 = DIRECTION ( 'NONE',  ( -1.000000000000000000, -0.0000000000000000000, -0.0000000000000000000 ) ) ;
#3580 = ADVANCED_FACE ( 'NONE', ( #947 ), #2090, .F. ) ;
#3581 = DIRECTION ( 'NONE',  ( -1.000000000000000000, -1.743152798421049800E-032, 1.218931179239928100E-033 ) ) ;
#3582 = LINE ( 'NONE', #2069, #1185 ) ;
#3583 = AXIS2_PLACEMENT_3D ( 'NONE', #2586, #2601, #1997 ) ;
#3584 = ORIENTED_EDGE ( 'NONE', *, *, #1314, .T. ) ;
#3585 =( GEOMETRIC_REPRESENTATION_CONTEXT ( 3 ) GLOBAL_UNCERTAINTY_ASSIGNED_CONTEXT ( ( #348 ) ) GLOBAL_UNIT_ASSIGNED_CONTEXT ( ( #3508, #1950, #520 ) ) REPRESENTATION_CONTEXT ( 'NONE', 'WORKASPACE' ) );
#3586 = UNCERTAINTY_MEASURE_WITH_UNIT (LENGTH_MEASURE( 1.000000000000000100E-005 ), #1514, 'distance_accuracy_value', 'NONE');
#3587 = CARTESIAN_POINT ( 'NONE',  ( 0.4000000000000000800, -0.9152739131862743800, 0.8821496065635587900 ) ) ;
#3588 = CARTESIAN_POINT ( 'NONE',  ( -1.100000000000000100, -0.1106085859236701400, -1.581776472421251300 ) ) ;
#3589 = FACE_OUTER_BOUND ( 'NONE', #618, .T. ) ;
#3590 = ORIENTED_EDGE ( 'NONE', *, *, #2105, .T. ) ;
#3591 = EDGE_CURVE ( 'NONE', #302, #635, #1157, .T. ) ;
#3592 = EDGE_CURVE ( 'NONE', #1399, #417, #940, .T. ) ;
#3593 =( NAMED_UNIT ( * ) SI_UNIT ( $, .STERADIAN. ) SOLID_ANGLE_UNIT ( ) );
#3594 = CARTESIAN_POINT ( 'NONE',  ( 0.4000000000000000800, 0.1499999999999998600, 1.600000000000000300 ) ) ;
#3595 = DIRECTION ( 'NONE',  ( 0.0000000000000000000, 0.0000000000000000000, 1.000000000000000000 ) ) ;
#3596 =( NAMED_UNIT ( * ) SI_UNIT ( $, .STERADIAN. ) SOLID_ANGLE_UNIT ( ) );
#3597 = CARTESIAN_POINT ( 'NONE',  ( -1.100000000000000100, -4.743384504624390000E-017, 1.589510978208473300 ) ) ;
#3598 = COLOUR_RGB ( '',0.7529411764705882200, 0.7529411764705882200, 0.7529411764705882200 ) ;
#3599 = EDGE_LOOP ( 'NONE', ( #839, #1027, #300, #3494 ) ) ;
#3600 = VECTOR ( 'NONE', #26, 1000.000000000000000 ) ;
#3601 = DIRECTION ( 'NONE',  ( 0.0000000000000000000, -0.9975640502598242000, -0.06975647374412530200 ) ) ;
#3602 = LINE ( 'NONE', #1054, #3392 ) ;
#3603 = DIRECTION ( 'NONE',  ( 0.0000000000000000000, 0.06975647374412430300, -0.9975640502598243100 ) ) ;
#3604 = FACE_OUTER_BOUND ( 'NONE', #24, .T. ) ;
#3605 = ADVANCED_FACE ( 'NONE', ( #2624 ), #779, .T. ) ;
#3606 = ORIENTED_EDGE ( 'NONE', *, *, #1167, .T. ) ;
#3607 = FILL_AREA_STYLE_COLOUR ( '', #517 ) ;
#3608 = LINE ( 'NONE', #3298, #836 ) ;
#3609 = EDGE_CURVE ( 'NONE', #824, #1347, #1320, .T. ) ;
#3610 = SURFACE_STYLE_FILL_AREA ( #244 ) ;
#3611 = ORIENTED_EDGE ( 'NONE', *, *, #4181, .F. ) ;
#3612 = FILL_AREA_STYLE ('',( #2293 ) ) ;
#3613 = STYLED_ITEM ( 'NONE', ( #4022 ), #942 ) ;
#3614 = PRESENTATION_STYLE_ASSIGNMENT (( #2490 ) ) ;
#3615 =( NAMED_UNIT ( * ) PLANE_ANGLE_UNIT ( ) SI_UNIT ( $, .RADIAN. ) );
#3616 =( GEOMETRIC_REPRESENTATION_CONTEXT ( 3 ) GLOBAL_UNCERTAINTY_ASSIGNED_CONTEXT ( ( #678 ) ) GLOBAL_UNIT_ASSIGNED_CONTEXT ( ( #296, #1016, #4357 ) ) REPRESENTATION_CONTEXT ( 'NONE', 'WORKASPACE' ) );
#3617 = ORIENTED_EDGE ( 'NONE', *, *, #3901, .F. ) ;
#3618 = FACE_OUTER_BOUND ( 'NONE', #1848, .T. ) ;
#3619 = CARTESIAN_POINT ( 'NONE',  ( -0.7502573471530890000, 0.9334634706591308200, 1.545214897222609200 ) ) ;
#3620 = EDGE_CURVE ( 'NONE', #148, #4288, #2380, .T. ) ;
#3621 = EDGE_CURVE ( 'NONE', #941, #494, #1711, .T. ) ;
#3622 = CARTESIAN_POINT ( 'NONE',  ( 1.399999999999999900, -0.6599999999999999200, 1.503261606402509500 ) ) ;
#3623 = CARTESIAN_POINT ( 'NONE',  ( 0.4000000000000000800, -1.219729649861163100E-015, 1.750000000000000200 ) ) ;
#3624 = CARTESIAN_POINT ( 'NONE',  ( -1.360097437989604300, 0.1499999999999998600, -1.599999999999999900 ) ) ;
#3625 = CARTESIAN_POINT ( 'NONE',  ( -1.303261606402509100, -0.6999999999999998400, -0.7762062805697254000 ) ) ;
#3626 = VERTEX_POINT ( 'NONE', #2014 ) ;
#3627 = APPLICATION_CONTEXT ( 'automotive_design' ) ;
#3628 = VECTOR ( 'NONE', #3284, 1000.000000000000000 ) ;
#3629 = VERTEX_POINT ( 'NONE', #959 ) ;
#3630 =( LENGTH_UNIT ( ) NAMED_UNIT ( * ) SI_UNIT ( .MILLI., .METRE. ) );
#3631 = DIRECTION ( 'NONE',  ( 0.06958737431666060800, -0.9951458157835090200, 0.06958737431666367500 ) ) ;
#3632 = VECTOR ( 'NONE', #1880, 1000.000000000000000 ) ;
#3633 = DIRECTION ( 'NONE',  ( 0.0000000000000000000, -3.510884260745492000E-017, 1.000000000000000000 ) ) ;
#3634 = CIRCLE ( 'NONE', #780, 0.1499999999999999700 ) ;
#3635 =( GEOMETRIC_REPRESENTATION_CONTEXT ( 3 ) GLOBAL_UNCERTAINTY_ASSIGNED_CONTEXT ( ( #2056 ) ) GLOBAL_UNIT_ASSIGNED_CONTEXT ( ( #637, #1300, #969 ) ) REPRESENTATION_CONTEXT ( 'NONE', 'WORKASPACE' ) );
#3636 =( NAMED_UNIT ( * ) SI_UNIT ( $, .STERADIAN. ) SOLID_ANGLE_UNIT ( ) );
#3637 =( LENGTH_UNIT ( ) NAMED_UNIT ( * ) SI_UNIT ( .MILLI., .METRE. ) );
#3638 = ORIENTED_EDGE ( 'NONE', *, *, #4212, .T. ) ;
#3639 = SURFACE_SIDE_STYLE ('',( #996 ) ) ;
#3640 =( NAMED_UNIT ( * ) SI_UNIT ( $, .STERADIAN. ) SOLID_ANGLE_UNIT ( ) );
#3641 = ORIENTED_EDGE ( 'NONE', *, *, #2421, .T. ) ;
#3642 = ORIENTED_EDGE ( 'NONE', *, *, #380, .T. ) ;
#3643 = DIRECTION ( 'NONE',  ( 4.308457548252582000E-034, -3.510884260745492600E-017, 1.000000000000000000 ) ) ;
#3644 = EDGE_CURVE ( 'NONE', #1798, #1142, #4045, .T. ) ;
#3645 = ORIENTED_EDGE ( 'NONE', *, *, #3155, .T. ) ;
#3646 = AXIS2_PLACEMENT_3D ( 'NONE', #1519, #2225, #4227 ) ;
#3647 = ORIENTED_EDGE ( 'NONE', *, *, #4212, .F. ) ;
#3648 = ORIENTED_EDGE ( 'NONE', *, *, #4336, .T. ) ;
#3649 = DIRECTION ( 'NONE',  ( -1.000000000000000000, -0.0000000000000000000, -0.0000000000000000000 ) ) ;
#3650 = DIRECTION ( 'NONE',  ( 0.0000000000000000000, -0.06975647374412564900, -0.9975640502598242000 ) ) ;
#3651 = FILL_AREA_STYLE_COLOUR ( '', #1681 ) ;
#3652 = APPLICATION_PROTOCOL_DEFINITION ( 'draft international standard', 'automotive_design', 1998, #3627 ) ;
#3653 = CARTESIAN_POINT ( 'NONE',  ( 1.343164168412901600, -0.6627902589497647300, 0.7411929124102064600 ) ) ;
#3654 = CARTESIAN_POINT ( 'NONE',  ( -1.349371528196719100, 0.3033876562476505200, 1.589274090207115000 ) ) ;
#3655 = VECTOR ( 'NONE', #768, 1000.000000000000000 ) ;
#3656 = ORIENTED_EDGE ( 'NONE', *, *, #3366, .T. ) ;
#3657 = DIRECTION ( 'NONE',  ( 0.0000000000000000000, -0.1302832367974174300, 0.9914768167786819400 ) ) ;
#3658 = VECTOR ( 'NONE', #3643, 1000.000000000000000 ) ;
#3659 = LINE ( 'NONE', #3196, #3544 ) ;
#3660 = CARTESIAN_POINT ( 'NONE',  ( -0.7710147290091521300, 0.9469377332953102800, 1.528985270990853400 ) ) ;
#3661 = ORIENTED_EDGE ( 'NONE', *, *, #541, .T. ) ;
#3662 = PRESENTATION_STYLE_ASSIGNMENT (( #1308 ) ) ;
#3663 =( LENGTH_UNIT ( ) NAMED_UNIT ( * ) SI_UNIT ( .MILLI., .METRE. ) );
#3664 = ORIENTED_EDGE ( 'NONE', *, *, #4233, .T. ) ;
#3665 = CARTESIAN_POINT ( 'NONE',  ( -0.6929289321881345600, 0.9399999999999998400, 1.592928932188134800 ) ) ;
#3666 = PRESENTATION_LAYER_ASSIGNMENT (  '', '', ( #1749 ) ) ;
#3667 = AXIS2_PLACEMENT_3D ( 'NONE', #3854, #158, #4232 ) ;
#3668 = LINE ( 'NONE', #812, #2854 ) ;
#3669 = CARTESIAN_POINT ( 'NONE',  ( -0.4000000000000000800, -1.219729649861163500E-015, -1.750000000000000200 ) ) ;
#3670 = CARTESIAN_POINT ( 'NONE',  ( 0.0000000000000000000, -0.8853553390593275100, -6.399361213531755000E-017 ) ) ;
#3671 = DIRECTION ( 'NONE',  ( 0.0000000000000000000, 0.0000000000000000000, -1.000000000000000000 ) ) ;
#3672 =( GEOMETRIC_REPRESENTATION_CONTEXT ( 3 ) GLOBAL_UNCERTAINTY_ASSIGNED_CONTEXT ( ( #2639 ) ) GLOBAL_UNIT_ASSIGNED_CONTEXT ( ( #1040, #1770, #3 ) ) REPRESENTATION_CONTEXT ( 'NONE', 'WORKASPACE' ) );
#3673 =( GEOMETRIC_REPRESENTATION_CONTEXT ( 3 ) GLOBAL_UNCERTAINTY_ASSIGNED_CONTEXT ( ( #4229 ) ) GLOBAL_UNIT_ASSIGNED_CONTEXT ( ( #259, #1240, #1657 ) ) REPRESENTATION_CONTEXT ( 'NONE', 'WORKASPACE' ) );
#3674 = DIRECTION ( 'NONE',  ( 0.0000000000000000000, 0.0000000000000000000, 1.000000000000000000 ) ) ;
#3675 = ORIENTED_EDGE ( 'NONE', *, *, #4098, .F. ) ;
#3676 = PLANE ( 'NONE',  #1781 ) ;
#3677 = EDGE_CURVE ( 'NONE', #1043, #4035, #4156, .T. ) ;
#3678 =( NAMED_UNIT ( * ) SI_UNIT ( $, .STERADIAN. ) SOLID_ANGLE_UNIT ( ) );
#3679 = EDGE_CURVE ( 'NONE', #2491, #774, #3339, .T. ) ;
#3680 = ADVANCED_FACE ( 'NONE', ( #3136 ), #3676, .T. ) ;
#3681 = ORIENTED_EDGE ( 'NONE', *, *, #2720, .T. ) ;
#3682 = DIRECTION ( 'NONE',  ( 1.000000000000000000, 0.0000000000000000000, 0.0000000000000000000 ) ) ;
#3683 = DIRECTION ( 'NONE',  ( 0.0000000000000000000, -1.000000000000000000, 5.860552283705437800E-016 ) ) ;
#3684 = CARTESIAN_POINT ( 'NONE',  ( -0.4000000000000000800, -0.7499999999999998900, -1.549999999999999400 ) ) ;
#3685 = SURFACE_STYLE_FILL_AREA ( #4241 ) ;
#3686 = CARTESIAN_POINT ( 'NONE',  ( 1.341618753780707200, -0.6848907178330213600, 0.7606327937891771400 ) ) ;
#3687 = CARTESIAN_POINT ( 'NONE',  ( 1.100000000000000100, -0.7499999999999998900, -1.549999999999999400 ) ) ;
#3688 = LINE ( 'NONE', #3885, #3632 ) ;
#3689 = ORIENTED_EDGE ( 'NONE', *, *, #722, .F. ) ;
#3690 =( NAMED_UNIT ( * ) PLANE_ANGLE_UNIT ( ) SI_UNIT ( $, .RADIAN. ) );
#3691 = FACE_OUTER_BOUND ( 'NONE', #2187, .T. ) ;
#3692 = CARTESIAN_POINT ( 'NONE',  ( -1.302451816031413400, -0.6999999999999999600, -0.7762558472959992800 ) ) ;
#3693 = FILL_AREA_STYLE ('',( #1398 ) ) ;
#3694 = LINE ( 'NONE', #1435, #1893 ) ;
#3695 = COLOUR_RGB ( '',0.7529411764705882200, 0.7529411764705882200, 0.7529411764705882200 ) ;
#3696 = EDGE_CURVE ( 'NONE', #159, #2368, #1262, .T. ) ;
#3697 = VERTEX_POINT ( 'NONE', #2736 ) ;
#3698 = EDGE_LOOP ( 'NONE', ( #3954, #3074, #3493, #4352 ) ) ;
#3699 = CARTESIAN_POINT ( 'NONE',  ( -1.343164168412901900, -0.6627902589497647300, -0.7411929124102061300 ) ) ;
#3700 = STYLED_ITEM ( 'NONE', ( #686 ), #2472 ) ;
#3701 = STYLED_ITEM ( 'NONE', ( #929 ), #684 ) ;
#3702 = COLOUR_RGB ( '',0.7529411764705882200, 0.7529411764705882200, 0.7529411764705882200 ) ;
#3703 =( LENGTH_UNIT ( ) NAMED_UNIT ( * ) SI_UNIT ( .MILLI., .METRE. ) );
#3704 = PLANE ( 'NONE',  #3110 ) ;
#3705 = EDGE_LOOP ( 'NONE', ( #3066, #2688, #1955, #1903, #3370 ) ) ;
#3706 = DIRECTION ( 'NONE',  ( 1.000000000000000000, 0.0000000000000000000, 0.0000000000000000000 ) ) ;
#3707 = CARTESIAN_POINT ( 'NONE',  ( 1.100000000000000100, -0.7168676284683990200, 0.03756944044792886300 ) ) ;
#3708 = ADVANCED_FACE ( 'NONE', ( #3225 ), #1764, .T. ) ;
#3709 = DIRECTION ( 'NONE',  ( -1.000000000000000000, -0.0000000000000000000, -0.0000000000000000000 ) ) ;
#3710 = CIRCLE ( 'NONE', #208, 0.04000000000000010500 ) ;
#3711 = AXIS2_PLACEMENT_3D ( 'NONE', #1813, #4133, #4121 ) ;
#3712 = CARTESIAN_POINT ( 'NONE',  ( 1.100000000000000100, -0.7999314767377279100, 1.547383202187851700 ) ) ;
#3713 = EDGE_CURVE ( 'NONE', #1176, #2559, #1386, .T. ) ;
#3714 = EDGE_CURVE ( 'NONE', #1697, #222, #2231, .T. ) ;
#3715 = CARTESIAN_POINT ( 'NONE',  ( 1.399999999999999900, -0.9000000000000000200, -0.7149122703230398300 ) ) ;
#3716 = CARTESIAN_POINT ( 'NONE',  ( -0.7512812380274830300, 0.7499999999999997800, 1.548718761972517300 ) ) ;
#3717 = CIRCLE ( 'NONE', #2592, 0.1499999999999999700 ) ;
#3718 = ORIENTED_EDGE ( 'NONE', *, *, #542, .T. ) ;
#3719 = CARTESIAN_POINT ( 'NONE',  ( 0.4000000000000000800, -0.7168676284683994600, -0.03756944044792888400 ) ) ;
#3720 = SURFACE_SIDE_STYLE ('',( #3955 ) ) ;
#3721 = LINE ( 'NONE', #2498, #1597 ) ;
#3722 = ORIENTED_EDGE ( 'NONE', *, *, #3022, .T. ) ;
#3723 = FACE_OUTER_BOUND ( 'NONE', #2933, .T. ) ;
#3724 = DIRECTION ( 'NONE',  ( -0.0000000000000000000, 0.9986295347545739400, 0.05233595624294431300 ) ) ;
#3725 = ORIENTED_EDGE ( 'NONE', *, *, #1342, .T. ) ;
#3726 = CARTESIAN_POINT ( 'NONE',  ( -1.357874433597450000, 0.7499999999999997800, 1.529042323730438900 ) ) ;
#3727 = ORIENTED_EDGE ( 'NONE', *, *, #3763, .F. ) ;
#3728 = ADVANCED_FACE ( 'NONE', ( #1495 ), #2120, .F. ) ;
#3729 = MECHANICAL_DESIGN_GEOMETRIC_PRESENTATION_REPRESENTATION (  '', ( #4058 ), #2473 ) ;
#3730 = UNCERTAINTY_MEASURE_WITH_UNIT (LENGTH_MEASURE( 1.000000000000000100E-005 ), #3703, 'distance_accuracy_value', 'NONE');
#3731 = DIRECTION ( 'NONE',  ( 0.0000000000000000000, 0.05233595624294358500, -0.9986295347545739400 ) ) ;
#3732 =( GEOMETRIC_REPRESENTATION_CONTEXT ( 3 ) GLOBAL_UNCERTAINTY_ASSIGNED_CONTEXT ( ( #4265 ) ) GLOBAL_UNIT_ASSIGNED_CONTEXT ( ( #1816, #3794, #88 ) ) REPRESENTATION_CONTEXT ( 'NONE', 'WORKASPACE' ) );
#3733 = AXIS2_PLACEMENT_3D ( 'NONE', #3411, #1439, #3746 ) ;
#3734 = FACE_OUTER_BOUND ( 'NONE', #346, .T. ) ;
#3735 = DIRECTION ( 'NONE',  ( -0.7071067811865474600, 2.482570068734256100E-017, -0.7071067811865474600 ) ) ;
#3736 = FILL_AREA_STYLE_COLOUR ( '', #1687 ) ;
#3737 = ORIENTED_EDGE ( 'NONE', *, *, #2514, .F. ) ;
#3738 = EDGE_CURVE ( 'NONE', #2772, #2554, #2945, .T. ) ;
#3739 = PLANE ( 'NONE',  #2339 ) ;
#3740 = DIRECTION ( 'NONE',  ( 1.000000000000000000, -0.0000000000000000000, 0.0000000000000000000 ) ) ;
#3741 = FILL_AREA_STYLE ('',( #1079 ) ) ;
#3742 = ORIENTED_EDGE ( 'NONE', *, *, #2565, .T. ) ;
#3743 = CARTESIAN_POINT ( 'NONE',  ( -0.4000000000000000800, -0.7499999999999990000, -1.599999999999999900 ) ) ;
#3744 = CIRCLE ( 'NONE', #3776, 0.04000000000000010500 ) ;
#3745 = COLOUR_RGB ( '',0.7529411764705882200, 0.7529411764705882200, 0.7529411764705882200 ) ;
#3746 = DIRECTION ( 'NONE',  ( 0.0000000000000000000, 2.486899575160349700E-014, -1.000000000000000000 ) ) ;
#3747 = LINE ( 'NONE', #3719, #1471 ) ;
#3748 = DIRECTION ( 'NONE',  ( 0.0000000000000000000, 1.000000000000000000, -5.860552283705437800E-016 ) ) ;
#3749 = VERTEX_POINT ( 'NONE', #2107 ) ;
#3750 =( NAMED_UNIT ( * ) SI_UNIT ( $, .STERADIAN. ) SOLID_ANGLE_UNIT ( ) );
#3751 = UNCERTAINTY_MEASURE_WITH_UNIT (LENGTH_MEASURE( 1.000000000000000100E-005 ), #3223, 'distance_accuracy_value', 'NONE');
#3752 = VERTEX_POINT ( 'NONE', #2075 ) ;
#3753 = PRESENTATION_LAYER_ASSIGNMENT (  '', '', ( #2643 ) ) ;
#3754 = ORIENTED_EDGE ( 'NONE', *, *, #3644, .T. ) ;
#3755 = VECTOR ( 'NONE', #2553, 1000.000000000000000 ) ;
#3756 = VERTEX_POINT ( 'NONE', #419 ) ;
#3757 = AXIS2_PLACEMENT_3D ( 'NONE', #735, #2148, #3401 ) ;
#3758 = CARTESIAN_POINT ( 'NONE',  ( -0.4000000000000000800, -9.376883653928696500E-016, 1.600000000000000300 ) ) ;
#3759 = AXIS2_PLACEMENT_3D ( 'NONE', #2296, #337, #2000 ) ;
#3760 = ORIENTED_EDGE ( 'NONE', *, *, #3471, .F. ) ;
#3761 =( GEOMETRIC_REPRESENTATION_CONTEXT ( 3 ) GLOBAL_UNCERTAINTY_ASSIGNED_CONTEXT ( ( #2409 ) ) GLOBAL_UNIT_ASSIGNED_CONTEXT ( ( #2040, #2028, #1653 ) ) REPRESENTATION_CONTEXT ( 'NONE', 'WORKASPACE' ) );
#3762 = SURFACE_STYLE_USAGE ( .BOTH. , #32 ) ;
#3763 = EDGE_CURVE ( 'NONE', #1363, #4392, #1867, .T. ) ;
#3764 = EDGE_CURVE ( 'NONE', #824, #3346, #3602, .T. ) ;
#3765 = VECTOR ( 'NONE', #2834, 1000.000000000000000 ) ;
#3766 = ORIENTED_EDGE ( 'NONE', *, *, #401, .F. ) ;
#3767 = CARTESIAN_POINT ( 'NONE',  ( 0.4000000000000000800, -0.7499999999999985600, 1.749999999999999800 ) ) ;
#3768 = CIRCLE ( 'NONE', #1730, 0.1999999999999998700 ) ;
#3769 = ORIENTED_EDGE ( 'NONE', *, *, #2230, .F. ) ;
#3770 = DIRECTION ( 'NONE',  ( -0.0000000000000000000, 1.000000000000000000, 7.228014483236695800E-017 ) ) ;
#3771 = VECTOR ( 'NONE', #3253, 1000.000000000000000 ) ;
#3772 = LINE ( 'NONE', #4162, #744 ) ;
#3773 = CARTESIAN_POINT ( 'NONE',  ( 0.4000000000000000800, -0.04861185450468941800, -0.9275694404479294400 ) ) ;
#3774 = CARTESIAN_POINT ( 'NONE',  ( -0.7790999173765840200, 0.9399999999999998400, 1.506757946999685200 ) ) ;
#3775 = ORIENTED_EDGE ( 'NONE', *, *, #3764, .T. ) ;
#3776 = AXIS2_PLACEMENT_3D ( 'NONE', #4018, #4391, #2372 ) ;
#3777 = FILL_AREA_STYLE_COLOUR ( '', #2034 ) ;
#3778 = VECTOR ( 'NONE', #700, 1000.000000000000100 ) ;
#3779 = FILL_AREA_STYLE ('',( #1115 ) ) ;
#3780 = DIRECTION ( 'NONE',  ( 1.000000000000000000, -0.0000000000000000000, -0.0000000000000000000 ) ) ;
#3781 = UNCERTAINTY_MEASURE_WITH_UNIT (LENGTH_MEASURE( 1.000000000000000100E-005 ), #2334, 'distance_accuracy_value', 'NONE');
#3782 = LINE ( 'NONE', #3819, #2484 ) ;
#3783 = DIRECTION ( 'NONE',  ( -1.000000000000000000, -0.0000000000000000000, -0.0000000000000000000 ) ) ;
#3784 = AXIS2_PLACEMENT_3D ( 'NONE', #3773, #1101, #776 ) ;
#3785 = DIRECTION ( 'NONE',  ( 0.0000000000000000000, 0.0000000000000000000, 1.000000000000000000 ) ) ;
#3786 = CARTESIAN_POINT ( 'NONE',  ( -0.4000000000000000800, -0.8666620586815847500, -0.04541983388437101400 ) ) ;
#3787 = DIRECTION ( 'NONE',  ( 0.06916478287887444000, -0.9891024766687781500, -0.1299712408843093100 ) ) ;
#3788 = VERTEX_POINT ( 'NONE', #4111 ) ;
#3789 = PRESENTATION_STYLE_ASSIGNMENT (( #3341 ) ) ;
#3790 =( GEOMETRIC_REPRESENTATION_CONTEXT ( 3 ) GLOBAL_UNCERTAINTY_ASSIGNED_CONTEXT ( ( #1647 ) ) GLOBAL_UNIT_ASSIGNED_CONTEXT ( ( #2599, #589, #3250 ) ) REPRESENTATION_CONTEXT ( 'NONE', 'WORKASPACE' ) );
#3791 = EDGE_CURVE ( 'NONE', #2787, #3829, #4386, .T. ) ;
#3792 = PRESENTATION_LAYER_ASSIGNMENT (  '', '', ( #3870 ) ) ;
#3793 = ORIENTED_EDGE ( 'NONE', *, *, #3832, .T. ) ;
#3794 =( NAMED_UNIT ( * ) PLANE_ANGLE_UNIT ( ) SI_UNIT ( $, .RADIAN. ) );
#3795 = DIRECTION ( 'NONE',  ( -0.9975640502598245300, -0.06975647374412200000, -2.449069057533440900E-018 ) ) ;
#3796 = PRESENTATION_STYLE_ASSIGNMENT (( #1744 ) ) ;
#3797 = VECTOR ( 'NONE', #2424, 1000.000000000000000 ) ;
#3798 = CARTESIAN_POINT ( 'NONE',  ( -0.7503320568429352500, 0.9348907178330210200, 1.545115094377884200 ) ) ;
#3799 = EDGE_LOOP ( 'NONE', ( #1586, #2648, #4366, #4108 ) ) ;
#3800 =( NAMED_UNIT ( * ) PLANE_ANGLE_UNIT ( ) SI_UNIT ( $, .RADIAN. ) );
#3801 = ORIENTED_EDGE ( 'NONE', *, *, #2740, .F. ) ;
#3802 = ORIENTED_EDGE ( 'NONE', *, *, #2437, .T. ) ;
#3803 = ORIENTED_EDGE ( 'NONE', *, *, #1643, .T. ) ;
#3804 = DIRECTION ( 'NONE',  ( 0.0000000000000000000, 0.05233595624294430600, -0.9986295347545738300 ) ) ;
#3805 = CARTESIAN_POINT ( 'NONE',  ( 1.306757946999685100, 0.9099999999999999200, 1.506757946999685200 ) ) ;
#3806 =( BOUNDED_CURVE ( )  B_SPLINE_CURVE ( 3, ( #2299, #1295, #2004, #2328 ),
 .UNSPECIFIED., .F., .F. ) 
 B_SPLINE_CURVE_WITH_KNOTS ( ( 4, 4 ),
 ( 5.500220136198093400, 7.066150478161080000 ),
 .UNSPECIFIED. ) 
 CURVE ( )  GEOMETRIC_REPRESENTATION_ITEM ( )  RATIONAL_B_SPLINE_CURVE ( ( 1.000000000000000000, 0.8058833813892191100, 0.8058833813892191100, 1.000000000000000000 ) ) 
 REPRESENTATION_ITEM ( '' )  );
#3807 = LINE ( 'NONE', #2908, #1536 ) ;
#3808 = SURFACE_STYLE_USAGE ( .BOTH. , #476 ) ;
#3809 = ORIENTED_EDGE ( 'NONE', *, *, #602, .T. ) ;
#3810 = STYLED_ITEM ( 'NONE', ( #3842 ), #1943 ) ;
#3811 = AXIS2_PLACEMENT_3D ( 'NONE', #601, #2953, #644 ) ;
#3812 =( LENGTH_UNIT ( ) NAMED_UNIT ( * ) SI_UNIT ( .MILLI., .METRE. ) );
#3813 = STYLED_ITEM ( 'NONE', ( #1803 ), #1382 ) ;
#3814 = DIRECTION ( 'NONE',  ( -1.881169854268313900E-036, 7.228014483236695800E-017, -1.000000000000000000 ) ) ;
#3815 = DIRECTION ( 'NONE',  ( -1.000000000000000000, -0.0000000000000000000, -0.0000000000000000000 ) ) ;
#3816 = ORIENTED_EDGE ( 'NONE', *, *, #4096, .F. ) ;
#3817 = STYLED_ITEM ( 'NONE', ( #1922 ), #2994 ) ;
#3818 = ORIENTED_EDGE ( 'NONE', *, *, #2751, .F. ) ;
#3819 = CARTESIAN_POINT ( 'NONE',  ( -1.348718761972516500, 0.7500000000000000000, 1.288235768189459200E-016 ) ) ;
#3820 = EDGE_CURVE ( 'NONE', #2978, #3972, #136, .T. ) ;
#3821 = EDGE_CURVE ( 'NONE', #494, #2130, #4149, .T. ) ;
#3822 = FACE_OUTER_BOUND ( 'NONE', #935, .T. ) ;
#3823 = PRESENTATION_STYLE_ASSIGNMENT (( #201 ) ) ;
#3824 = DIRECTION ( 'NONE',  ( 1.000000000000000000, 0.0000000000000000000, -5.434248418450471900E-015 ) ) ;
#3825 = PLANE ( 'NONE',  #1050 ) ;
#3826 = EDGE_LOOP ( 'NONE', ( #3275, #2217, #2830, #420 ) ) ;
#3827 = FILL_AREA_STYLE ('',( #1181 ) ) ;
#3828 = CARTESIAN_POINT ( 'NONE',  ( 0.0000000000000000000, 0.9499999999999998400, 3.335340047708217100E-017 ) ) ;
#3829 = VERTEX_POINT ( 'NONE', #4046 ) ;
#3830 = DIRECTION ( 'NONE',  ( 0.7071067811865475700, 2.482570068734256400E-017, -0.7071067811865475700 ) ) ;
#3831 =( NAMED_UNIT ( * ) PLANE_ANGLE_UNIT ( ) SI_UNIT ( $, .RADIAN. ) );
#3832 = EDGE_CURVE ( 'NONE', #2901, #3882, #2564, .T. ) ;
#3833 = PLANE ( 'NONE',  #2478 ) ;
#3834 = ORIENTED_EDGE ( 'NONE', *, *, #3738, .T. ) ;
#3835 = FACE_OUTER_BOUND ( 'NONE', #1036, .T. ) ;
#3836 = MECHANICAL_DESIGN_GEOMETRIC_PRESENTATION_REPRESENTATION (  '', ( #297 ), #4088 ) ;
#3837 = ORIENTED_EDGE ( 'NONE', *, *, #2865, .F. ) ;
#3838 = CARTESIAN_POINT ( 'NONE',  ( 1.100000000000000100, -2.710505431213761100E-017, 1.600000000000000300 ) ) ;
#3839 = MECHANICAL_DESIGN_GEOMETRIC_PRESENTATION_REPRESENTATION (  '', ( #1862 ), #2452 ) ;
#3840 = SURFACE_SIDE_STYLE ('',( #3052 ) ) ;
#3841 = AXIS2_PLACEMENT_3D ( 'NONE', #3287, #3631, #674 ) ;
#3842 = PRESENTATION_STYLE_ASSIGNMENT (( #2414 ) ) ;
#3843 = SURFACE_STYLE_FILL_AREA ( #803 ) ;
#3844 = EDGE_CURVE ( 'NONE', #2411, #2097, #465, .T. ) ;
#3845 = DIRECTION ( 'NONE',  ( 0.0000000000000000000, 0.06975647374412430300, -0.9975640502598243100 ) ) ;
#3846 = CIRCLE ( 'NONE', #1481, 0.04000000000000010500 ) ;
#3847 = LINE ( 'NONE', #4048, #1087 ) ;
#3848 = CARTESIAN_POINT ( 'NONE',  ( 1.469576158976823600E-016, 0.9499999999999998400, -1.200000000000000000 ) ) ;
#3849 = VERTEX_POINT ( 'NONE', #3426 ) ;
#3850 = CARTESIAN_POINT ( 'NONE',  ( 1.399999999999999900, 0.1500000000000526500, 1.084202172485885000E-017 ) ) ;
#3851 = VERTEX_POINT ( 'NONE', #1453 ) ;
#3852 = SURFACE_SIDE_STYLE ('',( #4114 ) ) ;
#3853 = ORIENTED_EDGE ( 'NONE', *, *, #747, .F. ) ;
#3854 = CARTESIAN_POINT ( 'NONE',  ( 0.4000000000000000800, 0.0000000000000000000, 0.0000000000000000000 ) ) ;
#3855 = ORIENTED_EDGE ( 'NONE', *, *, #3844, .T. ) ;
#3856 =( BOUNDED_CURVE ( )  B_SPLINE_CURVE ( 3, ( #3564, #4379, #2767, #1067 ),
 .UNSPECIFIED., .F., .T. ) 
 B_SPLINE_CURVE_WITH_KNOTS ( ( 4, 4 ),
 ( 2.358627482608277600, 3.924557824571426300 ),
 .UNSPECIFIED. ) 
 CURVE ( )  GEOMETRIC_REPRESENTATION_ITEM ( )  RATIONAL_B_SPLINE_CURVE ( ( 1.000000000000000000, 0.8058833813891809200, 0.8058833813891809200, 1.000000000000000000 ) ) 
 REPRESENTATION_ITEM ( '' )  );
#3857 = CARTESIAN_POINT ( 'NONE',  ( -1.318791840464721200, 0.7406975647374410800, 1.558694402475115500 ) ) ;
#3858 = DIRECTION ( 'NONE',  ( -0.06958737431666109400, -0.9951458157835089100, -0.06958737431666479900 ) ) ;
#3859 = DIRECTION ( 'NONE',  ( 0.06958737431666109400, 0.9951458157835086900, 0.06958737431666477100 ) ) ;
#3860 =( NAMED_UNIT ( * ) PLANE_ANGLE_UNIT ( ) SI_UNIT ( $, .RADIAN. ) );
#3861 =( GEOMETRIC_REPRESENTATION_CONTEXT ( 3 ) GLOBAL_UNCERTAINTY_ASSIGNED_CONTEXT ( ( #3400 ) ) GLOBAL_UNIT_ASSIGNED_CONTEXT ( ( #255, #3282, #3233 ) ) REPRESENTATION_CONTEXT ( 'NONE', 'WORKASPACE' ) );
#3862 = VECTOR ( 'NONE', #3362, 1000.000000000000000 ) ;
#3863 = ORIENTED_EDGE ( 'NONE', *, *, #184, .T. ) ;
#3864 = DIRECTION ( 'NONE',  ( 0.0000000000000000000, 1.000000000000000000, 3.510884260745492000E-017 ) ) ;
#3865 = EDGE_CURVE ( 'NONE', #166, #948, #3717, .T. ) ;
#3866 = PRESENTATION_STYLE_ASSIGNMENT (( #1828 ) ) ;
#3867 = DIRECTION ( 'NONE',  ( -0.0000000000000000000, -1.000000000000000000, -7.228014483236695800E-017 ) ) ;
#3868 = FACE_OUTER_BOUND ( 'NONE', #583, .T. ) ;
#3869 = DIRECTION ( 'NONE',  ( 0.0000000000000000000, 0.0000000000000000000, -1.000000000000000000 ) ) ;
#3870 = STYLED_ITEM ( 'NONE', ( #3934 ), #3226 ) ;
#3871 = VERTEX_POINT ( 'NONE', #72 ) ;
#3872 =( NAMED_UNIT ( * ) PLANE_ANGLE_UNIT ( ) SI_UNIT ( $, .RADIAN. ) );
#3873 =( NAMED_UNIT ( * ) PLANE_ANGLE_UNIT ( ) SI_UNIT ( $, .RADIAN. ) );
#3874 = EDGE_LOOP ( 'NONE', ( #287, #2552, #16, #3216 ) ) ;
#3875 = CYLINDRICAL_SURFACE ( 'NONE', #1216, 0.03999999999999999400 ) ;
#3876 = DIRECTION ( 'NONE',  ( -1.000000000000000000, -0.0000000000000000000, -0.0000000000000000000 ) ) ;
#3877 = DIRECTION ( 'NONE',  ( 1.000000000000000000, -0.0000000000000000000, -5.434248418450471900E-015 ) ) ;
#3878 = SPHERICAL_SURFACE ( 'NONE', #2435, 0.04000000000000000100 ) ;
#3879 = UNCERTAINTY_MEASURE_WITH_UNIT (LENGTH_MEASURE( 1.000000000000000100E-005 ), #934, 'distance_accuracy_value', 'NONE');
#3880 = SURFACE_STYLE_USAGE ( .BOTH. , #3852 ) ;
#3881 =( NAMED_UNIT ( * ) SI_UNIT ( $, .STERADIAN. ) SOLID_ANGLE_UNIT ( ) );
#3882 = VERTEX_POINT ( 'NONE', #3413 ) ;
#3883 =( GEOMETRIC_REPRESENTATION_CONTEXT ( 3 ) GLOBAL_UNCERTAINTY_ASSIGNED_CONTEXT ( ( #2116 ) ) GLOBAL_UNIT_ASSIGNED_CONTEXT ( ( #2236, #1568, #2928 ) ) REPRESENTATION_CONTEXT ( 'NONE', 'WORKASPACE' ) );
#3884 = CARTESIAN_POINT ( 'NONE',  ( 1.399999999999999900, 0.1499999999999605300, -1.560097437989604200 ) ) ;
#3885 = CARTESIAN_POINT ( 'NONE',  ( -1.100000000000000100, -9.376883653928702400E-016, -1.600000000000000300 ) ) ;
#3886 = ORIENTED_EDGE ( 'NONE', *, *, #795, .F. ) ;
#3887 = PRESENTATION_STYLE_ASSIGNMENT (( #3369 ) ) ;
#3888 = PRESENTATION_LAYER_ASSIGNMENT (  '', '', ( #1366 ) ) ;
#3889 = DIRECTION ( 'NONE',  ( -0.06916478287887445300, 0.9891024766687782600, 0.1299712408843093400 ) ) ;
#3890 = DIRECTION ( 'NONE',  ( -5.054320094942356200E-018, 1.020039679628379500E-034, 1.000000000000000000 ) ) ;
#3891 = DIRECTION ( 'NONE',  ( 1.000000000000000000, 0.0000000000000000000, 0.0000000000000000000 ) ) ;
#3892 = AXIS2_PLACEMENT_3D ( 'NONE', #4198, #151, #1211 ) ;
#3893 = DIRECTION ( 'NONE',  ( 3.790740071206765100E-016, 5.421010862427524500E-015, 1.000000000000000000 ) ) ;
#3894 = MECHANICAL_DESIGN_GEOMETRIC_PRESENTATION_REPRESENTATION (  '', ( #1081 ), #2482 ) ;
#3895 = VECTOR ( 'NONE', #850, 1000.000000000000000 ) ;
#3896 = VECTOR ( 'NONE', #360, 1000.000000000000200 ) ;
#3897 =( NAMED_UNIT ( * ) PLANE_ANGLE_UNIT ( ) SI_UNIT ( $, .RADIAN. ) );
#3898 = VECTOR ( 'NONE', #2949, 1000.000000000000100 ) ;
#3899 = CARTESIAN_POINT ( 'NONE',  ( 1.399999999999999900, -0.8652113294718965000, -0.7545713429941871600 ) ) ;
#3900 = EDGE_CURVE ( 'NONE', #1904, #1142, #1762, .T. ) ;
#3901 = EDGE_CURVE ( 'NONE', #1709, #3360, #3387, .T. ) ;
#3902 = FILL_AREA_STYLE_COLOUR ( '', #3087 ) ;
#3903 = CYLINDRICAL_SURFACE ( 'NONE', #2793, 0.03999999999999998000 ) ;
#3904 = ORIENTED_EDGE ( 'NONE', *, *, #3832, .F. ) ;
#3905 = DIRECTION ( 'NONE',  ( 0.0000000000000000000, 1.000000000000000000, 3.510884260745492000E-017 ) ) ;
#3906 = DIRECTION ( 'NONE',  ( 0.0000000000000000000, -0.1302832367974172400, 0.9914768167786820500 ) ) ;
#3907 = ORIENTED_EDGE ( 'NONE', *, *, #1220, .F. ) ;
#3908 = VECTOR ( 'NONE', #4016, 1000.000000000000000 ) ;
#3909 = SURFACE_STYLE_USAGE ( .BOTH. , #3929 ) ;
#3910 = EDGE_LOOP ( 'NONE', ( #2353, #4245, #1499, #3661 ) ) ;
#3911 = CARTESIAN_POINT ( 'NONE',  ( -1.343164168412901900, -0.6627902589497647300, -6.513596797874724200E-017 ) ) ;
#3912 = CARTESIAN_POINT ( 'NONE',  ( -1.100000000000000100, -1.219729649861163500E-015, -1.750000000000000200 ) ) ;
#3913 = DIRECTION ( 'NONE',  ( -7.703719777548943400E-034, 7.228014483236694600E-017, -1.000000000000000000 ) ) ;
#3914 = EDGE_LOOP ( 'NONE', ( #209, #2781, #2020, #2117, #1858, #4270, #3907, #1289, #1646, #2573, #3656 ) ) ;
#3915 = UNCERTAINTY_MEASURE_WITH_UNIT (LENGTH_MEASURE( 1.000000000000000100E-005 ), #2255, 'distance_accuracy_value', 'NONE');
#3916 = EDGE_LOOP ( 'NONE', ( #636, #35, #2777, #2458 ) ) ;
#3917 = DIRECTION ( 'NONE',  ( 0.0000000000000000000, 0.0000000000000000000, -1.000000000000000000 ) ) ;
#3918 = CARTESIAN_POINT ( 'NONE',  ( -1.358694402475114900, 0.7406975647374410800, 0.9371391024037527600 ) ) ;
#3919 = CIRCLE ( 'NONE', #3811, 0.03999999999999995900 ) ;
#3920 = ADVANCED_FACE ( 'NONE', ( #2785 ), #3486, .T. ) ;
#3921 = CYLINDRICAL_SURFACE ( 'NONE', #2229, 1.200000000000000000 ) ;
#3922 = EDGE_CURVE ( 'NONE', #2597, #1097, #1911, .T. ) ;
#3923 = EDGE_LOOP ( 'NONE', ( #1521, #2168, #2087, #3532 ) ) ;
#3924 = FILL_AREA_STYLE ('',( #1598 ) ) ;
#3925 = CARTESIAN_POINT ( 'NONE',  ( -1.339962183550097000, 0.7499999999999997800, 1.539962183550099000 ) ) ;
#3926 = SURFACE_STYLE_FILL_AREA ( #2326 ) ;
#3927 =( GEOMETRIC_REPRESENTATION_CONTEXT ( 3 ) GLOBAL_UNCERTAINTY_ASSIGNED_CONTEXT ( ( #2207 ) ) GLOBAL_UNIT_ASSIGNED_CONTEXT ( ( #546, #3615, #1256 ) ) REPRESENTATION_CONTEXT ( 'NONE', 'WORKASPACE' ) );
#3928 = ADVANCED_FACE ( 'NONE', ( #76 ), #638, .T. ) ;
#3929 = SURFACE_SIDE_STYLE ('',( #2325 ) ) ;
#3930 = VERTEX_POINT ( 'NONE', #3979 ) ;
#3931 = CARTESIAN_POINT ( 'NONE',  ( -1.343755936319345200, 0.9120926942123235300, 0.9562440636806549500 ) ) ;
#3932 = LINE ( 'NONE', #742, #3286 ) ;
#3933 = CYLINDRICAL_SURFACE ( 'NONE', #1978, 0.04999999999999991300 ) ;
#3934 = PRESENTATION_STYLE_ASSIGNMENT (( #4067 ) ) ;
#3935 =( NAMED_UNIT ( * ) PLANE_ANGLE_UNIT ( ) SI_UNIT ( $, .RADIAN. ) );
#3936 = ORIENTED_EDGE ( 'NONE', *, *, #246, .T. ) ;
#3937 = EDGE_CURVE ( 'NONE', #2787, #3027, #1812, .T. ) ;
#3938 = CARTESIAN_POINT ( 'NONE',  ( -0.7574031246548006400, 0.9286680383747657500, 1.542596875345200000 ) ) ;
#3939 = EDGE_CURVE ( 'NONE', #3422, #1154, #1203, .T. ) ;
#3940 = CARTESIAN_POINT ( 'NONE',  ( -1.330444834275098300, 0.9399999999999998400, 0.9695551657249023000 ) ) ;
#3941 = ORIENTED_EDGE ( 'NONE', *, *, #1314, .F. ) ;
#3942 = DIRECTION ( 'NONE',  ( 0.0000000000000000000, -0.9986295347545739400, 0.05233595624294358500 ) ) ;
#3943 = CARTESIAN_POINT ( 'NONE',  ( 1.300828945580725400, -0.6999999999999998400, 0.7762806420871662900 ) ) ;
#3944 = DIRECTION ( 'NONE',  ( 0.0000000000000000000, 0.1302832367974170700, -0.9914768167786819400 ) ) ;
#3945 = LINE ( 'NONE', #4393, #2048 ) ;
#3946 = ADVANCED_FACE ( 'NONE', ( #3432 ), #3921, .F. ) ;
#3947 = CARTESIAN_POINT ( 'NONE',  ( -1.328818226759438200, -0.2945233016260469500, -0.7892177239160315100 ) ) ;
#3948 = UNCERTAINTY_MEASURE_WITH_UNIT (LENGTH_MEASURE( 1.000000000000000100E-005 ), #3812, 'distance_accuracy_value', 'NONE');
#3949 = CARTESIAN_POINT ( 'NONE',  ( -1.328985270990851000, 0.9469377332953162800, 0.9710147290091470900 ) ) ;
#3950 = VECTOR ( 'NONE', #2634, 1000.000000000000100 ) ;
#3951 = CARTESIAN_POINT ( 'NONE',  ( 1.344058550445191600, 0.9499999999999998400, 3.335340047708217100E-017 ) ) ;
#3952 = ADVANCED_FACE ( 'NONE', ( #682 ), #2426, .T. ) ;
#3953 = CARTESIAN_POINT ( 'NONE',  ( -0.4000000000000000800, -2.710505431213761100E-017, 1.600000000000000300 ) ) ;
#3954 = ORIENTED_EDGE ( 'NONE', *, *, #1728, .F. ) ;
#3955 = SURFACE_STYLE_FILL_AREA ( #3741 ) ;
#3956 = DIRECTION ( 'NONE',  ( -0.7071067811865474600, 1.095209583345267200E-016, -0.7071067811865474600 ) ) ;
#3957 = DIRECTION ( 'NONE',  ( 0.0000000000000000000, 0.0000000000000000000, 1.000000000000000000 ) ) ;
#3958 =( GEOMETRIC_REPRESENTATION_CONTEXT ( 3 ) GLOBAL_UNCERTAINTY_ASSIGNED_CONTEXT ( ( #3781 ) ) GLOBAL_UNIT_ASSIGNED_CONTEXT ( ( #2334, #4040, #3640 ) ) REPRESENTATION_CONTEXT ( 'NONE', 'WORKASPACE' ) );
#3959 = CARTESIAN_POINT ( 'NONE',  ( 0.4000000000000000800, -2.710505431213761100E-017, 1.590000000000000300 ) ) ;
#3960 = CARTESIAN_POINT ( 'NONE',  ( -1.100000000000000100, -0.7168676284683990200, 0.03756944044792886300 ) ) ;
#3961 = VERTEX_POINT ( 'NONE', #1271 ) ;
#3962 = CARTESIAN_POINT ( 'NONE',  ( -1.329377688453599900, 0.9399999491133376200, 0.9706223115464001100 ) ) ;
#3963 = COLOUR_RGB ( '',0.7529411764705882200, 0.7529411764705882200, 0.7529411764705882200 ) ;
#3964 = PRESENTATION_LAYER_ASSIGNMENT (  '', '', ( #739 ) ) ;
#3965 = FACE_OUTER_BOUND ( 'NONE', #1594, .T. ) ;
#3966 = VECTOR ( 'NONE', #2852, 1000.000000000000000 ) ;
#3967 = CARTESIAN_POINT ( 'NONE',  ( 1.399999999999999900, -0.6999999999999997300, -0.7762806420871662900 ) ) ;
#3968 = MECHANICAL_DESIGN_GEOMETRIC_PRESENTATION_REPRESENTATION (  '', ( #1523 ), #1498 ) ;
#3969 = ORIENTED_EDGE ( 'NONE', *, *, #3213, .F. ) ;
#3970 = CARTESIAN_POINT ( 'NONE',  ( -1.357300256403707600, 0.7457990038728130600, 0.9426997435985806600 ) ) ;
#3971 = CIRCLE ( 'NONE', #4225, 0.01000000000000002600 ) ;
#3972 = VERTEX_POINT ( 'NONE', #4308 ) ;
#3973 = ADVANCED_FACE ( 'NONE', ( #4203 ), #1405, .T. ) ;
#3974 = EDGE_CURVE ( 'NONE', #878, #981, #1658, .T. ) ;
#3975 = CIRCLE ( 'NONE', #1186, 0.01000000000000002600 ) ;
#3976 = CARTESIAN_POINT ( 'NONE',  ( -1.300828945580725400, -0.6999999999999998400, 0.7762806420871662900 ) ) ;
#3977 = DIRECTION ( 'NONE',  ( 0.0000000000000000000, -5.782411586589381300E-016, -1.000000000000000000 ) ) ;
#3978 = CARTESIAN_POINT ( 'NONE',  ( 1.303261606402508900, -0.6999999999999998400, -0.7762062805697254000 ) ) ;
#3979 = CARTESIAN_POINT ( 'NONE',  ( -1.348718761972516300, 0.7499999999999998900, 0.9512812380274838800 ) ) ;
#3980 = ADVANCED_FACE ( 'NONE', ( #732 ), #3278, .T. ) ;
#3981 = DIRECTION ( 'NONE',  ( 1.000000000000000000, 5.421010862427523000E-015, 7.123382311304899200E-016 ) ) ;
#3982 = ORIENTED_EDGE ( 'NONE', *, *, #2939, .T. ) ;
#3983 = VECTOR ( 'NONE', #3557, 1000.000000000000000 ) ;
#3984 = DIRECTION ( 'NONE',  ( 1.000000000000000000, -0.0000000000000000000, 0.0000000000000000000 ) ) ;
#3985 = SURFACE_STYLE_FILL_AREA ( #1649 ) ;
#3986 = ORIENTED_EDGE ( 'NONE', *, *, #2593, .F. ) ;
#3987 = DIRECTION ( 'NONE',  ( 0.0000000000000000000, -1.000000000000000000, 2.706578643357732800E-014 ) ) ;
#3988 = LINE ( 'NONE', #119, #2096 ) ;
#3989 = DIRECTION ( 'NONE',  ( 8.375636483167948800E-018, 1.548860246407863600E-016, -1.000000000000000000 ) ) ;
#3990 =( NAMED_UNIT ( * ) SI_UNIT ( $, .STERADIAN. ) SOLID_ANGLE_UNIT ( ) );
#3991 = CARTESIAN_POINT ( 'NONE',  ( 5.152219853251229500E-017, -0.9000000000000000200, -0.4207106781186548100 ) ) ;
#3992 = SURFACE_STYLE_USAGE ( .BOTH. , #3004 ) ;
#3993 = MECHANICAL_DESIGN_GEOMETRIC_PRESENTATION_REPRESENTATION (  '', ( #3701 ), #327 ) ;
#3994 = CYLINDRICAL_SURFACE ( 'NONE', #2938, 0.04999999999999991300 ) ;
#3995 = ORIENTED_EDGE ( 'NONE', *, *, #3791, .T. ) ;
#3996 = SURFACE_STYLE_USAGE ( .BOTH. , #2700 ) ;
#3997 = COLOUR_RGB ( '',0.08235294117647058700, 0.08235294117647058700, 0.08235294117647058700 ) ;
#3998 = DIRECTION ( 'NONE',  ( -0.06958737431665829000, -0.9951458157835091400, 0.06958737431666368900 ) ) ;
#3999 = EDGE_CURVE ( 'NONE', #1307, #436, #646, .T. ) ;
#4000 = EDGE_CURVE ( 'NONE', #2501, #3570, #3061, .T. ) ;
#4001 = FILL_AREA_STYLE ('',( #1346 ) ) ;
#4002 = CARTESIAN_POINT ( 'NONE',  ( -1.306757946999685300, 0.9100000000000000300, -1.506757946999684800 ) ) ;
#4003 = CARTESIAN_POINT ( 'NONE',  ( -0.4000000000000000800, -4.409164072843011400E-014, 1.221935645162453900E-027 ) ) ;
#4004 = DIRECTION ( 'NONE',  ( 0.0000000000000000000, 0.0000000000000000000, 1.000000000000000000 ) ) ;
#4005 = ORIENTED_EDGE ( 'NONE', *, *, #1465, .T. ) ;
#4006 = CARTESIAN_POINT ( 'NONE',  ( 0.0000000000000000000, -0.7500000000000000000, -5.421010862427522200E-017 ) ) ;
#4007 = VERTEX_POINT ( 'NONE', #3058 ) ;
#4008 = FILL_AREA_STYLE_COLOUR ( '', #1391 ) ;
#4009 = COLOUR_RGB ( '',0.7529411764705882200, 0.7529411764705882200, 0.7529411764705882200 ) ;
#4010 = SURFACE_SIDE_STYLE ('',( #2874 ) ) ;
#4011 = AXIS2_PLACEMENT_3D ( 'NONE', #2358, #330, #3671 ) ;
#4012 = DIRECTION ( 'NONE',  ( 0.0000000000000000000, 1.000000000000000000, 0.0000000000000000000 ) ) ;
#4013 = FACE_OUTER_BOUND ( 'NONE', #1442, .T. ) ;
#4014 =( GEOMETRIC_REPRESENTATION_CONTEXT ( 3 ) GLOBAL_UNCERTAINTY_ASSIGNED_CONTEXT ( ( #705 ) ) GLOBAL_UNIT_ASSIGNED_CONTEXT ( ( #1372, #2712, #2812 ) ) REPRESENTATION_CONTEXT ( 'NONE', 'WORKASPACE' ) );
#4015 = MECHANICAL_DESIGN_GEOMETRIC_PRESENTATION_REPRESENTATION (  '', ( #3613 ), #1158 ) ;
#4016 = DIRECTION ( 'NONE',  ( -3.851859888774471700E-034, 3.510884260745492000E-017, -1.000000000000000000 ) ) ;
#4017 = ORIENTED_EDGE ( 'NONE', *, *, #2967, .T. ) ;
#4018 = CARTESIAN_POINT ( 'NONE',  ( -1.289276244013807500, -0.8599999999999999900, -0.7149122703230398300 ) ) ;
#4019 = MECHANICAL_DESIGN_GEOMETRIC_PRESENTATION_REPRESENTATION (  '', ( #4257 ), #2746 ) ;
#4020 = SURFACE_STYLE_USAGE ( .BOTH. , #667 ) ;
#4021 = ADVANCED_FACE ( 'NONE', ( #2108 ), #3878, .T. ) ;
#4022 = PRESENTATION_STYLE_ASSIGNMENT (( #328 ) ) ;
#4023 = FILL_AREA_STYLE ('',( #668 ) ) ;
#4024 = ORIENTED_EDGE ( 'NONE', *, *, #93, .T. ) ;
#4025 = ORIENTED_EDGE ( 'NONE', *, *, #3609, .F. ) ;
#4026 = AXIS2_PLACEMENT_3D ( 'NONE', #1692, #2959, #1632 ) ;
#4027 = DIRECTION ( 'NONE',  ( 1.000000000000000000, 0.0000000000000000000, 0.0000000000000000000 ) ) ;
#4028 = EDGE_CURVE ( 'NONE', #2501, #436, #2756, .T. ) ;
#4029 = VERTEX_POINT ( 'NONE', #29 ) ;
#4030 =( NAMED_UNIT ( * ) SI_UNIT ( $, .STERADIAN. ) SOLID_ANGLE_UNIT ( ) );
#4031 = AXIS2_PLACEMENT_3D ( 'NONE', #3805, #1794, #1479 ) ;
#4032 = ORIENTED_EDGE ( 'NONE', *, *, #131, .F. ) ;
#4033 = ORIENTED_EDGE ( 'NONE', *, *, #4301, .T. ) ;
#4034 = VECTOR ( 'NONE', #3547, 1000.000000000000000 ) ;
#4035 = VERTEX_POINT ( 'NONE', #2387 ) ;
#4036 =( BOUNDED_CURVE ( )  B_SPLINE_CURVE ( 3, ( #2537, #530, #4274, #3578 ),
 .UNSPECIFIED., .F., .T. ) 
 B_SPLINE_CURVE_WITH_KNOTS ( ( 4, 4 ),
 ( 3.211405823669567700, 4.712388980384691500 ),
 .UNSPECIFIED. ) 
 CURVE ( )  GEOMETRIC_REPRESENTATION_ITEM ( )  RATIONAL_B_SPLINE_CURVE ( ( 1.000000000000000000, 0.8209024677461136400, 0.8209024677461136400, 1.000000000000000000 ) ) 
 REPRESENTATION_ITEM ( '' )  );
#4037 = ORIENTED_EDGE ( 'NONE', *, *, #2513, .F. ) ;
#4038 = DIRECTION ( 'NONE',  ( 0.0000000000000000000, 0.0000000000000000000, -1.000000000000000000 ) ) ;
#4039 =( NAMED_UNIT ( * ) PLANE_ANGLE_UNIT ( ) SI_UNIT ( $, .RADIAN. ) );
#4040 =( NAMED_UNIT ( * ) PLANE_ANGLE_UNIT ( ) SI_UNIT ( $, .RADIAN. ) );
#4041 = VERTEX_POINT ( 'NONE', #714 ) ;
#4042 =( NAMED_UNIT ( * ) PLANE_ANGLE_UNIT ( ) SI_UNIT ( $, .RADIAN. ) );
#4043 = COLOUR_RGB ( '',0.08235294117647058700, 0.08235294117647058700, 0.08235294117647058700 ) ;
#4044 = CARTESIAN_POINT ( 'NONE',  ( -1.346368474937333900, 0.7499999999999996700, 1.546368474937335900 ) ) ;
#4045 = CIRCLE ( 'NONE', #2653, 0.03999999999999997300 ) ;
#4046 = CARTESIAN_POINT ( 'NONE',  ( -1.346998927096196400, 0.7409841140852853100, 1.546998927096198400 ) ) ;
#4047 = EDGE_LOOP ( 'NONE', ( #769, #1474, #1217, #3647 ) ) ;
#4048 = CARTESIAN_POINT ( 'NONE',  ( -1.100000000000000100, -0.1106085859236701400, 1.581776472421251300 ) ) ;
#4049 = ADVANCED_FACE ( 'NONE', ( #2150 ), #2249, .T. ) ;
#4050 = CIRCLE ( 'NONE', #4289, 0.01000000000000001400 ) ;
#4051 = FACE_OUTER_BOUND ( 'NONE', #172, .T. ) ;
#4052 = ORIENTED_EDGE ( 'NONE', *, *, #3321, .F. ) ;
#4053 =( GEOMETRIC_REPRESENTATION_CONTEXT ( 3 ) GLOBAL_UNCERTAINTY_ASSIGNED_CONTEXT ( ( #3255 ) ) GLOBAL_UNIT_ASSIGNED_CONTEXT ( ( #240, #2961, #3596 ) ) REPRESENTATION_CONTEXT ( 'NONE', 'WORKASPACE' ) );
#4054 = STYLED_ITEM ( 'NONE', ( #2499 ), #268 ) ;
#4055 = VECTOR ( 'NONE', #3891, 1000.000000000000000 ) ;
#4056 = ORIENTED_EDGE ( 'NONE', *, *, #2177, .T. ) ;
#4057 = DIRECTION ( 'NONE',  ( 1.000000000000000000, 0.0000000000000000000, 0.0000000000000000000 ) ) ;
#4058 = STYLED_ITEM ( 'NONE', ( #450 ), #1603 ) ;
#4059 = CARTESIAN_POINT ( 'NONE',  ( 0.4000000000000000800, -0.7499999999999998900, -1.549999999999999400 ) ) ;
#4060 = FACE_OUTER_BOUND ( 'NONE', #1184, .T. ) ;
#4061 = MECHANICAL_DESIGN_GEOMETRIC_PRESENTATION_REPRESENTATION (  '', ( #3140 ), #2558 ) ;
#4062 = CARTESIAN_POINT ( 'NONE',  ( 0.0000000000000000000, -0.9000000000000000200, -0.4000000000000000800 ) ) ;
#4063 = EDGE_CURVE ( 'NONE', #782, #3063, #3945, .T. ) ;
#4064 = CARTESIAN_POINT ( 'NONE',  ( -1.306757946999685100, 0.9499999999999998400, 0.9790999173765841900 ) ) ;
#4065 = EDGE_CURVE ( 'NONE', #2433, #1049, #154, .T. ) ;
#4066 = VERTEX_POINT ( 'NONE', #1069 ) ;
#4067 = SURFACE_STYLE_USAGE ( .BOTH. , #2064 ) ;
#4068 = UNCERTAINTY_MEASURE_WITH_UNIT (LENGTH_MEASURE( 1.000000000000000100E-005 ), #792, 'distance_accuracy_value', 'NONE');
#4069 = DIRECTION ( 'NONE',  ( -1.000000000000000000, 0.0000000000000000000, 5.054320094942359300E-018 ) ) ;
#4070 = CARTESIAN_POINT ( 'NONE',  ( 0.4000000000000000800, -0.04861185450468942500, 0.9275694404479295500 ) ) ;
#4071 = CARTESIAN_POINT ( 'NONE',  ( 1.100000000000000100, -0.01000000000000002600, 1.590000000000000300 ) ) ;
#4072 = ORIENTED_EDGE ( 'NONE', *, *, #847, .F. ) ;
#4073 = DIRECTION ( 'NONE',  ( 1.000000000000000000, 0.0000000000000000000, 0.0000000000000000000 ) ) ;
#4074 = LINE ( 'NONE', #1047, #1569 ) ;
#4075 = ADVANCED_FACE ( 'NONE', ( #534 ), #2402, .T. ) ;
#4076 = FILL_AREA_STYLE ('',( #370 ) ) ;
#4077 = EDGE_LOOP ( 'NONE', ( #226, #353, #2851, #3193 ) ) ;
#4078 = CARTESIAN_POINT ( 'NONE',  ( 0.4000000000000000800, 4.300749537507581400E-014, -1.164031684864866500E-027 ) ) ;
#4079 = SURFACE_STYLE_FILL_AREA ( #3779 ) ;
#4080 = COLOUR_RGB ( '',0.7529411764705882200, 0.7529411764705882200, 0.7529411764705882200 ) ;
#4081 = CARTESIAN_POINT ( 'NONE',  ( -1.303261606402509100, -0.6999999999999998400, -0.7762062805697254000 ) ) ;
#4082 = DIRECTION ( 'NONE',  ( -1.000000000000000000, 0.0000000000000000000, -0.0000000000000000000 ) ) ;
#4083 = ORIENTED_EDGE ( 'NONE', *, *, #847, .T. ) ;
#4084 = PRESENTATION_STYLE_ASSIGNMENT (( #1073 ) ) ;
#4085 = EDGE_CURVE ( 'NONE', #1587, #1913, #318, .T. ) ;
#4086 = ORIENTED_EDGE ( 'NONE', *, *, #3527, .F. ) ;
#4087 = FILL_AREA_STYLE ('',( #2227 ) ) ;
#4088 =( GEOMETRIC_REPRESENTATION_CONTEXT ( 3 ) GLOBAL_UNCERTAINTY_ASSIGNED_CONTEXT ( ( #1885 ) ) GLOBAL_UNIT_ASSIGNED_CONTEXT ( ( #1387, #664, #3011 ) ) REPRESENTATION_CONTEXT ( 'NONE', 'WORKASPACE' ) );
#4089 = DIRECTION ( 'NONE',  ( -5.434248418450500300E-015, 0.0000000000000000000, -1.000000000000000000 ) ) ;
#4090 = EDGE_LOOP ( 'NONE', ( #324, #4340, #1604, #1678 ) ) ;
#4091 = DIRECTION ( 'NONE',  ( 0.0000000000000000000, 0.0000000000000000000, -1.000000000000000000 ) ) ;
#4092 = ORIENTED_EDGE ( 'NONE', *, *, #401, .T. ) ;
#4093 = VECTOR ( 'NONE', #3859, 1000.000000000000100 ) ;
#4094 = ORIENTED_EDGE ( 'NONE', *, *, #3094, .F. ) ;
#4095 = AXIS2_PLACEMENT_3D ( 'NONE', #3020, #3984, #1659 ) ;
#4096 = EDGE_CURVE ( 'NONE', #286, #635, #4345, .T. ) ;
#4097 = ORIENTED_EDGE ( 'NONE', *, *, #4181, .T. ) ;
#4098 = EDGE_CURVE ( 'NONE', #3756, #1285, #751, .T. ) ;
#4099 = DIRECTION ( 'NONE',  ( 0.0000000000000000000, 1.000000000000000000, 0.0000000000000000000 ) ) ;
#4100 = DIRECTION ( 'NONE',  ( 0.0000000000000000000, -0.9914768167786819400, 0.1302832367974172700 ) ) ;
#4101 =( NAMED_UNIT ( * ) PLANE_ANGLE_UNIT ( ) SI_UNIT ( $, .RADIAN. ) );
#4102 = CARTESIAN_POINT ( 'NONE',  ( 1.100000000000000100, -2.710505431213761100E-017, 1.590000000000000300 ) ) ;
#4103 = FILL_AREA_STYLE_COLOUR ( '', #2859 ) ;
#4104 = VECTOR ( 'NONE', #849, 1000.000000000000000 ) ;
#4105 = DIRECTION ( 'NONE',  ( 0.0000000000000000000, 0.05233595624294430600, 0.9986295347545738300 ) ) ;
#4106 = ORIENTED_EDGE ( 'NONE', *, *, #2016, .F. ) ;
#4107 = CIRCLE ( 'NONE', #573, 0.04999999999999991300 ) ;
#4108 = ORIENTED_EDGE ( 'NONE', *, *, #2300, .F. ) ;
#4109 = COLOUR_RGB ( '',0.08235294117647058700, 0.08235294117647058700, 0.08235294117647058700 ) ;
#4110 = EDGE_CURVE ( 'NONE', #3752, #3238, #1541, .T. ) ;
#4111 = CARTESIAN_POINT ( 'NONE',  ( -1.289276244013807500, -0.9000000000000000200, 0.7149122703230401700 ) ) ;
#4112 = FILL_AREA_STYLE ('',( #2489 ) ) ;
#4113 = EDGE_LOOP ( 'NONE', ( #4260, #3727, #178, #3451 ) ) ;
#4114 = SURFACE_STYLE_FILL_AREA ( #1218 ) ;
#4115 = CARTESIAN_POINT ( 'NONE',  ( -0.4000000000000000800, -0.01000000000000001900, -1.590000000000000300 ) ) ;
#4116 = AXIS2_PLACEMENT_3D ( 'NONE', #2330, #3977, #2613 ) ;
#4117 = CARTESIAN_POINT ( 'NONE',  ( 1.306757946999685100, 0.9099999999999999200, -1.506757946999684800 ) ) ;
#4118 = CARTESIAN_POINT ( 'NONE',  ( -0.4000000000000000800, -0.01000000000000009600, -1.600000000000000300 ) ) ;
#4119 = EDGE_CURVE ( 'NONE', #2491, #159, #2642, .T. ) ;
#4120 = EDGE_LOOP ( 'NONE', ( #2101, #3766, #3409, #2885 ) ) ;
#4121 = DIRECTION ( 'NONE',  ( 1.000000000000000000, 0.0000000000000000000, -5.054320094942359300E-018 ) ) ;
#4122 = DIRECTION ( 'NONE',  ( 0.0000000000000000000, -0.05233595624294416100, -0.9986295347545739400 ) ) ;
#4123 = FILL_AREA_STYLE_COLOUR ( '', #3997 ) ;
#4124 = ORIENTED_EDGE ( 'NONE', *, *, #2751, .T. ) ;
#4125 = UNCERTAINTY_MEASURE_WITH_UNIT (LENGTH_MEASURE( 1.000000000000000100E-005 ), #377, 'distance_accuracy_value', 'NONE');
#4126 = CIRCLE ( 'NONE', #2065, 0.01000000000000002600 ) ;
#4127 = DIRECTION ( 'NONE',  ( 0.0000000000000000000, 0.0000000000000000000, -1.000000000000000000 ) ) ;
#4128 = DIRECTION ( 'NONE',  ( 0.0000000000000000000, -0.9986295347545739400, -0.05233595624294415400 ) ) ;
#4129 = ORIENTED_EDGE ( 'NONE', *, *, #3189, .F. ) ;
#4130 = DIRECTION ( 'NONE',  ( 0.0000000000000000000, 0.06975647374412530200, -0.9975640502598242000 ) ) ;
#4131 = FACE_OUTER_BOUND ( 'NONE', #1313, .T. ) ;
#4132 = PRODUCT ( 'ASMB-MTB0-0B3A2', 'ASMB-MTB0-0B3A2', '', ( #2614 ) ) ;
#4133 = DIRECTION ( 'NONE',  ( 5.054320094942372400E-018, 0.0000000000000000000, 1.000000000000000000 ) ) ;
#4134 = EDGE_LOOP ( 'NONE', ( #3228, #3322, #2986, #3420 ) ) ;
#4135 = CARTESIAN_POINT ( 'NONE',  ( -0.4000000000000000800, -0.04861185450468941800, -0.9275694404479294400 ) ) ;
#4136 = CARTESIAN_POINT ( 'NONE',  ( -0.4000000000000000800, -0.01000000000000010300, 1.600000000000000300 ) ) ;
#4137 = AXIS2_PLACEMENT_3D ( 'NONE', #1340, #2681, #1009 ) ;
#4138 = VERTEX_POINT ( 'NONE', #1838 ) ;
#4139 = VERTEX_POINT ( 'NONE', #4194 ) ;
#4140 = MECHANICAL_DESIGN_GEOMETRIC_PRESENTATION_REPRESENTATION (  '', ( #957 ), #1693 ) ;
#4141 = CARTESIAN_POINT ( 'NONE',  ( 1.399999999999999900, 0.1499999999999604100, 1.560097437989610200 ) ) ;
#4142 = DIRECTION ( 'NONE',  ( 3.851859888774471700E-034, 3.510884260745492600E-017, -1.000000000000000000 ) ) ;
#4143 = DIRECTION ( 'NONE',  ( 1.000000000000000000, 1.743152798421049500E-032, -1.218931179239928000E-033 ) ) ;
#4144 = MECHANICAL_DESIGN_GEOMETRIC_PRESENTATION_REPRESENTATION (  '', ( #1278 ), #761 ) ;
#4145 = DIRECTION ( 'NONE',  ( 1.000000000000000000, -0.0000000000000000000, 0.0000000000000000000 ) ) ;
#4146 = CARTESIAN_POINT ( 'NONE',  ( 1.289276244013807500, -0.8599999999999999900, -0.7149122703230398300 ) ) ;
#4147 = DIRECTION ( 'NONE',  ( 0.0000000000000000000, 1.084202172485505200E-015, -1.000000000000000000 ) ) ;
#4148 = EDGE_CURVE ( 'NONE', #981, #869, #79, .T. ) ;
#4149 =( BOUNDED_CURVE ( )  B_SPLINE_CURVE ( 3, ( #1785, #2752, #3692, #4081 ),
 .UNSPECIFIED., .F., .F. ) 
 B_SPLINE_CURVE_WITH_KNOTS ( ( 4, 4 ),
 ( 5.798676399230029900, 5.859401345015143600 ),
 .UNSPECIFIED. ) 
 CURVE ( )  GEOMETRIC_REPRESENTATION_ITEM ( )  RATIONAL_B_SPLINE_CURVE ( ( 1.000000000000000000, 0.9996927303531766300, 0.9996927303531766300, 1.000000000000000000 ) ) 
 REPRESENTATION_ITEM ( '' )  );
#4150 = EDGE_CURVE ( 'NONE', #4178, #1347, #1869, .T. ) ;
#4151 = ORIENTED_EDGE ( 'NONE', *, *, #3168, .T. ) ;
#4152 = CYLINDRICAL_SURFACE ( 'NONE', #648, 0.04000000000000010500 ) ;
#4153 = ORIENTED_EDGE ( 'NONE', *, *, #1991, .T. ) ;
#4154 = FILL_AREA_STYLE ('',( #4123 ) ) ;
#4155 = LINE ( 'NONE', #91, #1494 ) ;
#4156 = LINE ( 'NONE', #2996, #467 ) ;
#4157 = VERTEX_POINT ( 'NONE', #4182 ) ;
#4158 = DIRECTION ( 'NONE',  ( 0.0000000000000000000, -1.000000000000000000, 0.0000000000000000000 ) ) ;
#4159 = LINE ( 'NONE', #1622, #3771 ) ;
#4160 = CARTESIAN_POINT ( 'NONE',  ( -1.100000000000000100, -0.7499999999999998900, -1.549999999999999400 ) ) ;
#4161 = DIRECTION ( 'NONE',  ( -2.168404344971003200E-014, 0.0000000000000000000, -1.000000000000000000 ) ) ;
#4162 = CARTESIAN_POINT ( 'NONE',  ( -0.4000000000000000800, -1.219729649861163100E-015, 1.750000000000000200 ) ) ;
#4163 = VERTEX_POINT ( 'NONE', #2191 ) ;
#4164 = CIRCLE ( 'NONE', #3297, 0.01000000000000002600 ) ;
#4165 = CARTESIAN_POINT ( 'NONE',  ( 1.362930255656723500, 0.1094888199764095500, 1.602832817667119600 ) ) ;
#4166 =( NAMED_UNIT ( * ) SI_UNIT ( $, .STERADIAN. ) SOLID_ANGLE_UNIT ( ) );
#4167 = ORIENTED_EDGE ( 'NONE', *, *, #3540, .F. ) ;
#4168 = EDGE_CURVE ( 'NONE', #2719, #2501, #634, .T. ) ;
#4169 = PRESENTATION_STYLE_ASSIGNMENT (( #2455 ) ) ;
#4170 = CARTESIAN_POINT ( 'NONE',  ( -0.4000000000000000800, -0.01000000000000002600, 1.590000000000000300 ) ) ;
#4171 = DIRECTION ( 'NONE',  ( -1.000000000000000000, 0.0000000000000000000, -0.0000000000000000000 ) ) ;
#4172 = PRODUCT_DEFINITION ( 'UNKNOWN', '', #1941, #3482 ) ;
#4173 = AXIS2_PLACEMENT_3D ( 'NONE', #2644, #3989, #4389 ) ;
#4174 = FILL_AREA_STYLE ('',( #1470 ) ) ;
#4175 =( GEOMETRIC_REPRESENTATION_CONTEXT ( 3 ) GLOBAL_UNCERTAINTY_ASSIGNED_CONTEXT ( ( #2261 ) ) GLOBAL_UNIT_ASSIGNED_CONTEXT ( ( #665, #4039, #329 ) ) REPRESENTATION_CONTEXT ( 'NONE', 'WORKASPACE' ) );
#4176 = CARTESIAN_POINT ( 'NONE',  ( 1.289276244013807500, -0.8652113294718965000, -0.7545713429941870400 ) ) ;
#4177 = DIRECTION ( 'NONE',  ( 0.0000000000000000000, -1.000000000000000000, -3.510884260745495100E-017 ) ) ;
#4178 = VERTEX_POINT ( 'NONE', #1539 ) ;
#4179 = STYLED_ITEM ( 'NONE', ( #4318 ), #3952 ) ;
#4180 = EDGE_CURVE ( 'NONE', #1125, #3146, #1055, .T. ) ;
#4181 = EDGE_CURVE ( 'NONE', #302, #2705, #2743, .T. ) ;
#4182 = CARTESIAN_POINT ( 'NONE',  ( -0.4000000000000000800, -2.048717462672063800E-017, -1.589510978208473300 ) ) ;
#4183 = FACE_OUTER_BOUND ( 'NONE', #1564, .T. ) ;
#4184 = CARTESIAN_POINT ( 'NONE',  ( -1.313829014811550600, 0.9399999999999998400, 0.9861709851884497000 ) ) ;
#4185 = CARTESIAN_POINT ( 'NONE',  ( 0.4000000000000000800, -9.376883653928696500E-016, 1.600000000000000300 ) ) ;
#4186 = VECTOR ( 'NONE', #73, 1000.000000000000000 ) ;
#4187 = DIRECTION ( 'NONE',  ( -1.000000000000000000, -0.0000000000000000000, -0.0000000000000000000 ) ) ;
#4188 = EDGE_LOOP ( 'NONE', ( #1133, #1852, #289, #2038, #2234 ) ) ;
#4189 = CIRCLE ( 'NONE', #3068, 0.01000000000000002600 ) ;
#4190 = CARTESIAN_POINT ( 'NONE',  ( -0.4000000000000000800, -0.7999314767377274600, -1.547383202187851700 ) ) ;
#4191 = ORIENTED_EDGE ( 'NONE', *, *, #1023, .T. ) ;
#4192 = DIRECTION ( 'NONE',  ( 0.0000000000000000000, 0.0000000000000000000, -1.000000000000000000 ) ) ;
#4193 = ORIENTED_EDGE ( 'NONE', *, *, #2655, .F. ) ;
#4194 = CARTESIAN_POINT ( 'NONE',  ( 1.469576158976823600E-016, 0.9299999999999998300, -1.200000000000000000 ) ) ;
#4195 = CIRCLE ( 'NONE', #786, 1.200000000000000000 ) ;
#4196 = ORIENTED_EDGE ( 'NONE', *, *, #1342, .F. ) ;
#4197 = CARTESIAN_POINT ( 'NONE',  ( -1.306757946999685100, 0.9127902589497648400, -1.546660509010077800 ) ) ;
#4198 = CARTESIAN_POINT ( 'NONE',  ( 0.0000000000000000000, -0.7500000000000000000, -5.421010862427522200E-017 ) ) ;
#4199 = ORIENTED_EDGE ( 'NONE', *, *, #722, .T. ) ;
#4200 = DIRECTION ( 'NONE',  ( 0.0000000000000000000, -1.000000000000000000, -5.782411586589377400E-016 ) ) ;
#4201 = AXIS2_PLACEMENT_3D ( 'NONE', #2572, #3218, #4328 ) ;
#4202 = DIRECTION ( 'NONE',  ( 1.000000000000000000, -0.0000000000000000000, 0.0000000000000000000 ) ) ;
#4203 = FACE_OUTER_BOUND ( 'NONE', #3185, .T. ) ;
#4204 = PRESENTATION_LAYER_ASSIGNMENT (  '', '', ( #2412 ) ) ;
#4205 = DIRECTION ( 'NONE',  ( 1.000000000000000000, -0.0000000000000000000, 0.0000000000000000000 ) ) ;
#4206 = STYLED_ITEM ( 'NONE', ( #4208 ), #3605 ) ;
#4207 =( BOUNDED_CURVE ( )  B_SPLINE_CURVE ( 3, ( #1650, #4272, #3247, #2583 ),
 .UNSPECIFIED., .F., .T. ) 
 B_SPLINE_CURVE_WITH_KNOTS ( ( 4, 4 ),
 ( 3.924557823971285100, 4.712388980384687900 ),
 .UNSPECIFIED. ) 
 CURVE ( )  GEOMETRIC_REPRESENTATION_ITEM ( )  RATIONAL_B_SPLINE_CURVE ( ( 1.000000000000000000, 0.9489422106394283000, 0.9489422106394283000, 1.000000000000000000 ) ) 
 REPRESENTATION_ITEM ( '' )  );
#4208 = PRESENTATION_STYLE_ASSIGNMENT (( #4400 ) ) ;
#4209 = VECTOR ( 'NONE', #661, 1000.000000000000000 ) ;
#4210 = ORIENTED_EDGE ( 'NONE', *, *, #2313, .F. ) ;
#4211 = DIRECTION ( 'NONE',  ( -1.000000000000000000, 0.0000000000000000000, 0.0000000000000000000 ) ) ;
#4212 = EDGE_CURVE ( 'NONE', #3537, #1063, #1980, .T. ) ;
#4213 = SURFACE_STYLE_USAGE ( .BOTH. , #134 ) ;
#4214 = ORIENTED_EDGE ( 'NONE', *, *, #3677, .F. ) ;
#4215 = DIRECTION ( 'NONE',  ( 0.0000000000000000000, -1.548860246407863600E-016, 1.000000000000000000 ) ) ;
#4216 = CARTESIAN_POINT ( 'NONE',  ( 0.4000000000000000800, -2.048717462672063800E-017, -1.589510978208473300 ) ) ;
#4217 = VERTEX_POINT ( 'NONE', #2161 ) ;
#4218 = DIRECTION ( 'NONE',  ( 0.0000000000000000000, 0.0000000000000000000, 1.000000000000000000 ) ) ;
#4219 = COLOUR_RGB ( '',0.7529411764705882200, 0.7529411764705882200, 0.7529411764705882200 ) ;
#4220 = SURFACE_STYLE_FILL_AREA ( #4408 ) ;
#4221 = CARTESIAN_POINT ( 'NONE',  ( -1.326687370073590600, 0.7499999999999997800, 1.548718689435370600 ) ) ;
#4222 = PRESENTATION_LAYER_ASSIGNMENT (  '', '', ( #58 ) ) ;
#4223 = CARTESIAN_POINT ( 'NONE',  ( -0.4000000000000000800, -0.9497259069509144100, 1.539532808751409300 ) ) ;
#4224 = EDGE_LOOP ( 'NONE', ( #3318, #3502, #4240, #372, #1886, #3208 ) ) ;
#4225 = AXIS2_PLACEMENT_3D ( 'NONE', #196, #1927, #2574 ) ;
#4226 = EDGE_LOOP ( 'NONE', ( #3180, #4378, #4124, #466 ) ) ;
#4227 = DIRECTION ( 'NONE',  ( 0.0000000000000000000, -7.228014483236695800E-017, 1.000000000000000000 ) ) ;
#4228 = PRESENTATION_LAYER_ASSIGNMENT (  '', '', ( #3140 ) ) ;
#4229 = UNCERTAINTY_MEASURE_WITH_UNIT (LENGTH_MEASURE( 1.000000000000000100E-005 ), #259, 'distance_accuracy_value', 'NONE');
#4230 = CYLINDRICAL_SURFACE ( 'NONE', #1239, 0.1999999999999998700 ) ;
#4231 = CARTESIAN_POINT ( 'NONE',  ( 0.4000000000000000800, -9.376883653928702400E-016, -1.600000000000000300 ) ) ;
#4232 = DIRECTION ( 'NONE',  ( 0.0000000000000000000, 0.0000000000000000000, -1.000000000000000000 ) ) ;
#4233 = EDGE_CURVE ( 'NONE', #3312, #1125, #3721, .T. ) ;
#4234 = LINE ( 'NONE', #2877, #4293 ) ;
#4235 = EDGE_CURVE ( 'NONE', #3238, #459, #1765, .T. ) ;
#4236 = DIRECTION ( 'NONE',  ( 0.9975640502598239800, 0.06975647374412932700, 0.0000000000000000000 ) ) ;
#4237 = ORIENTED_EDGE ( 'NONE', *, *, #4110, .F. ) ;
#4238 = LINE ( 'NONE', #128, #2119 ) ;
#4239 = CARTESIAN_POINT ( 'NONE',  ( 5.152219853251229500E-017, -0.8499999999999999800, -0.4207106781186548100 ) ) ;
#4240 = ORIENTED_EDGE ( 'NONE', *, *, #3363, .T. ) ;
#4241 = FILL_AREA_STYLE ('',( #1883 ) ) ;
#4242 = ORIENTED_EDGE ( 'NONE', *, *, #4063, .T. ) ;
#4243 = DIRECTION ( 'NONE',  ( -0.06916478287887439800, -0.9891024766687787100, -0.1299712408843068900 ) ) ;
#4244 = ORIENTED_EDGE ( 'NONE', *, *, #130, .T. ) ;
#4245 = ORIENTED_EDGE ( 'NONE', *, *, #303, .T. ) ;
#4246 = FILL_AREA_STYLE ('',( #2256 ) ) ;
#4247 = LINE ( 'NONE', #950, #562 ) ;
#4248 = ORIENTED_EDGE ( 'NONE', *, *, #1084, .T. ) ;
#4249 = ORIENTED_EDGE ( 'NONE', *, *, #1920, .F. ) ;
#4250 = AXIS2_PLACEMENT_3D ( 'NONE', #2052, #4359, #3012 ) ;
#4251 = CARTESIAN_POINT ( 'NONE',  ( -0.4000000000000000800, -0.9152739131862743800, 0.8821496065635587900 ) ) ;
#4252 = VERTEX_POINT ( 'NONE', #1628 ) ;
#4253 = AXIS2_PLACEMENT_3D ( 'NONE', #1600, #3906, #1938 ) ;
#4254 = AXIS2_PLACEMENT_3D ( 'NONE', #790, #2173, #2188 ) ;
#4255 = LINE ( 'NONE', #1219, #2561 ) ;
#4256 = DIRECTION ( 'NONE',  ( 0.0000000000000000000, -0.1302832367974170700, 0.9914768167786819400 ) ) ;
#4257 = STYLED_ITEM ( 'NONE', ( #3887 ), #2306 ) ;
#4258 = CARTESIAN_POINT ( 'NONE',  ( -1.100000000000000100, -4.409164072843011400E-014, 1.221935645162453900E-027 ) ) ;
#4259 = FACE_OUTER_BOUND ( 'NONE', #1517, .T. ) ;
#4260 = ORIENTED_EDGE ( 'NONE', *, *, #1220, .T. ) ;
#4261 = FILL_AREA_STYLE ('',( #1227 ) ) ;
#4262 = AXIS2_PLACEMENT_3D ( 'NONE', #3283, #1301, #2332 ) ;
#4263 = EDGE_CURVE ( 'NONE', #1798, #981, #2998, .T. ) ;
#4264 = LINE ( 'NONE', #3456, #2944 ) ;
#4265 = UNCERTAINTY_MEASURE_WITH_UNIT (LENGTH_MEASURE( 1.000000000000000100E-005 ), #1816, 'distance_accuracy_value', 'NONE');
#4266 = CARTESIAN_POINT ( 'NONE',  ( 1.392376995610306700, 0.04098595834959486300, 0.8336713667917274900 ) ) ;
#4267 = EDGE_CURVE ( 'NONE', #424, #2878, #2897, .T. ) ;
#4268 = CARTESIAN_POINT ( 'NONE',  ( 1.303261606402508900, -0.6999999999999998400, 1.503261606402509500 ) ) ;
#4269 = PRESENTATION_LAYER_ASSIGNMENT (  '', '', ( #656 ) ) ;
#4270 = ORIENTED_EDGE ( 'NONE', *, *, #2965, .T. ) ;
#4271 = FILL_AREA_STYLE ('',( #3902 ) ) ;
#4272 = CARTESIAN_POINT ( 'NONE',  ( -0.7426997435985798200, 0.7457990038728129500, 1.557300256403708400 ) ) ;
#4273 = VERTEX_POINT ( 'NONE', #1264 ) ;
#4274 = CARTESIAN_POINT ( 'NONE',  ( -1.341618753780707200, -0.6848907178330212500, 0.7606327937891765900 ) ) ;
#4275 = CONICAL_SURFACE ( 'NONE', #2717, 0.4000000000000000200, 0.7853981633974500600 ) ;
#4276 = CARTESIAN_POINT ( 'NONE',  ( 0.4000000000000000800, -0.8666620586815847500, -0.04541983388437101400 ) ) ;
#4277 = ADVANCED_FACE ( 'NONE', ( #4259 ), #574, .F. ) ;
#4278 = ORIENTED_EDGE ( 'NONE', *, *, #2094, .T. ) ;
#4279 = SURFACE_STYLE_USAGE ( .BOTH. , #3549 ) ;
#4280 = CIRCLE ( 'NONE', #182, 0.01000000000000002600 ) ;
#4281 = DIRECTION ( 'NONE',  ( 0.0000000000000000000, 1.000000000000000000, 3.510884260745492000E-017 ) ) ;
#4282 = ADVANCED_FACE ( 'NONE', ( #3604 ), #2566, .T. ) ;
#4283 = CARTESIAN_POINT ( 'NONE',  ( -1.342596875345199600, 0.9286680383747661900, 0.9574031246548010400 ) ) ;
#4284 = VECTOR ( 'NONE', #3804, 1000.000000000000000 ) ;
#4285 = DIRECTION ( 'NONE',  ( -5.054320094942357000E-018, 0.0000000000000000000, 1.000000000000000000 ) ) ;
#4286 =( LENGTH_UNIT ( ) NAMED_UNIT ( * ) SI_UNIT ( .MILLI., .METRE. ) );
#4287 = CARTESIAN_POINT ( 'NONE',  ( -1.100000000000000100, -0.9152739131862743800, 0.8821496065635587900 ) ) ;
#4288 = VERTEX_POINT ( 'NONE', #979 ) ;
#4289 = AXIS2_PLACEMENT_3D ( 'NONE', #3774, #808, #1807 ) ;
#4290 = DIRECTION ( 'NONE',  ( 0.06958737431666134300, -0.9951458157835086900, -0.06958737431666477100 ) ) ;
#4291 =( LENGTH_UNIT ( ) NAMED_UNIT ( * ) SI_UNIT ( .MILLI., .METRE. ) );
#4292 =( BOUNDED_CURVE ( )  B_SPLINE_CURVE ( 3, ( #2817, #3133, #1276, #3569 ),
 .UNSPECIFIED., .F., .T. ) 
 B_SPLINE_CURVE_WITH_KNOTS ( ( 4, 4 ),
 ( -1.776356839400250500E-015, 0.7829651709815160800 ),
 .UNSPECIFIED. ) 
 CURVE ( )  GEOMETRIC_REPRESENTATION_ITEM ( )  RATIONAL_B_SPLINE_CURVE ( ( 1.000000000000000000, 0.9495629211555294300, 0.9495629211555294300, 1.000000000000000000 ) ) 
 REPRESENTATION_ITEM ( '' )  );
#4293 = VECTOR ( 'NONE', #3542, 1000.000000000000000 ) ;
#4294 = DIRECTION ( 'NONE',  ( 0.0000000000000000000, -0.06975647374412530200, -0.9975640502598242000 ) ) ;
#4295 = AXIS2_PLACEMENT_3D ( 'NONE', #2420, #1714, #2404 ) ;
#4296 = ORIENTED_EDGE ( 'NONE', *, *, #3679, .F. ) ;
#4297 = CARTESIAN_POINT ( 'NONE',  ( -1.329178806024200700, -0.8627902589497648000, -0.7149122703230398300 ) ) ;
#4298 = AXIS2_PLACEMENT_3D ( 'NONE', #2683, #671, #3674 ) ;
#4299 = ADVANCED_FACE ( 'NONE', ( #1205 ), #3395, .F. ) ;
#4300 = EDGE_CURVE ( 'NONE', #1623, #3756, #299, .T. ) ;
#4301 = EDGE_CURVE ( 'NONE', #844, #2548, #190, .T. ) ;
#4302 = CYLINDRICAL_SURFACE ( 'NONE', #2791, 0.03999999999999997300 ) ;
#4303 = CARTESIAN_POINT ( 'NONE',  ( -0.6999999999999999600, 0.7499999999999997800, 1.600000000000000300 ) ) ;
#4304 = VECTOR ( 'NONE', #2241, 1000.000000000000000 ) ;
#4305 = EDGE_LOOP ( 'NONE', ( #3280, #3742, #2856 ) ) ;
#4306 = CARTESIAN_POINT ( 'NONE',  ( -0.4000000000000000800, -0.7999314767377279100, 1.547383202187851700 ) ) ;
#4307 = CARTESIAN_POINT ( 'NONE',  ( -1.100000000000000100, -0.7499999999999990000, -1.599999999999999900 ) ) ;
#4308 = CARTESIAN_POINT ( 'NONE',  ( -0.3999999999999999700, -4.065758146820641600E-017, 1.589510978208473300 ) ) ;
#4309 = CIRCLE ( 'NONE', #1633, 0.03999999999999999400 ) ;
#4310 = PLANE ( 'NONE',  #3201 ) ;
#4311 = ORIENTED_EDGE ( 'NONE', *, *, #216, .F. ) ;
#4312 = ORIENTED_EDGE ( 'NONE', *, *, #828, .T. ) ;
#4313 = DIRECTION ( 'NONE',  ( -0.06916478287887444000, 0.9891024766687781500, -0.1299712408843093600 ) ) ;
#4314 = LINE ( 'NONE', #3149, #1250 ) ;
#4315 = ORIENTED_EDGE ( 'NONE', *, *, #1703, .T. ) ;
#4316 = DIRECTION ( 'NONE',  ( -1.000000000000000000, -0.0000000000000000000, -0.0000000000000000000 ) ) ;
#4317 = FACE_OUTER_BOUND ( 'NONE', #2716, .T. ) ;
#4318 = PRESENTATION_STYLE_ASSIGNMENT (( #236 ) ) ;
#4319 = PLANE ( 'NONE',  #1334 ) ;
#4320 = EDGE_CURVE ( 'NONE', #1759, #3930, #2335, .T. ) ;
#4321 = SURFACE_STYLE_FILL_AREA ( #314 ) ;
#4322 = DIRECTION ( 'NONE',  ( 0.0000000000000000000, 1.000000000000000000, 0.0000000000000000000 ) ) ;
#4323 = SURFACE_STYLE_USAGE ( .BOTH. , #1619 ) ;
#4324 = DIRECTION ( 'NONE',  ( 0.0000000000000000000, 1.000000000000000000, 0.0000000000000000000 ) ) ;
#4325 = SURFACE_STYLE_FILL_AREA ( #1344 ) ;
#4326 = PRESENTATION_LAYER_ASSIGNMENT (  '', '', ( #3701 ) ) ;
#4327 = ORIENTED_EDGE ( 'NONE', *, *, #966, .F. ) ;
#4328 = DIRECTION ( 'NONE',  ( 0.0000000000000000000, -2.771354444913080200E-014, -1.000000000000000000 ) ) ;
#4329 = ADVANCED_FACE ( 'NONE', ( #999 ), #3305, .T. ) ;
#4330 = ORIENTED_EDGE ( 'NONE', *, *, #3212, .T. ) ;
#4331 = STYLED_ITEM ( 'NONE', ( #3789 ), #2284 ) ;
#4332 = DIRECTION ( 'NONE',  ( -1.000000000000000000, 0.0000000000000000000, 0.0000000000000000000 ) ) ;
#4333 = DIRECTION ( 'NONE',  ( -0.0000000000000000000, -0.0000000000000000000, -1.000000000000000000 ) ) ;
#4334 = EDGE_LOOP ( 'NONE', ( #513, #606, #4106, #3514 ) ) ;
#4335 = PRESENTATION_LAYER_ASSIGNMENT (  '', '', ( #17 ) ) ;
#4336 = EDGE_CURVE ( 'NONE', #222, #3972, #1972, .T. ) ;
#4337 = PRESENTATION_STYLE_ASSIGNMENT (( #4279 ) ) ;
#4338 = ADVANCED_FACE ( 'NONE', ( #3389 ), #4319, .T. ) ;
#4339 = SURFACE_STYLE_USAGE ( .BOTH. , #616 ) ;
#4340 = ORIENTED_EDGE ( 'NONE', *, *, #1934, .F. ) ;
#4341 = DIRECTION ( 'NONE',  ( 0.0000000000000000000, -2.706578643357732800E-014, -1.000000000000000000 ) ) ;
#4342 = CARTESIAN_POINT ( 'NONE',  ( -1.289276244013807500, -0.8599999999999998800, -0.7149122703230398300 ) ) ;
#4343 = DIRECTION ( 'NONE',  ( 0.0000000000000000000, 1.000000000000000000, 0.0000000000000000000 ) ) ;
#4344 = DIRECTION ( 'NONE',  ( 0.0000000000000000000, -0.9986295347545739400, -0.05233595624294415400 ) ) ;
#4345 = LINE ( 'NONE', #2483, #2529 ) ;
#4346 = CARTESIAN_POINT ( 'NONE',  ( -1.360097437989603400, 0.1499999999999998600, 1.600000000000000300 ) ) ;
#4347 = CARTESIAN_POINT ( 'NONE',  ( -0.7635510543088301900, 0.9499999999999997300, 1.527489764423356000 ) ) ;
#4348 = SURFACE_STYLE_FILL_AREA ( #2920 ) ;
#4349 = DIRECTION ( 'NONE',  ( -1.000000000000000000, 0.0000000000000000000, 0.0000000000000000000 ) ) ;
#4350 = EDGE_CURVE ( 'NONE', #4138, #869, #3806, .T. ) ;
#4351 = ADVANCED_FACE ( 'NONE', ( #3487 ), #2183, .T. ) ;
#4352 = ORIENTED_EDGE ( 'NONE', *, *, #3844, .F. ) ;
#4353 = FACE_OUTER_BOUND ( 'NONE', #3599, .T. ) ;
#4354 = SURFACE_SIDE_STYLE ('',( #736 ) ) ;
#4355 = AXIS2_PLACEMENT_3D ( 'NONE', #2544, #4285, #3528 ) ;
#4356 = SURFACE_STYLE_USAGE ( .BOTH. , #1336 ) ;
#4357 =( NAMED_UNIT ( * ) SI_UNIT ( $, .STERADIAN. ) SOLID_ANGLE_UNIT ( ) );
#4358 = DIRECTION ( 'NONE',  ( 1.000000000000000000, 0.0000000000000000000, 0.0000000000000000000 ) ) ;
#4359 = DIRECTION ( 'NONE',  ( -0.06958737431666330000, -0.9951458157835089100, -0.06958737431666367500 ) ) ;
#4360 = MECHANICAL_DESIGN_GEOMETRIC_PRESENTATION_REPRESENTATION (  '', ( #2039 ), #2679 ) ;
#4361 = UNCERTAINTY_MEASURE_WITH_UNIT (LENGTH_MEASURE( 1.000000000000000100E-005 ), #1090, 'distance_accuracy_value', 'NONE');
#4362 = DIRECTION ( 'NONE',  ( 1.000000000000000000, 0.0000000000000000000, 0.0000000000000000000 ) ) ;
#4363 = CYLINDRICAL_SURFACE ( 'NONE', #1944, 0.03999999999999998000 ) ;
#4364 = ADVANCED_FACE ( 'NONE', ( #132 ), #2666, .T. ) ;
#4365 = FILL_AREA_STYLE ('',( #2374 ) ) ;
#4366 = ORIENTED_EDGE ( 'NONE', *, *, #2565, .F. ) ;
#4367 = SURFACE_SIDE_STYLE ('',( #1448 ) ) ;
#4368 = FACE_OUTER_BOUND ( 'NONE', #2203, .T. ) ;
#4369 = DIRECTION ( 'NONE',  ( 0.0000000000000000000, -0.06975647374412430300, -0.9975640502598243100 ) ) ;
#4370 = MECHANICAL_DESIGN_GEOMETRIC_PRESENTATION_REPRESENTATION (  '', ( #3870 ), #2687 ) ;
#4371 = SURFACE_STYLE_USAGE ( .BOTH. , #4010 ) ;
#4372 = EDGE_LOOP ( 'NONE', ( #2671, #2870, #1241, #2526 ) ) ;
#4373 = EDGE_LOOP ( 'NONE', ( #2233, #2511, #2989, #427 ) ) ;
#4374 = CARTESIAN_POINT ( 'NONE',  ( -0.4000000000000000800, -0.01000000000000002600, 1.590000000000000300 ) ) ;
#4375 = ORIENTED_EDGE ( 'NONE', *, *, #2446, .T. ) ;
#4376 = LINE ( 'NONE', #1844, #1197 ) ;
#4377 = DIRECTION ( 'NONE',  ( -0.0000000000000000000, 1.000000000000000000, 3.510884260745492600E-017 ) ) ;
#4378 = ORIENTED_EDGE ( 'NONE', *, *, #4063, .F. ) ;
#4379 = CARTESIAN_POINT ( 'NONE',  ( -1.383495311715526900, 0.1500000000000053200, 1.600000000000000300 ) ) ;
#4380 = SURFACE_SIDE_STYLE ('',( #4220 ) ) ;
#4381 = CARTESIAN_POINT ( 'NONE',  ( 1.289276244013807200, -0.8599999999999999900, 0.7149122703230401700 ) ) ;
#4382 = CARTESIAN_POINT ( 'NONE',  ( 1.303261606402508700, -0.6600000000000000300, -1.503261606402509700 ) ) ;
#4383 = VECTOR ( 'NONE', #4344, 999.9999999999998900 ) ;
#4384 = ADVANCED_FACE ( 'NONE', ( #1383 ), #4152, .T. ) ;
#4385 = ORIENTED_EDGE ( 'NONE', *, *, #2152, .F. ) ;
#4386 =( BOUNDED_CURVE ( )  B_SPLINE_CURVE ( 3, ( #3078, #1440, #22, #3377 ),
 .UNSPECIFIED., .F., .F. ) 
 B_SPLINE_CURVE_WITH_KNOTS ( ( 4, 4 ),
 ( 5.500220136198064900, 6.283185307179586200 ),
 .UNSPECIFIED. ) 
 CURVE ( )  GEOMETRIC_REPRESENTATION_ITEM ( )  RATIONAL_B_SPLINE_CURVE ( ( 1.000000000000000000, 0.9495629211555289800, 0.9495629211555289800, 1.000000000000000000 ) ) 
 REPRESENTATION_ITEM ( '' )  );
#4387 = MECHANICAL_DESIGN_GEOMETRIC_PRESENTATION_REPRESENTATION (  '', ( #3810 ), #2549 ) ;
#4388 =( GEOMETRIC_REPRESENTATION_CONTEXT ( 3 ) GLOBAL_UNCERTAINTY_ASSIGNED_CONTEXT ( ( #282 ) ) GLOBAL_UNIT_ASSIGNED_CONTEXT ( ( #3663, #3008, #2047 ) ) REPRESENTATION_CONTEXT ( 'NONE', 'WORKASPACE' ) );
#4389 = DIRECTION ( 'NONE',  ( 0.0000000000000000000, 1.000000000000000000, 1.548860246407854000E-016 ) ) ;
#4390 = FILL_AREA_STYLE ('',( #3651 ) ) ;
#4391 = DIRECTION ( 'NONE',  ( 0.0000000000000000000, -0.0000000000000000000, -1.000000000000000000 ) ) ;
#4392 = VERTEX_POINT ( 'NONE', #402 ) ;
#4393 = CARTESIAN_POINT ( 'NONE',  ( 0.4000000000000000800, -0.7999314767377279100, 1.547383202187851700 ) ) ;
#4394 = AXIS2_PLACEMENT_3D ( 'NONE', #4239, #1558, #866 ) ;
#4395 = VECTOR ( 'NONE', #3787, 1000.000000000000200 ) ;
#4396 = FACE_OUTER_BOUND ( 'NONE', #2507, .T. ) ;
#4397 = DIRECTION ( 'NONE',  ( -0.0000000000000000000, 1.000000000000000000, 7.228014483236695800E-017 ) ) ;
#4398 = ORIENTED_EDGE ( 'NONE', *, *, #2563, .F. ) ;
#4399 = DIRECTION ( 'NONE',  ( -1.000000000000000000, -0.0000000000000000000, -0.0000000000000000000 ) ) ;
#4400 = SURFACE_STYLE_USAGE ( .BOTH. , #1701 ) ;
#4401 = EDGE_CURVE ( 'NONE', #1049, #3132, #4036, .T. ) ;
#4402 = CARTESIAN_POINT ( 'NONE',  ( -1.100000000000000100, -2.710505431213761100E-017, 1.600000000000000300 ) ) ;
#4403 = VERTEX_POINT ( 'NONE', #577 ) ;
#4404 = EDGE_CURVE ( 'NONE', #3849, #1007, #1258, .T. ) ;
#4405 = PLANE ( 'NONE',  #710 ) ;
#4406 = FILL_AREA_STYLE ('',( #2677 ) ) ;
#4407 = CARTESIAN_POINT ( 'NONE',  ( -1.289276244013807500, -0.8652113294718965000, -0.7545713429941870400 ) ) ;
#4408 = FILL_AREA_STYLE ('',( #385 ) ) ;
#4409 = ADVANCED_FACE ( 'NONE', ( #831 ), #2570, .T. ) ;
ENDSEC;
END-ISO-10303-21;
