ISO-10303-21;
HEADER;
FILE_DESCRIPTION(('STEP AP242'),'1');
FILE_NAME('0039013025.stp','2024-11-19T09:03:57',('TraceParts'),('TraceParts S.A.'),'Spatial InterOp 3D',' ',' ');
FILE_SCHEMA(('AP242_MANAGED_MODEL_BASED_3D_ENGINEERING_MIM_LF  {1 0 10303 442 1 1 4}'));
ENDSEC;
DATA;
#1=MECHANICAL_DESIGN_GEOMETRIC_PRESENTATION_REPRESENTATION(' ',(#10),#6);
#2=PRODUCT_DEFINITION_CONTEXT('',#11,'design');
#3=APPLICATION_PROTOCOL_DEFINITION('INTERNATIONAL STANDARD','ap242_managed_model_based_3d_engineering',2014,#11);
#4=PRODUCT_CATEGORY_RELATIONSHIP('NONE','NONE',#12,#13);
#5=SHAPE_DEFINITION_REPRESENTATION(#14,#15);
#6= (GEOMETRIC_REPRESENTATION_CONTEXT(3)GLOBAL_UNCERTAINTY_ASSIGNED_CONTEXT((#18))GLOBAL_UNIT_ASSIGNED_CONTEXT((#20,#21,#22))REPRESENTATION_CONTEXT('NONE','WORKSPACE'));
#10=STYLED_ITEM('',(#24),#25);
#11=APPLICATION_CONTEXT('managed model based 3d engineering');
#12=PRODUCT_CATEGORY('part','NONE');
#13=PRODUCT_RELATED_PRODUCT_CATEGORY('detail',' ',(#26));
#14=PRODUCT_DEFINITION_SHAPE('NONE','NONE',#27);
#15=ADVANCED_BREP_SHAPE_REPRESENTATION('0039013025',(#25,#28),#6);
#18=UNCERTAINTY_MEASURE_WITH_UNIT(LENGTH_MEASURE(1.0E-06),#20,'','');
#20= (CONVERSION_BASED_UNIT('MILLIMETRE',#31)LENGTH_UNIT()NAMED_UNIT(#34));
#21= (NAMED_UNIT(#36)PLANE_ANGLE_UNIT()SI_UNIT($,.RADIAN.));
#22= (NAMED_UNIT(#36)SOLID_ANGLE_UNIT()SI_UNIT($,.STERADIAN.));
#24=PRESENTATION_STYLE_ASSIGNMENT((#42));
#25=MANIFOLD_SOLID_BREP('0039013025',#43);
#26=PRODUCT('0039013025','','PART--DESC',(#44));
#27=PRODUCT_DEFINITION('','NONE',#45,#2);
#28=AXIS2_PLACEMENT_3D('',#46,#47,#48);
#31=LENGTH_MEASURE_WITH_UNIT(LENGTH_MEASURE(1.0),#49);
#34=DIMENSIONAL_EXPONENTS(1.0,0.0,0.0,0.0,0.0,0.0,0.0);
#36=DIMENSIONAL_EXPONENTS(0.0,0.0,0.0,0.0,0.0,0.0,0.0);
#42=SURFACE_STYLE_USAGE(.BOTH.,#50);
#43=CLOSED_SHELL('',(#51,#52,#53,#54,#55,#56,#57,#58,#59,#60,#61,#62,#63,#64,#65,#66,#67,#68,#69,#70,#71,#72,#73,#74,#75,#76,#77,#78,#79,#80,#81,#82,#83,#84,#85,#86,#87,#88,#89,#90,#91,#92,#93,#94,#95,#96,#97,#98,#99,#100,#101,#102,#103,#104,#105,#106,#107,#108,#109,#110,#111,#112,#113,#114,#115,#116,#117,#118,#119,#120,#121,#122,#123,#124,#125,#126,#127,#128,#129,#130,#131,#132,#133,#134,#135));
#44=PRODUCT_CONTEXT('',#11,'mechanical');
#45=PRODUCT_DEFINITION_FORMATION_WITH_SPECIFIED_SOURCE(' ','NONE',#26,.NOT_KNOWN.);
#46=CARTESIAN_POINT('',(0.0,0.0,0.0));
#47=DIRECTION('',(0.0,0.0,1.0));
#48=DIRECTION('',(1.0,0.0,0.0));
#49= (NAMED_UNIT(#34)LENGTH_UNIT()SI_UNIT(.MILLI.,.METRE.));
#50=SURFACE_SIDE_STYLE('',(#137));
#51=ADVANCED_FACE('',(#138),#139,.T.);
#52=ADVANCED_FACE('',(#140),#141,.T.);
#53=ADVANCED_FACE('',(#142),#143,.T.);
#54=ADVANCED_FACE('',(#144),#145,.F.);
#55=ADVANCED_FACE('',(#146,#147),#148,.T.);
#56=ADVANCED_FACE('',(#149,#150),#151,.T.);
#57=ADVANCED_FACE('',(#152,#153,#154),#155,.T.);
#58=ADVANCED_FACE('',(#156),#157,.F.);
#59=ADVANCED_FACE('',(#158),#159,.T.);
#60=ADVANCED_FACE('',(#160),#161,.T.);
#61=ADVANCED_FACE('',(#162),#163,.T.);
#62=ADVANCED_FACE('',(#164),#165,.T.);
#63=ADVANCED_FACE('',(#166,#167,#168),#169,.F.);
#64=ADVANCED_FACE('',(#170),#171,.T.);
#65=ADVANCED_FACE('',(#172),#173,.F.);
#66=ADVANCED_FACE('',(#174),#175,.F.);
#67=ADVANCED_FACE('',(#176),#177,.F.);
#68=ADVANCED_FACE('',(#178),#179,.F.);
#69=ADVANCED_FACE('',(#180),#181,.F.);
#70=ADVANCED_FACE('',(#182),#183,.F.);
#71=ADVANCED_FACE('',(#184),#185,.F.);
#72=ADVANCED_FACE('',(#186),#187,.F.);
#73=ADVANCED_FACE('',(#188),#189,.T.);
#74=ADVANCED_FACE('',(#190),#191,.F.);
#75=ADVANCED_FACE('',(#192),#193,.F.);
#76=ADVANCED_FACE('',(#194),#195,.F.);
#77=ADVANCED_FACE('',(#196),#197,.F.);
#78=ADVANCED_FACE('',(#198),#199,.F.);
#79=ADVANCED_FACE('',(#200),#201,.F.);
#80=ADVANCED_FACE('',(#202),#203,.F.);
#81=ADVANCED_FACE('',(#204),#205,.F.);
#82=ADVANCED_FACE('',(#206),#207,.F.);
#83=ADVANCED_FACE('',(#208),#209,.F.);
#84=ADVANCED_FACE('',(#210),#211,.F.);
#85=ADVANCED_FACE('',(#212),#213,.T.);
#86=ADVANCED_FACE('',(#214),#215,.F.);
#87=ADVANCED_FACE('',(#216),#217,.F.);
#88=ADVANCED_FACE('',(#218),#219,.F.);
#89=ADVANCED_FACE('',(#220),#221,.F.);
#90=ADVANCED_FACE('',(#222),#223,.T.);
#91=ADVANCED_FACE('',(#224),#225,.F.);
#92=ADVANCED_FACE('',(#226),#227,.F.);
#93=ADVANCED_FACE('',(#228),#229,.F.);
#94=ADVANCED_FACE('',(#230),#231,.F.);
#95=ADVANCED_FACE('',(#232),#233,.F.);
#96=ADVANCED_FACE('',(#234),#235,.F.);
#97=ADVANCED_FACE('',(#236),#237,.F.);
#98=ADVANCED_FACE('',(#238),#239,.F.);
#99=ADVANCED_FACE('',(#240),#241,.F.);
#100=ADVANCED_FACE('',(#242),#243,.F.);
#101=ADVANCED_FACE('',(#244),#245,.T.);
#102=ADVANCED_FACE('',(#246),#247,.T.);
#103=ADVANCED_FACE('',(#248),#249,.T.);
#104=ADVANCED_FACE('',(#250),#251,.T.);
#105=ADVANCED_FACE('',(#252),#253,.T.);
#106=ADVANCED_FACE('',(#254),#255,.T.);
#107=ADVANCED_FACE('',(#256),#257,.T.);
#108=ADVANCED_FACE('',(#258),#259,.T.);
#109=ADVANCED_FACE('',(#260),#261,.T.);
#110=ADVANCED_FACE('',(#262),#263,.T.);
#111=ADVANCED_FACE('',(#264),#265,.T.);
#112=ADVANCED_FACE('',(#266),#267,.T.);
#113=ADVANCED_FACE('',(#268),#269,.T.);
#114=ADVANCED_FACE('',(#270),#271,.T.);
#115=ADVANCED_FACE('',(#272),#273,.T.);
#116=ADVANCED_FACE('',(#274),#275,.T.);
#117=ADVANCED_FACE('',(#276),#277,.T.);
#118=ADVANCED_FACE('',(#278),#279,.T.);
#119=ADVANCED_FACE('',(#280),#281,.T.);
#120=ADVANCED_FACE('',(#282),#283,.T.);
#121=ADVANCED_FACE('',(#284),#285,.T.);
#122=ADVANCED_FACE('',(#286),#287,.T.);
#123=ADVANCED_FACE('',(#288),#289,.T.);
#124=ADVANCED_FACE('',(#290),#291,.T.);
#125=ADVANCED_FACE('',(#292),#293,.T.);
#126=ADVANCED_FACE('',(#294),#295,.T.);
#127=ADVANCED_FACE('',(#296),#297,.T.);
#128=ADVANCED_FACE('',(#298),#299,.T.);
#129=ADVANCED_FACE('',(#300),#301,.T.);
#130=ADVANCED_FACE('',(#302),#303,.T.);
#131=ADVANCED_FACE('',(#304),#305,.T.);
#132=ADVANCED_FACE('',(#306),#307,.T.);
#133=ADVANCED_FACE('',(#308),#309,.T.);
#134=ADVANCED_FACE('',(#310),#311,.T.);
#135=ADVANCED_FACE('',(#312),#313,.T.);
#137=SURFACE_STYLE_FILL_AREA(#314);
#138=FACE_OUTER_BOUND('',#315,.T.);
#139=CYLINDRICAL_SURFACE('',#316,0.32);
#140=FACE_OUTER_BOUND('',#317,.T.);
#141=PLANE('',#318);
#142=FACE_OUTER_BOUND('',#319,.T.);
#143=PLANE('',#320);
#144=FACE_OUTER_BOUND('',#321,.T.);
#145=PLANE('',#322);
#146=FACE_OUTER_BOUND('',#323,.T.);
#147=FACE_BOUND('',#324,.T.);
#148=PLANE('',#325);
#149=FACE_OUTER_BOUND('',#326,.T.);
#150=FACE_BOUND('',#327,.T.);
#151=PLANE('',#328);
#152=FACE_BOUND('',#329,.T.);
#153=FACE_OUTER_BOUND('',#330,.T.);
#154=FACE_BOUND('',#331,.T.);
#155=PLANE('',#332);
#156=FACE_OUTER_BOUND('',#333,.T.);
#157=PLANE('',#334);
#158=FACE_OUTER_BOUND('',#335,.T.);
#159=PLANE('',#336);
#160=FACE_OUTER_BOUND('',#337,.T.);
#161=PLANE('',#338);
#162=FACE_OUTER_BOUND('',#339,.T.);
#163=PLANE('',#340);
#164=FACE_OUTER_BOUND('',#341,.T.);
#165=PLANE('',#342);
#166=FACE_BOUND('',#343,.T.);
#167=FACE_BOUND('',#344,.T.);
#168=FACE_OUTER_BOUND('',#345,.T.);
#169=PLANE('',#346);
#170=FACE_OUTER_BOUND('',#347,.T.);
#171=PLANE('',#348);
#172=FACE_OUTER_BOUND('',#349,.T.);
#173=PLANE('',#350);
#174=FACE_OUTER_BOUND('',#351,.T.);
#175=CYLINDRICAL_SURFACE('',#352,0.749999999999999);
#176=FACE_OUTER_BOUND('',#353,.T.);
#177=PLANE('',#354);
#178=FACE_OUTER_BOUND('',#355,.T.);
#179=PLANE('',#356);
#180=FACE_OUTER_BOUND('',#357,.T.);
#181=PLANE('',#358);
#182=FACE_OUTER_BOUND('',#359,.T.);
#183=PLANE('',#360);
#184=FACE_OUTER_BOUND('',#361,.T.);
#185=PLANE('',#362);
#186=FACE_OUTER_BOUND('',#363,.T.);
#187=PLANE('',#364);
#188=FACE_OUTER_BOUND('',#365,.T.);
#189=PLANE('',#366);
#190=FACE_OUTER_BOUND('',#367,.T.);
#191=PLANE('',#368);
#192=FACE_OUTER_BOUND('',#369,.T.);
#193=PLANE('',#370);
#194=FACE_OUTER_BOUND('',#371,.T.);
#195=PLANE('',#372);
#196=FACE_OUTER_BOUND('',#373,.T.);
#197=PLANE('',#374);
#198=FACE_OUTER_BOUND('',#375,.T.);
#199=PLANE('',#376);
#200=FACE_OUTER_BOUND('',#377,.T.);
#201=PLANE('',#378);
#202=FACE_OUTER_BOUND('',#379,.T.);
#203=PLANE('',#380);
#204=FACE_OUTER_BOUND('',#381,.T.);
#205=PLANE('',#382);
#206=FACE_OUTER_BOUND('',#383,.T.);
#207=PLANE('',#384);
#208=FACE_OUTER_BOUND('',#385,.T.);
#209=PLANE('',#386);
#210=FACE_OUTER_BOUND('',#387,.T.);
#211=PLANE('',#388);
#212=FACE_OUTER_BOUND('',#389,.T.);
#213=PLANE('',#390);
#214=FACE_OUTER_BOUND('',#391,.T.);
#215=PLANE('',#392);
#216=FACE_OUTER_BOUND('',#393,.T.);
#217=PLANE('',#394);
#218=FACE_OUTER_BOUND('',#395,.T.);
#219=PLANE('',#396);
#220=FACE_OUTER_BOUND('',#397,.T.);
#221=PLANE('',#398);
#222=FACE_OUTER_BOUND('',#399,.T.);
#223=PLANE('',#400);
#224=FACE_OUTER_BOUND('',#401,.T.);
#225=PLANE('',#402);
#226=FACE_OUTER_BOUND('',#403,.T.);
#227=PLANE('',#404);
#228=FACE_OUTER_BOUND('',#405,.T.);
#229=PLANE('',#406);
#230=FACE_OUTER_BOUND('',#407,.T.);
#231=PLANE('',#408);
#232=FACE_OUTER_BOUND('',#409,.T.);
#233=PLANE('',#410);
#234=FACE_OUTER_BOUND('',#411,.T.);
#235=PLANE('',#412);
#236=FACE_OUTER_BOUND('',#413,.T.);
#237=PLANE('',#414);
#238=FACE_OUTER_BOUND('',#415,.T.);
#239=PLANE('',#416);
#240=FACE_OUTER_BOUND('',#417,.T.);
#241=PLANE('',#418);
#242=FACE_OUTER_BOUND('',#419,.T.);
#243=PLANE('',#420);
#244=FACE_OUTER_BOUND('',#421,.T.);
#245=PLANE('',#422);
#246=FACE_OUTER_BOUND('',#423,.T.);
#247=PLANE('',#424);
#248=FACE_OUTER_BOUND('',#425,.T.);
#249=PLANE('',#426);
#250=FACE_OUTER_BOUND('',#427,.T.);
#251=PLANE('',#428);
#252=FACE_OUTER_BOUND('',#429,.T.);
#253=PLANE('',#430);
#254=FACE_OUTER_BOUND('',#431,.T.);
#255=PLANE('',#432);
#256=FACE_OUTER_BOUND('',#433,.T.);
#257=PLANE('',#434);
#258=FACE_OUTER_BOUND('',#435,.T.);
#259=PLANE('',#436);
#260=FACE_OUTER_BOUND('',#437,.T.);
#261=PLANE('',#438);
#262=FACE_OUTER_BOUND('',#439,.T.);
#263=PLANE('',#440);
#264=FACE_OUTER_BOUND('',#441,.T.);
#265=PLANE('',#442);
#266=FACE_OUTER_BOUND('',#443,.T.);
#267=PLANE('',#444);
#268=FACE_OUTER_BOUND('',#445,.T.);
#269=PLANE('',#446);
#270=FACE_OUTER_BOUND('',#447,.T.);
#271=PLANE('',#448);
#272=FACE_OUTER_BOUND('',#449,.T.);
#273=PLANE('',#450);
#274=FACE_OUTER_BOUND('',#451,.T.);
#275=PLANE('',#452);
#276=FACE_OUTER_BOUND('',#453,.T.);
#277=PLANE('',#454);
#278=FACE_OUTER_BOUND('',#455,.T.);
#279=PLANE('',#456);
#280=FACE_OUTER_BOUND('',#457,.T.);
#281=PLANE('',#458);
#282=FACE_OUTER_BOUND('',#459,.T.);
#283=PLANE('',#460);
#284=FACE_OUTER_BOUND('',#461,.T.);
#285=PLANE('',#462);
#286=FACE_OUTER_BOUND('',#463,.T.);
#287=PLANE('',#464);
#288=FACE_OUTER_BOUND('',#465,.T.);
#289=PLANE('',#466);
#290=FACE_OUTER_BOUND('',#467,.T.);
#291=PLANE('',#468);
#292=FACE_OUTER_BOUND('',#469,.T.);
#293=PLANE('',#470);
#294=FACE_OUTER_BOUND('',#471,.T.);
#295=PLANE('',#472);
#296=FACE_OUTER_BOUND('',#473,.T.);
#297=PLANE('',#474);
#298=FACE_OUTER_BOUND('',#475,.T.);
#299=PLANE('',#476);
#300=FACE_OUTER_BOUND('',#477,.T.);
#301=PLANE('',#478);
#302=FACE_OUTER_BOUND('',#479,.T.);
#303=PLANE('',#480);
#304=FACE_OUTER_BOUND('',#481,.T.);
#305=PLANE('',#482);
#306=FACE_OUTER_BOUND('',#483,.T.);
#307=PLANE('',#484);
#308=FACE_OUTER_BOUND('',#485,.T.);
#309=PLANE('',#486);
#310=FACE_OUTER_BOUND('',#487,.T.);
#311=PLANE('',#488);
#312=FACE_OUTER_BOUND('',#489,.T.);
#313=CYLINDRICAL_SURFACE('',#490,0.32);
#314=FILL_AREA_STYLE('',(#491));
#315=EDGE_LOOP('',(#492,#493,#494,#495));
#316=AXIS2_PLACEMENT_3D('',#496,#497,#498);
#317=EDGE_LOOP('',(#499,#500,#501,#502));
#318=AXIS2_PLACEMENT_3D('',#503,#504,#505);
#319=EDGE_LOOP('',(#506,#507,#508,#509));
#320=AXIS2_PLACEMENT_3D('',#510,#511,#512);
#321=EDGE_LOOP('',(#513,#514,#515,#516,#517,#518,#519));
#322=AXIS2_PLACEMENT_3D('',#520,#521,#522);
#323=EDGE_LOOP('',(#523,#524,#525,#526));
#324=EDGE_LOOP('',(#527,#528,#529,#530,#531,#532,#533,#534,#535,#536,#537,#538,#539,#540,#541,#542));
#325=AXIS2_PLACEMENT_3D('',#543,#544,#545);
#326=EDGE_LOOP('',(#546,#547,#548,#549,#550,#551));
#327=EDGE_LOOP('',(#552,#553,#554,#555,#556,#557,#558,#559,#560,#561,#562,#563,#564,#565,#566,#567));
#328=AXIS2_PLACEMENT_3D('',#568,#569,#570);
#329=EDGE_LOOP('',(#571,#572,#573,#574));
#330=EDGE_LOOP('',(#575,#576,#577,#578,#579,#580,#581));
#331=EDGE_LOOP('',(#582,#583,#584,#585,#586,#587));
#332=AXIS2_PLACEMENT_3D('',#588,#589,#590);
#333=EDGE_LOOP('',(#591,#592,#593,#594));
#334=AXIS2_PLACEMENT_3D('',#595,#596,#597);
#335=EDGE_LOOP('',(#598,#599,#600,#601));
#336=AXIS2_PLACEMENT_3D('',#602,#603,#604);
#337=EDGE_LOOP('',(#605,#606,#607,#608,#609,#610,#611,#612,#613,#614,#615,#616,#617,#618));
#338=AXIS2_PLACEMENT_3D('',#619,#620,#621);
#339=EDGE_LOOP('',(#622,#623,#624,#625,#626,#627,#628,#629,#630,#631,#632,#633,#634,#635));
#340=AXIS2_PLACEMENT_3D('',#636,#637,#638);
#341=EDGE_LOOP('',(#639,#640,#641,#642));
#342=AXIS2_PLACEMENT_3D('',#643,#644,#645);
#343=EDGE_LOOP('',(#646,#647,#648,#649));
#344=EDGE_LOOP('',(#650,#651,#652,#653));
#345=EDGE_LOOP('',(#654,#655,#656,#657));
#346=AXIS2_PLACEMENT_3D('',#658,#659,#660);
#347=EDGE_LOOP('',(#661,#662,#663,#664));
#348=AXIS2_PLACEMENT_3D('',#665,#666,#667);
#349=EDGE_LOOP('',(#668,#669,#670,#671,#672,#673,#674,#675));
#350=AXIS2_PLACEMENT_3D('',#676,#677,#678);
#351=EDGE_LOOP('',(#679,#680,#681,#682));
#352=AXIS2_PLACEMENT_3D('',#683,#684,#685);
#353=EDGE_LOOP('',(#686,#687,#688,#689));
#354=AXIS2_PLACEMENT_3D('',#690,#691,#692);
#355=EDGE_LOOP('',(#693,#694,#695,#696));
#356=AXIS2_PLACEMENT_3D('',#697,#698,#699);
#357=EDGE_LOOP('',(#700,#701,#702,#703));
#358=AXIS2_PLACEMENT_3D('',#704,#705,#706);
#359=EDGE_LOOP('',(#707,#708,#709,#710,#711,#712,#713,#714));
#360=AXIS2_PLACEMENT_3D('',#715,#716,#717);
#361=EDGE_LOOP('',(#718,#719,#720,#721));
#362=AXIS2_PLACEMENT_3D('',#722,#723,#724);
#363=EDGE_LOOP('',(#725,#726,#727,#728));
#364=AXIS2_PLACEMENT_3D('',#729,#730,#731);
#365=EDGE_LOOP('',(#732,#733,#734,#735,#736,#737,#738,#739,#740,#741));
#366=AXIS2_PLACEMENT_3D('',#742,#743,#744);
#367=EDGE_LOOP('',(#745,#746,#747,#748,#749,#750,#751,#752,#753,#754));
#368=AXIS2_PLACEMENT_3D('',#755,#756,#757);
#369=EDGE_LOOP('',(#758,#759,#760,#761));
#370=AXIS2_PLACEMENT_3D('',#762,#763,#764);
#371=EDGE_LOOP('',(#765,#766,#767,#768));
#372=AXIS2_PLACEMENT_3D('',#769,#770,#771);
#373=EDGE_LOOP('',(#772,#773,#774,#775));
#374=AXIS2_PLACEMENT_3D('',#776,#777,#778);
#375=EDGE_LOOP('',(#779,#780,#781,#782));
#376=AXIS2_PLACEMENT_3D('',#783,#784,#785);
#377=EDGE_LOOP('',(#786,#787,#788,#789));
#378=AXIS2_PLACEMENT_3D('',#790,#791,#792);
#379=EDGE_LOOP('',(#793,#794,#795,#796));
#380=AXIS2_PLACEMENT_3D('',#797,#798,#799);
#381=EDGE_LOOP('',(#800,#801,#802,#803));
#382=AXIS2_PLACEMENT_3D('',#804,#805,#806);
#383=EDGE_LOOP('',(#807,#808,#809,#810));
#384=AXIS2_PLACEMENT_3D('',#811,#812,#813);
#385=EDGE_LOOP('',(#814,#815,#816,#817));
#386=AXIS2_PLACEMENT_3D('',#818,#819,#820);
#387=EDGE_LOOP('',(#821,#822,#823,#824));
#388=AXIS2_PLACEMENT_3D('',#825,#826,#827);
#389=EDGE_LOOP('',(#828,#829,#830,#831));
#390=AXIS2_PLACEMENT_3D('',#832,#833,#834);
#391=EDGE_LOOP('',(#835,#836,#837,#838));
#392=AXIS2_PLACEMENT_3D('',#839,#840,#841);
#393=EDGE_LOOP('',(#842,#843,#844,#845));
#394=AXIS2_PLACEMENT_3D('',#846,#847,#848);
#395=EDGE_LOOP('',(#849,#850,#851,#852));
#396=AXIS2_PLACEMENT_3D('',#853,#854,#855);
#397=EDGE_LOOP('',(#856,#857,#858,#859));
#398=AXIS2_PLACEMENT_3D('',#860,#861,#862);
#399=EDGE_LOOP('',(#863,#864,#865,#866));
#400=AXIS2_PLACEMENT_3D('',#867,#868,#869);
#401=EDGE_LOOP('',(#870,#871,#872,#873));
#402=AXIS2_PLACEMENT_3D('',#874,#875,#876);
#403=EDGE_LOOP('',(#877,#878,#879,#880));
#404=AXIS2_PLACEMENT_3D('',#881,#882,#883);
#405=EDGE_LOOP('',(#884,#885,#886,#887));
#406=AXIS2_PLACEMENT_3D('',#888,#889,#890);
#407=EDGE_LOOP('',(#891,#892,#893,#894));
#408=AXIS2_PLACEMENT_3D('',#895,#896,#897);
#409=EDGE_LOOP('',(#898,#899,#900,#901));
#410=AXIS2_PLACEMENT_3D('',#902,#903,#904);
#411=EDGE_LOOP('',(#905,#906,#907,#908));
#412=AXIS2_PLACEMENT_3D('',#909,#910,#911);
#413=EDGE_LOOP('',(#912,#913,#914,#915));
#414=AXIS2_PLACEMENT_3D('',#916,#917,#918);
#415=EDGE_LOOP('',(#919,#920,#921,#922));
#416=AXIS2_PLACEMENT_3D('',#923,#924,#925);
#417=EDGE_LOOP('',(#926,#927,#928,#929));
#418=AXIS2_PLACEMENT_3D('',#930,#931,#932);
#419=EDGE_LOOP('',(#933,#934,#935,#936));
#420=AXIS2_PLACEMENT_3D('',#937,#938,#939);
#421=EDGE_LOOP('',(#940,#941,#942,#943));
#422=AXIS2_PLACEMENT_3D('',#944,#945,#946);
#423=EDGE_LOOP('',(#947,#948,#949,#950));
#424=AXIS2_PLACEMENT_3D('',#951,#952,#953);
#425=EDGE_LOOP('',(#954,#955,#956,#957));
#426=AXIS2_PLACEMENT_3D('',#958,#959,#960);
#427=EDGE_LOOP('',(#961,#962,#963,#964));
#428=AXIS2_PLACEMENT_3D('',#965,#966,#967);
#429=EDGE_LOOP('',(#968,#969,#970,#971));
#430=AXIS2_PLACEMENT_3D('',#972,#973,#974);
#431=EDGE_LOOP('',(#975,#976,#977,#978));
#432=AXIS2_PLACEMENT_3D('',#979,#980,#981);
#433=EDGE_LOOP('',(#982,#983,#984,#985));
#434=AXIS2_PLACEMENT_3D('',#986,#987,#988);
#435=EDGE_LOOP('',(#989,#990,#991,#992));
#436=AXIS2_PLACEMENT_3D('',#993,#994,#995);
#437=EDGE_LOOP('',(#996,#997,#998,#999));
#438=AXIS2_PLACEMENT_3D('',#1000,#1001,#1002);
#439=EDGE_LOOP('',(#1003,#1004,#1005,#1006));
#440=AXIS2_PLACEMENT_3D('',#1007,#1008,#1009);
#441=EDGE_LOOP('',(#1010,#1011,#1012,#1013));
#442=AXIS2_PLACEMENT_3D('',#1014,#1015,#1016);
#443=EDGE_LOOP('',(#1017,#1018,#1019,#1020));
#444=AXIS2_PLACEMENT_3D('',#1021,#1022,#1023);
#445=EDGE_LOOP('',(#1024,#1025,#1026,#1027));
#446=AXIS2_PLACEMENT_3D('',#1028,#1029,#1030);
#447=EDGE_LOOP('',(#1031,#1032,#1033,#1034));
#448=AXIS2_PLACEMENT_3D('',#1035,#1036,#1037);
#449=EDGE_LOOP('',(#1038,#1039,#1040,#1041));
#450=AXIS2_PLACEMENT_3D('',#1042,#1043,#1044);
#451=EDGE_LOOP('',(#1045,#1046,#1047,#1048));
#452=AXIS2_PLACEMENT_3D('',#1049,#1050,#1051);
#453=EDGE_LOOP('',(#1052,#1053,#1054,#1055,#1056,#1057,#1058,#1059,#1060,#1061,#1062,#1063,#1064,#1065,#1066,#1067));
#454=AXIS2_PLACEMENT_3D('',#1068,#1069,#1070);
#455=EDGE_LOOP('',(#1071,#1072,#1073,#1074));
#456=AXIS2_PLACEMENT_3D('',#1075,#1076,#1077);
#457=EDGE_LOOP('',(#1078,#1079,#1080,#1081));
#458=AXIS2_PLACEMENT_3D('',#1082,#1083,#1084);
#459=EDGE_LOOP('',(#1085,#1086,#1087,#1088));
#460=AXIS2_PLACEMENT_3D('',#1089,#1090,#1091);
#461=EDGE_LOOP('',(#1092,#1093,#1094,#1095));
#462=AXIS2_PLACEMENT_3D('',#1096,#1097,#1098);
#463=EDGE_LOOP('',(#1099,#1100,#1101,#1102));
#464=AXIS2_PLACEMENT_3D('',#1103,#1104,#1105);
#465=EDGE_LOOP('',(#1106,#1107,#1108,#1109));
#466=AXIS2_PLACEMENT_3D('',#1110,#1111,#1112);
#467=EDGE_LOOP('',(#1113,#1114,#1115,#1116));
#468=AXIS2_PLACEMENT_3D('',#1117,#1118,#1119);
#469=EDGE_LOOP('',(#1120,#1121,#1122,#1123));
#470=AXIS2_PLACEMENT_3D('',#1124,#1125,#1126);
#471=EDGE_LOOP('',(#1127,#1128,#1129,#1130));
#472=AXIS2_PLACEMENT_3D('',#1131,#1132,#1133);
#473=EDGE_LOOP('',(#1134,#1135,#1136,#1137));
#474=AXIS2_PLACEMENT_3D('',#1138,#1139,#1140);
#475=EDGE_LOOP('',(#1141,#1142,#1143,#1144));
#476=AXIS2_PLACEMENT_3D('',#1145,#1146,#1147);
#477=EDGE_LOOP('',(#1148,#1149,#1150,#1151));
#478=AXIS2_PLACEMENT_3D('',#1152,#1153,#1154);
#479=EDGE_LOOP('',(#1155,#1156,#1157,#1158));
#480=AXIS2_PLACEMENT_3D('',#1159,#1160,#1161);
#481=EDGE_LOOP('',(#1162,#1163,#1164,#1165));
#482=AXIS2_PLACEMENT_3D('',#1166,#1167,#1168);
#483=EDGE_LOOP('',(#1169,#1170,#1171,#1172));
#484=AXIS2_PLACEMENT_3D('',#1173,#1174,#1175);
#485=EDGE_LOOP('',(#1176,#1177,#1178,#1179));
#486=AXIS2_PLACEMENT_3D('',#1180,#1181,#1182);
#487=EDGE_LOOP('',(#1183,#1184,#1185,#1186,#1187,#1188,#1189,#1190,#1191,#1192,#1193,#1194,#1195,#1196,#1197,#1198));
#488=AXIS2_PLACEMENT_3D('',#1199,#1200,#1201);
#489=EDGE_LOOP('',(#1202,#1203,#1204,#1205));
#490=AXIS2_PLACEMENT_3D('',#1206,#1207,#1208);
#491=FILL_AREA_STYLE_COLOUR('',#1209);
#492=ORIENTED_EDGE('',*,*,#1210,.F.);
#493=ORIENTED_EDGE('',*,*,#1211,.T.);
#494=ORIENTED_EDGE('',*,*,#1212,.F.);
#495=ORIENTED_EDGE('',*,*,#1213,.F.);
#496=CARTESIAN_POINT('',(8.94466792300541E-16,96.03,0.0699999999999994));
#497=DIRECTION('',(0.0,1.0,0.0));
#498=DIRECTION('',(0.0,0.0,-1.0));
#499=ORIENTED_EDGE('',*,*,#1214,.F.);
#500=ORIENTED_EDGE('',*,*,#1212,.T.);
#501=ORIENTED_EDGE('',*,*,#1215,.T.);
#502=ORIENTED_EDGE('',*,*,#1216,.T.);
#503=CARTESIAN_POINT('',(-2.7,10.7,-1.65327317884893E-16));
#504=DIRECTION('',(0.0,0.0,-1.0));
#505=DIRECTION('',(0.0,-1.0,0.0));
#506=ORIENTED_EDGE('',*,*,#1217,.T.);
#507=ORIENTED_EDGE('',*,*,#1218,.T.);
#508=ORIENTED_EDGE('',*,*,#1219,.F.);
#509=ORIENTED_EDGE('',*,*,#1220,.F.);
#510=CARTESIAN_POINT('',(-2.7,10.7,-1.65327317884893E-16));
#511=DIRECTION('',(0.0,0.0,-1.0));
#512=DIRECTION('',(0.0,-1.0,0.0));
#513=ORIENTED_EDGE('',*,*,#1221,.F.);
#514=ORIENTED_EDGE('',*,*,#1217,.F.);
#515=ORIENTED_EDGE('',*,*,#1222,.F.);
#516=ORIENTED_EDGE('',*,*,#1223,.F.);
#517=ORIENTED_EDGE('',*,*,#1224,.F.);
#518=ORIENTED_EDGE('',*,*,#1215,.F.);
#519=ORIENTED_EDGE('',*,*,#1211,.F.);
#520=CARTESIAN_POINT('',(0.0,9.7,0.0));
#521=DIRECTION('',(-0.0,1.0,0.0));
#522=DIRECTION('',(1.0,0.0,0.0));
#523=ORIENTED_EDGE('',*,*,#1225,.T.);
#524=ORIENTED_EDGE('',*,*,#1226,.T.);
#525=ORIENTED_EDGE('',*,*,#1227,.T.);
#526=ORIENTED_EDGE('',*,*,#1228,.T.);
#527=ORIENTED_EDGE('',*,*,#1229,.F.);
#528=ORIENTED_EDGE('',*,*,#1230,.F.);
#529=ORIENTED_EDGE('',*,*,#1231,.F.);
#530=ORIENTED_EDGE('',*,*,#1232,.F.);
#531=ORIENTED_EDGE('',*,*,#1233,.F.);
#532=ORIENTED_EDGE('',*,*,#1234,.F.);
#533=ORIENTED_EDGE('',*,*,#1235,.F.);
#534=ORIENTED_EDGE('',*,*,#1236,.F.);
#535=ORIENTED_EDGE('',*,*,#1237,.F.);
#536=ORIENTED_EDGE('',*,*,#1238,.F.);
#537=ORIENTED_EDGE('',*,*,#1239,.F.);
#538=ORIENTED_EDGE('',*,*,#1240,.F.);
#539=ORIENTED_EDGE('',*,*,#1241,.F.);
#540=ORIENTED_EDGE('',*,*,#1242,.F.);
#541=ORIENTED_EDGE('',*,*,#1243,.F.);
#542=ORIENTED_EDGE('',*,*,#1244,.F.);
#543=CARTESIAN_POINT('',(0.0,-8.9,0.0));
#544=DIRECTION('',(0.0,-1.0,0.0));
#545=DIRECTION('',(0.0,0.0,-1.0));
#546=ORIENTED_EDGE('',*,*,#1245,.T.);
#547=ORIENTED_EDGE('',*,*,#1246,.T.);
#548=ORIENTED_EDGE('',*,*,#1247,.T.);
#549=ORIENTED_EDGE('',*,*,#1248,.T.);
#550=ORIENTED_EDGE('',*,*,#1249,.T.);
#551=ORIENTED_EDGE('',*,*,#1250,.T.);
#552=ORIENTED_EDGE('',*,*,#1251,.F.);
#553=ORIENTED_EDGE('',*,*,#1252,.F.);
#554=ORIENTED_EDGE('',*,*,#1253,.F.);
#555=ORIENTED_EDGE('',*,*,#1254,.F.);
#556=ORIENTED_EDGE('',*,*,#1255,.F.);
#557=ORIENTED_EDGE('',*,*,#1256,.F.);
#558=ORIENTED_EDGE('',*,*,#1257,.F.);
#559=ORIENTED_EDGE('',*,*,#1258,.F.);
#560=ORIENTED_EDGE('',*,*,#1259,.F.);
#561=ORIENTED_EDGE('',*,*,#1260,.F.);
#562=ORIENTED_EDGE('',*,*,#1261,.F.);
#563=ORIENTED_EDGE('',*,*,#1262,.F.);
#564=ORIENTED_EDGE('',*,*,#1263,.F.);
#565=ORIENTED_EDGE('',*,*,#1264,.F.);
#566=ORIENTED_EDGE('',*,*,#1265,.F.);
#567=ORIENTED_EDGE('',*,*,#1266,.F.);
#568=CARTESIAN_POINT('',(0.0,-8.9,0.0));
#569=DIRECTION('',(0.0,-1.0,0.0));
#570=DIRECTION('',(0.0,0.0,-1.0));
#571=ORIENTED_EDGE('',*,*,#1267,.F.);
#572=ORIENTED_EDGE('',*,*,#1268,.F.);
#573=ORIENTED_EDGE('',*,*,#1269,.F.);
#574=ORIENTED_EDGE('',*,*,#1270,.F.);
#575=ORIENTED_EDGE('',*,*,#1271,.T.);
#576=ORIENTED_EDGE('',*,*,#1219,.T.);
#577=ORIENTED_EDGE('',*,*,#1272,.T.);
#578=ORIENTED_EDGE('',*,*,#1213,.T.);
#579=ORIENTED_EDGE('',*,*,#1214,.T.);
#580=ORIENTED_EDGE('',*,*,#1273,.T.);
#581=ORIENTED_EDGE('',*,*,#1274,.T.);
#582=ORIENTED_EDGE('',*,*,#1275,.F.);
#583=ORIENTED_EDGE('',*,*,#1276,.F.);
#584=ORIENTED_EDGE('',*,*,#1277,.F.);
#585=ORIENTED_EDGE('',*,*,#1278,.F.);
#586=ORIENTED_EDGE('',*,*,#1279,.F.);
#587=ORIENTED_EDGE('',*,*,#1280,.F.);
#588=CARTESIAN_POINT('',(0.0,0.0,0.0));
#589=DIRECTION('',(0.0,-1.0,0.0));
#590=DIRECTION('',(0.0,0.0,-1.0));
#591=ORIENTED_EDGE('',*,*,#1281,.T.);
#592=ORIENTED_EDGE('',*,*,#1282,.T.);
#593=ORIENTED_EDGE('',*,*,#1283,.T.);
#594=ORIENTED_EDGE('',*,*,#1284,.F.);
#595=CARTESIAN_POINT('',(2.7,6.3,12.4));
#596=DIRECTION('',(0.0,-6.87019198406656E-16,-1.0));
#597=DIRECTION('',(0.0,-1.0,6.87019198406656E-16));
#598=ORIENTED_EDGE('',*,*,#1285,.F.);
#599=ORIENTED_EDGE('',*,*,#1286,.T.);
#600=ORIENTED_EDGE('',*,*,#1287,.T.);
#601=ORIENTED_EDGE('',*,*,#1274,.F.);
#602=CARTESIAN_POINT('',(2.7,10.7,9.6));
#603=DIRECTION('',(0.0,0.0,1.0));
#604=DIRECTION('',(1.0,0.0,0.0));
#605=ORIENTED_EDGE('',*,*,#1271,.F.);
#606=ORIENTED_EDGE('',*,*,#1287,.F.);
#607=ORIENTED_EDGE('',*,*,#1288,.F.);
#608=ORIENTED_EDGE('',*,*,#1283,.F.);
#609=ORIENTED_EDGE('',*,*,#1289,.F.);
#610=ORIENTED_EDGE('',*,*,#1290,.F.);
#611=ORIENTED_EDGE('',*,*,#1291,.F.);
#612=ORIENTED_EDGE('',*,*,#1292,.F.);
#613=ORIENTED_EDGE('',*,*,#1293,.F.);
#614=ORIENTED_EDGE('',*,*,#1294,.F.);
#615=ORIENTED_EDGE('',*,*,#1295,.T.);
#616=ORIENTED_EDGE('',*,*,#1296,.F.);
#617=ORIENTED_EDGE('',*,*,#1222,.T.);
#618=ORIENTED_EDGE('',*,*,#1220,.T.);
#619=CARTESIAN_POINT('',(-2.7,10.7,9.6));
#620=DIRECTION('',(-1.0,0.0,0.0));
#621=DIRECTION('',(0.0,0.0,1.0));
#622=ORIENTED_EDGE('',*,*,#1273,.F.);
#623=ORIENTED_EDGE('',*,*,#1216,.F.);
#624=ORIENTED_EDGE('',*,*,#1224,.T.);
#625=ORIENTED_EDGE('',*,*,#1297,.T.);
#626=ORIENTED_EDGE('',*,*,#1298,.T.);
#627=ORIENTED_EDGE('',*,*,#1299,.T.);
#628=ORIENTED_EDGE('',*,*,#1300,.T.);
#629=ORIENTED_EDGE('',*,*,#1301,.T.);
#630=ORIENTED_EDGE('',*,*,#1302,.T.);
#631=ORIENTED_EDGE('',*,*,#1303,.T.);
#632=ORIENTED_EDGE('',*,*,#1304,.T.);
#633=ORIENTED_EDGE('',*,*,#1305,.T.);
#634=ORIENTED_EDGE('',*,*,#1306,.T.);
#635=ORIENTED_EDGE('',*,*,#1285,.T.);
#636=CARTESIAN_POINT('',(2.7,10.7,0.0));
#637=DIRECTION('',(1.0,0.0,0.0));
#638=DIRECTION('',(0.0,1.0,0.0));
#639=ORIENTED_EDGE('',*,*,#1307,.F.);
#640=ORIENTED_EDGE('',*,*,#1299,.F.);
#641=ORIENTED_EDGE('',*,*,#1308,.T.);
#642=ORIENTED_EDGE('',*,*,#1294,.T.);
#643=CARTESIAN_POINT('',(2.7,10.7,9.6));
#644=DIRECTION('',(0.0,0.0,1.0));
#645=DIRECTION('',(1.0,0.0,0.0));
#646=ORIENTED_EDGE('',*,*,#1309,.F.);
#647=ORIENTED_EDGE('',*,*,#1310,.F.);
#648=ORIENTED_EDGE('',*,*,#1311,.F.);
#649=ORIENTED_EDGE('',*,*,#1312,.F.);
#650=ORIENTED_EDGE('',*,*,#1313,.F.);
#651=ORIENTED_EDGE('',*,*,#1314,.F.);
#652=ORIENTED_EDGE('',*,*,#1315,.F.);
#653=ORIENTED_EDGE('',*,*,#1316,.F.);
#654=ORIENTED_EDGE('',*,*,#1295,.F.);
#655=ORIENTED_EDGE('',*,*,#1308,.F.);
#656=ORIENTED_EDGE('',*,*,#1298,.F.);
#657=ORIENTED_EDGE('',*,*,#1317,.T.);
#658=CARTESIAN_POINT('',(0.0,10.7,0.0));
#659=DIRECTION('',(0.0,-1.0,0.0));
#660=DIRECTION('',(0.0,0.0,-1.0));
#661=ORIENTED_EDGE('',*,*,#1317,.F.);
#662=ORIENTED_EDGE('',*,*,#1297,.F.);
#663=ORIENTED_EDGE('',*,*,#1223,.T.);
#664=ORIENTED_EDGE('',*,*,#1296,.T.);
#665=CARTESIAN_POINT('',(2.7,9.7,-1.0));
#666=DIRECTION('',(-3.21245088143853E-16,0.0,-1.0));
#667=DIRECTION('',(-1.0,0.0,3.21245088143853E-16));
#668=ORIENTED_EDGE('',*,*,#1318,.T.);
#669=ORIENTED_EDGE('',*,*,#1319,.T.);
#670=ORIENTED_EDGE('',*,*,#1320,.T.);
#671=ORIENTED_EDGE('',*,*,#1321,.F.);
#672=ORIENTED_EDGE('',*,*,#1284,.T.);
#673=ORIENTED_EDGE('',*,*,#1288,.T.);
#674=ORIENTED_EDGE('',*,*,#1286,.F.);
#675=ORIENTED_EDGE('',*,*,#1306,.F.);
#676=CARTESIAN_POINT('',(2.7,1.25,12.4));
#677=DIRECTION('',(0.0,1.0,7.7443012320393E-17));
#678=DIRECTION('',(0.0,7.7443012320393E-17,-1.0));
#679=ORIENTED_EDGE('',*,*,#1293,.T.);
#680=ORIENTED_EDGE('',*,*,#1322,.F.);
#681=ORIENTED_EDGE('',*,*,#1300,.F.);
#682=ORIENTED_EDGE('',*,*,#1307,.T.);
#683=CARTESIAN_POINT('',(2.7,3.5,10.35));
#684=DIRECTION('',(1.0,-0.0,0.0));
#685=DIRECTION('',(0.0,0.0,1.0));
#686=ORIENTED_EDGE('',*,*,#1292,.T.);
#687=ORIENTED_EDGE('',*,*,#1323,.F.);
#688=ORIENTED_EDGE('',*,*,#1301,.F.);
#689=ORIENTED_EDGE('',*,*,#1322,.T.);
#690=CARTESIAN_POINT('',(2.7,3.41865046978162,11.0955751162245));
#691=DIRECTION('',(0.0,-0.108466040291177,0.994100154966064));
#692=DIRECTION('',(-1.0,0.0,0.0));
#693=ORIENTED_EDGE('',*,*,#1291,.T.);
#694=ORIENTED_EDGE('',*,*,#1324,.F.);
#695=ORIENTED_EDGE('',*,*,#1302,.F.);
#696=ORIENTED_EDGE('',*,*,#1323,.T.);
#697=CARTESIAN_POINT('',(2.7,8.5,11.65));
#698=DIRECTION('',(0.0,-1.0,0.0));
#699=DIRECTION('',(0.0,0.0,-1.0));
#700=ORIENTED_EDGE('',*,*,#1290,.T.);
#701=ORIENTED_EDGE('',*,*,#1325,.F.);
#702=ORIENTED_EDGE('',*,*,#1303,.F.);
#703=ORIENTED_EDGE('',*,*,#1324,.T.);
#704=CARTESIAN_POINT('',(2.7,8.5,13.4));
#705=DIRECTION('',(0.0,0.0,-1.0));
#706=DIRECTION('',(0.0,-1.0,0.0));
#707=ORIENTED_EDGE('',*,*,#1282,.F.);
#708=ORIENTED_EDGE('',*,*,#1326,.T.);
#709=ORIENTED_EDGE('',*,*,#1327,.F.);
#710=ORIENTED_EDGE('',*,*,#1328,.F.);
#711=ORIENTED_EDGE('',*,*,#1329,.F.);
#712=ORIENTED_EDGE('',*,*,#1304,.F.);
#713=ORIENTED_EDGE('',*,*,#1325,.T.);
#714=ORIENTED_EDGE('',*,*,#1289,.T.);
#715=CARTESIAN_POINT('',(2.7,7.0,13.1));
#716=DIRECTION('',(0.0,1.0,-3.71726459137887E-15));
#717=DIRECTION('',(0.0,-3.71726459137887E-15,-1.0));
#718=ORIENTED_EDGE('',*,*,#1329,.T.);
#719=ORIENTED_EDGE('',*,*,#1330,.F.);
#720=ORIENTED_EDGE('',*,*,#1318,.F.);
#721=ORIENTED_EDGE('',*,*,#1305,.F.);
#722=CARTESIAN_POINT('',(2.7,6.3,12.4));
#723=DIRECTION('',(0.0,-6.87019198406656E-16,-1.0));
#724=DIRECTION('',(0.0,-1.0,6.87019198406656E-16));
#725=ORIENTED_EDGE('',*,*,#1331,.T.);
#726=ORIENTED_EDGE('',*,*,#1320,.F.);
#727=ORIENTED_EDGE('',*,*,#1332,.F.);
#728=ORIENTED_EDGE('',*,*,#1333,.T.);
#729=CARTESIAN_POINT('',(1.5,-3.3,11.1));
#730=DIRECTION('',(0.0,-2.56646085385812E-16,1.0));
#731=DIRECTION('',(0.0,-1.0,-2.56646085385812E-16));
#732=ORIENTED_EDGE('',*,*,#1319,.F.);
#733=ORIENTED_EDGE('',*,*,#1330,.T.);
#734=ORIENTED_EDGE('',*,*,#1328,.T.);
#735=ORIENTED_EDGE('',*,*,#1334,.T.);
#736=ORIENTED_EDGE('',*,*,#1335,.T.);
#737=ORIENTED_EDGE('',*,*,#1336,.T.);
#738=ORIENTED_EDGE('',*,*,#1337,.T.);
#739=ORIENTED_EDGE('',*,*,#1338,.T.);
#740=ORIENTED_EDGE('',*,*,#1339,.T.);
#741=ORIENTED_EDGE('',*,*,#1332,.T.);
#742=CARTESIAN_POINT('',(1.5,0.0,0.0));
#743=DIRECTION('',(1.0,0.0,0.0));
#744=DIRECTION('',(0.0,1.0,0.0));
#745=ORIENTED_EDGE('',*,*,#1281,.F.);
#746=ORIENTED_EDGE('',*,*,#1321,.T.);
#747=ORIENTED_EDGE('',*,*,#1331,.F.);
#748=ORIENTED_EDGE('',*,*,#1340,.F.);
#749=ORIENTED_EDGE('',*,*,#1341,.F.);
#750=ORIENTED_EDGE('',*,*,#1342,.F.);
#751=ORIENTED_EDGE('',*,*,#1343,.F.);
#752=ORIENTED_EDGE('',*,*,#1344,.F.);
#753=ORIENTED_EDGE('',*,*,#1345,.F.);
#754=ORIENTED_EDGE('',*,*,#1326,.F.);
#755=CARTESIAN_POINT('',(-1.5,0.0,0.0));
#756=DIRECTION('',(1.0,0.0,0.0));
#757=DIRECTION('',(0.0,1.0,0.0));
#758=ORIENTED_EDGE('',*,*,#1343,.T.);
#759=ORIENTED_EDGE('',*,*,#1346,.F.);
#760=ORIENTED_EDGE('',*,*,#1336,.F.);
#761=ORIENTED_EDGE('',*,*,#1347,.T.);
#762=CARTESIAN_POINT('',(1.5,-6.3,12.4));
#763=DIRECTION('',(0.0,1.0,-1.33440267382831E-15));
#764=DIRECTION('',(0.0,-1.33440267382831E-15,-1.0));
#765=ORIENTED_EDGE('',*,*,#1342,.T.);
#766=ORIENTED_EDGE('',*,*,#1348,.F.);
#767=ORIENTED_EDGE('',*,*,#1337,.F.);
#768=ORIENTED_EDGE('',*,*,#1346,.T.);
#769=CARTESIAN_POINT('',(1.5,-6.3,11.1));
#770=DIRECTION('',(0.0,0.707106781186548,0.707106781186548));
#771=DIRECTION('',(1.0,0.0,-0.0));
#772=ORIENTED_EDGE('',*,*,#1341,.T.);
#773=ORIENTED_EDGE('',*,*,#1349,.F.);
#774=ORIENTED_EDGE('',*,*,#1338,.F.);
#775=ORIENTED_EDGE('',*,*,#1348,.T.);
#776=CARTESIAN_POINT('',(1.5,-4.8,9.6));
#777=DIRECTION('',(0.0,0.0,1.0));
#778=DIRECTION('',(1.0,0.0,0.0));
#779=ORIENTED_EDGE('',*,*,#1340,.T.);
#780=ORIENTED_EDGE('',*,*,#1333,.F.);
#781=ORIENTED_EDGE('',*,*,#1339,.F.);
#782=ORIENTED_EDGE('',*,*,#1349,.T.);
#783=CARTESIAN_POINT('',(1.5,-3.3,9.6));
#784=DIRECTION('',(0.0,-1.0,2.89120579329468E-16));
#785=DIRECTION('',(-1.0,0.0,0.0));
#786=ORIENTED_EDGE('',*,*,#1345,.T.);
#787=ORIENTED_EDGE('',*,*,#1350,.F.);
#788=ORIENTED_EDGE('',*,*,#1334,.F.);
#789=ORIENTED_EDGE('',*,*,#1327,.T.);
#790=CARTESIAN_POINT('',(1.5,7.0,13.1));
#791=DIRECTION('',(0.0,0.0,-1.0));
#792=DIRECTION('',(0.0,-1.0,0.0));
#793=ORIENTED_EDGE('',*,*,#1344,.T.);
#794=ORIENTED_EDGE('',*,*,#1347,.F.);
#795=ORIENTED_EDGE('',*,*,#1335,.F.);
#796=ORIENTED_EDGE('',*,*,#1350,.T.);
#797=CARTESIAN_POINT('',(1.5,-5.6,13.1));
#798=DIRECTION('',(0.0,0.707106781186548,-0.707106781186548));
#799=DIRECTION('',(-1.0,0.0,0.0));
#800=ORIENTED_EDGE('',*,*,#1314,.T.);
#801=ORIENTED_EDGE('',*,*,#1351,.T.);
#802=ORIENTED_EDGE('',*,*,#1352,.T.);
#803=ORIENTED_EDGE('',*,*,#1353,.F.);
#804=CARTESIAN_POINT('',(-1.8,10.2,0.900000000000003));
#805=DIRECTION('',(-1.0,0.0,2.71050543121376E-15));
#806=DIRECTION('',(0.0,1.0,0.0));
#807=ORIENTED_EDGE('',*,*,#1313,.T.);
#808=ORIENTED_EDGE('',*,*,#1354,.T.);
#809=ORIENTED_EDGE('',*,*,#1355,.T.);
#810=ORIENTED_EDGE('',*,*,#1351,.F.);
#811=CARTESIAN_POINT('',(-1.79999999999999,10.2,4.5));
#812=DIRECTION('',(2.65027197718679E-15,0.0,1.0));
#813=DIRECTION('',(1.0,0.0,-2.65027197718679E-15));
#814=ORIENTED_EDGE('',*,*,#1316,.T.);
#815=ORIENTED_EDGE('',*,*,#1356,.T.);
#816=ORIENTED_EDGE('',*,*,#1357,.T.);
#817=ORIENTED_EDGE('',*,*,#1354,.F.);
#818=CARTESIAN_POINT('',(1.80000000000001,10.2,4.49999999999999));
#819=DIRECTION('',(1.0,0.0,-2.46957161510587E-15));
#820=DIRECTION('',(-2.46957161510587E-15,0.0,-1.0));
#821=ORIENTED_EDGE('',*,*,#1315,.T.);
#822=ORIENTED_EDGE('',*,*,#1353,.T.);
#823=ORIENTED_EDGE('',*,*,#1358,.T.);
#824=ORIENTED_EDGE('',*,*,#1356,.F.);
#825=CARTESIAN_POINT('',(1.8,10.2,0.899999999999993));
#826=DIRECTION('',(-2.71050543121376E-15,0.0,-1.0));
#827=DIRECTION('',(-1.0,0.0,2.71050543121376E-15));
#828=ORIENTED_EDGE('',*,*,#1352,.F.);
#829=ORIENTED_EDGE('',*,*,#1355,.F.);
#830=ORIENTED_EDGE('',*,*,#1357,.F.);
#831=ORIENTED_EDGE('',*,*,#1358,.F.);
#832=CARTESIAN_POINT('',(0.0,10.2,0.0));
#833=DIRECTION('',(-0.0,1.0,0.0));
#834=DIRECTION('',(1.0,0.0,0.0));
#835=ORIENTED_EDGE('',*,*,#1310,.T.);
#836=ORIENTED_EDGE('',*,*,#1359,.T.);
#837=ORIENTED_EDGE('',*,*,#1360,.T.);
#838=ORIENTED_EDGE('',*,*,#1361,.F.);
#839=CARTESIAN_POINT('',(-1.8,10.2,5.1));
#840=DIRECTION('',(-1.0,0.0,2.71050543121376E-15));
#841=DIRECTION('',(0.0,1.0,0.0));
#842=ORIENTED_EDGE('',*,*,#1309,.T.);
#843=ORIENTED_EDGE('',*,*,#1362,.T.);
#844=ORIENTED_EDGE('',*,*,#1363,.T.);
#845=ORIENTED_EDGE('',*,*,#1359,.F.);
#846=CARTESIAN_POINT('',(-1.79999999999999,10.2,8.7));
#847=DIRECTION('',(2.4093381610789E-15,0.0,1.0));
#848=DIRECTION('',(1.0,0.0,-2.4093381610789E-15));
#849=ORIENTED_EDGE('',*,*,#1312,.T.);
#850=ORIENTED_EDGE('',*,*,#1364,.T.);
#851=ORIENTED_EDGE('',*,*,#1365,.T.);
#852=ORIENTED_EDGE('',*,*,#1362,.F.);
#853=CARTESIAN_POINT('',(1.80000000000001,10.2,8.69999999999999));
#854=DIRECTION('',(1.0,0.0,-2.46957161510587E-15));
#855=DIRECTION('',(-2.46957161510587E-15,0.0,-1.0));
#856=ORIENTED_EDGE('',*,*,#1311,.T.);
#857=ORIENTED_EDGE('',*,*,#1361,.T.);
#858=ORIENTED_EDGE('',*,*,#1366,.T.);
#859=ORIENTED_EDGE('',*,*,#1364,.F.);
#860=CARTESIAN_POINT('',(1.8,10.2,5.09999999999999));
#861=DIRECTION('',(-2.65027197718679E-15,0.0,-1.0));
#862=DIRECTION('',(-1.0,0.0,2.65027197718679E-15));
#863=ORIENTED_EDGE('',*,*,#1360,.F.);
#864=ORIENTED_EDGE('',*,*,#1363,.F.);
#865=ORIENTED_EDGE('',*,*,#1365,.F.);
#866=ORIENTED_EDGE('',*,*,#1366,.F.);
#867=CARTESIAN_POINT('',(0.0,10.2,0.0));
#868=DIRECTION('',(-0.0,1.0,0.0));
#869=DIRECTION('',(1.0,0.0,0.0));
#870=ORIENTED_EDGE('',*,*,#1267,.T.);
#871=ORIENTED_EDGE('',*,*,#1367,.F.);
#872=ORIENTED_EDGE('',*,*,#1225,.F.);
#873=ORIENTED_EDGE('',*,*,#1368,.T.);
#874=CARTESIAN_POINT('',(-1.7,-8.9,4.4));
#875=DIRECTION('',(1.0,0.0,3.82659590289001E-16));
#876=DIRECTION('',(-3.82659590289001E-16,0.0,1.0));
#877=ORIENTED_EDGE('',*,*,#1270,.T.);
#878=ORIENTED_EDGE('',*,*,#1369,.F.);
#879=ORIENTED_EDGE('',*,*,#1226,.F.);
#880=ORIENTED_EDGE('',*,*,#1367,.T.);
#881=CARTESIAN_POINT('',(-1.7,-8.9,0.999999999999996));
#882=DIRECTION('',(-3.18882991907501E-16,0.0,1.0));
#883=DIRECTION('',(1.0,-0.0,3.18882991907501E-16));
#884=ORIENTED_EDGE('',*,*,#1269,.T.);
#885=ORIENTED_EDGE('',*,*,#1370,.F.);
#886=ORIENTED_EDGE('',*,*,#1227,.F.);
#887=ORIENTED_EDGE('',*,*,#1369,.T.);
#888=CARTESIAN_POINT('',(1.7,-8.9,0.999999999999997));
#889=DIRECTION('',(-1.0,0.0,-2.55106393526001E-16));
#890=DIRECTION('',(-2.55106393526001E-16,0.0,1.0));
#891=ORIENTED_EDGE('',*,*,#1268,.T.);
#892=ORIENTED_EDGE('',*,*,#1368,.F.);
#893=ORIENTED_EDGE('',*,*,#1228,.F.);
#894=ORIENTED_EDGE('',*,*,#1370,.T.);
#895=CARTESIAN_POINT('',(1.7,-8.9,4.4));
#896=DIRECTION('',(2.55106393526001E-16,0.0,-1.0));
#897=DIRECTION('',(0.0,-1.0,0.0));
#898=ORIENTED_EDGE('',*,*,#1276,.T.);
#899=ORIENTED_EDGE('',*,*,#1371,.F.);
#900=ORIENTED_EDGE('',*,*,#1245,.F.);
#901=ORIENTED_EDGE('',*,*,#1372,.T.);
#902=CARTESIAN_POINT('',(-1.7,-8.9,8.6));
#903=DIRECTION('',(1.0,0.0,1.80700362080917E-16));
#904=DIRECTION('',(-1.80700362080917E-16,0.0,1.0));
#905=ORIENTED_EDGE('',*,*,#1275,.T.);
#906=ORIENTED_EDGE('',*,*,#1373,.F.);
#907=ORIENTED_EDGE('',*,*,#1246,.F.);
#908=ORIENTED_EDGE('',*,*,#1371,.T.);
#909=CARTESIAN_POINT('',(-1.7,-8.9,6.2));
#910=DIRECTION('',(0.707106781186547,0.0,0.707106781186548));
#911=DIRECTION('',(0.0,-1.0,0.0));
#912=ORIENTED_EDGE('',*,*,#1280,.T.);
#913=ORIENTED_EDGE('',*,*,#1374,.F.);
#914=ORIENTED_EDGE('',*,*,#1247,.F.);
#915=ORIENTED_EDGE('',*,*,#1373,.T.);
#916=CARTESIAN_POINT('',(-0.7,-8.9,5.2));
#917=DIRECTION('',(0.0,0.0,1.0));
#918=DIRECTION('',(1.0,0.0,0.0));
#919=ORIENTED_EDGE('',*,*,#1279,.T.);
#920=ORIENTED_EDGE('',*,*,#1375,.F.);
#921=ORIENTED_EDGE('',*,*,#1248,.F.);
#922=ORIENTED_EDGE('',*,*,#1374,.T.);
#923=CARTESIAN_POINT('',(0.700000000000003,-8.9,5.2));
#924=DIRECTION('',(-0.707106781186548,0.0,0.707106781186547));
#925=DIRECTION('',(0.0,1.0,0.0));
#926=ORIENTED_EDGE('',*,*,#1278,.T.);
#927=ORIENTED_EDGE('',*,*,#1376,.F.);
#928=ORIENTED_EDGE('',*,*,#1249,.F.);
#929=ORIENTED_EDGE('',*,*,#1375,.T.);
#930=CARTESIAN_POINT('',(1.7,-8.9,6.2));
#931=DIRECTION('',(-1.0,0.0,0.0));
#932=DIRECTION('',(0.0,0.0,1.0));
#933=ORIENTED_EDGE('',*,*,#1277,.T.);
#934=ORIENTED_EDGE('',*,*,#1372,.F.);
#935=ORIENTED_EDGE('',*,*,#1250,.F.);
#936=ORIENTED_EDGE('',*,*,#1376,.T.);
#937=CARTESIAN_POINT('',(1.7,-8.9,8.6));
#938=DIRECTION('',(0.0,0.0,-1.0));
#939=DIRECTION('',(0.0,-1.0,0.0));
#940=ORIENTED_EDGE('',*,*,#1377,.T.);
#941=ORIENTED_EDGE('',*,*,#1378,.T.);
#942=ORIENTED_EDGE('',*,*,#1252,.T.);
#943=ORIENTED_EDGE('',*,*,#1379,.F.);
#944=CARTESIAN_POINT('',(-1.3,-8.9,7.65));
#945=DIRECTION('',(1.0,0.0,0.0));
#946=DIRECTION('',(0.0,1.0,0.0));
#947=ORIENTED_EDGE('',*,*,#1380,.T.);
#948=ORIENTED_EDGE('',*,*,#1379,.T.);
#949=ORIENTED_EDGE('',*,*,#1251,.T.);
#950=ORIENTED_EDGE('',*,*,#1381,.F.);
#951=CARTESIAN_POINT('',(-1.3,-8.9,6.55));
#952=DIRECTION('',(0.0,0.0,1.0));
#953=DIRECTION('',(1.0,0.0,0.0));
#954=ORIENTED_EDGE('',*,*,#1382,.T.);
#955=ORIENTED_EDGE('',*,*,#1381,.T.);
#956=ORIENTED_EDGE('',*,*,#1266,.T.);
#957=ORIENTED_EDGE('',*,*,#1383,.F.);
#958=CARTESIAN_POINT('',(-1.085,-8.9,6.55));
#959=DIRECTION('',(1.0,0.0,0.0));
#960=DIRECTION('',(0.0,1.0,0.0));
#961=ORIENTED_EDGE('',*,*,#1384,.T.);
#962=ORIENTED_EDGE('',*,*,#1383,.T.);
#963=ORIENTED_EDGE('',*,*,#1265,.T.);
#964=ORIENTED_EDGE('',*,*,#1385,.F.);
#965=CARTESIAN_POINT('',(-1.085,-8.9,6.0));
#966=DIRECTION('',(0.0,0.0,1.0));
#967=DIRECTION('',(1.0,0.0,0.0));
#968=ORIENTED_EDGE('',*,*,#1386,.T.);
#969=ORIENTED_EDGE('',*,*,#1385,.T.);
#970=ORIENTED_EDGE('',*,*,#1264,.T.);
#971=ORIENTED_EDGE('',*,*,#1387,.F.);
#972=CARTESIAN_POINT('',(-0.649999999999999,-8.9,6.0));
#973=DIRECTION('',(0.707106781186548,0.0,0.707106781186547));
#974=DIRECTION('',(0.0,-1.0,0.0));
#975=ORIENTED_EDGE('',*,*,#1388,.T.);
#976=ORIENTED_EDGE('',*,*,#1387,.T.);
#977=ORIENTED_EDGE('',*,*,#1263,.T.);
#978=ORIENTED_EDGE('',*,*,#1389,.F.);
#979=CARTESIAN_POINT('',(-0.399999999999999,-8.9,5.75));
#980=DIRECTION('',(0.0,0.0,1.0));
#981=DIRECTION('',(1.0,0.0,0.0));
#982=ORIENTED_EDGE('',*,*,#1390,.T.);
#983=ORIENTED_EDGE('',*,*,#1389,.T.);
#984=ORIENTED_EDGE('',*,*,#1262,.T.);
#985=ORIENTED_EDGE('',*,*,#1391,.F.);
#986=CARTESIAN_POINT('',(0.400000000000001,-8.9,5.75));
#987=DIRECTION('',(-0.707106781186548,0.0,0.707106781186547));
#988=DIRECTION('',(0.0,1.0,0.0));
#989=ORIENTED_EDGE('',*,*,#1392,.T.);
#990=ORIENTED_EDGE('',*,*,#1391,.T.);
#991=ORIENTED_EDGE('',*,*,#1261,.T.);
#992=ORIENTED_EDGE('',*,*,#1393,.F.);
#993=CARTESIAN_POINT('',(0.650000000000001,-8.9,6.0));
#994=DIRECTION('',(0.0,0.0,1.0));
#995=DIRECTION('',(1.0,0.0,0.0));
#996=ORIENTED_EDGE('',*,*,#1394,.T.);
#997=ORIENTED_EDGE('',*,*,#1393,.T.);
#998=ORIENTED_EDGE('',*,*,#1260,.T.);
#999=ORIENTED_EDGE('',*,*,#1395,.F.);
#1000=CARTESIAN_POINT('',(1.085,-8.9,6.0));
#1001=DIRECTION('',(-1.0,0.0,0.0));
#1002=DIRECTION('',(0.0,0.0,1.0));
#1003=ORIENTED_EDGE('',*,*,#1396,.T.);
#1004=ORIENTED_EDGE('',*,*,#1395,.T.);
#1005=ORIENTED_EDGE('',*,*,#1259,.T.);
#1006=ORIENTED_EDGE('',*,*,#1397,.F.);
#1007=CARTESIAN_POINT('',(1.085,-8.9,6.55));
#1008=DIRECTION('',(0.0,0.0,1.0));
#1009=DIRECTION('',(1.0,0.0,0.0));
#1010=ORIENTED_EDGE('',*,*,#1398,.T.);
#1011=ORIENTED_EDGE('',*,*,#1397,.T.);
#1012=ORIENTED_EDGE('',*,*,#1258,.T.);
#1013=ORIENTED_EDGE('',*,*,#1399,.F.);
#1014=CARTESIAN_POINT('',(1.3,-8.9,6.55));
#1015=DIRECTION('',(-1.0,0.0,0.0));
#1016=DIRECTION('',(0.0,0.0,1.0));
#1017=ORIENTED_EDGE('',*,*,#1400,.T.);
#1018=ORIENTED_EDGE('',*,*,#1399,.T.);
#1019=ORIENTED_EDGE('',*,*,#1257,.T.);
#1020=ORIENTED_EDGE('',*,*,#1401,.F.);
#1021=CARTESIAN_POINT('',(1.3,-8.9,7.65));
#1022=DIRECTION('',(0.0,0.0,-1.0));
#1023=DIRECTION('',(0.0,-1.0,0.0));
#1024=ORIENTED_EDGE('',*,*,#1402,.T.);
#1025=ORIENTED_EDGE('',*,*,#1401,.T.);
#1026=ORIENTED_EDGE('',*,*,#1256,.T.);
#1027=ORIENTED_EDGE('',*,*,#1403,.F.);
#1028=CARTESIAN_POINT('',(1.085,-8.9,7.65));
#1029=DIRECTION('',(-1.0,0.0,0.0));
#1030=DIRECTION('',(0.0,0.0,1.0));
#1031=ORIENTED_EDGE('',*,*,#1404,.T.);
#1032=ORIENTED_EDGE('',*,*,#1403,.T.);
#1033=ORIENTED_EDGE('',*,*,#1255,.T.);
#1034=ORIENTED_EDGE('',*,*,#1405,.F.);
#1035=CARTESIAN_POINT('',(1.085,-8.9,8.0));
#1036=DIRECTION('',(0.0,0.0,-1.0));
#1037=DIRECTION('',(0.0,-1.0,0.0));
#1038=ORIENTED_EDGE('',*,*,#1406,.T.);
#1039=ORIENTED_EDGE('',*,*,#1405,.T.);
#1040=ORIENTED_EDGE('',*,*,#1254,.T.);
#1041=ORIENTED_EDGE('',*,*,#1407,.F.);
#1042=CARTESIAN_POINT('',(-1.085,-8.9,8.0));
#1043=DIRECTION('',(1.0,0.0,0.0));
#1044=DIRECTION('',(0.0,1.0,0.0));
#1045=ORIENTED_EDGE('',*,*,#1408,.T.);
#1046=ORIENTED_EDGE('',*,*,#1407,.T.);
#1047=ORIENTED_EDGE('',*,*,#1253,.T.);
#1048=ORIENTED_EDGE('',*,*,#1378,.F.);
#1049=CARTESIAN_POINT('',(-1.085,-8.9,7.65));
#1050=DIRECTION('',(0.0,0.0,-1.0));
#1051=DIRECTION('',(0.0,-1.0,0.0));
#1052=ORIENTED_EDGE('',*,*,#1377,.F.);
#1053=ORIENTED_EDGE('',*,*,#1380,.F.);
#1054=ORIENTED_EDGE('',*,*,#1382,.F.);
#1055=ORIENTED_EDGE('',*,*,#1384,.F.);
#1056=ORIENTED_EDGE('',*,*,#1386,.F.);
#1057=ORIENTED_EDGE('',*,*,#1388,.F.);
#1058=ORIENTED_EDGE('',*,*,#1390,.F.);
#1059=ORIENTED_EDGE('',*,*,#1392,.F.);
#1060=ORIENTED_EDGE('',*,*,#1394,.F.);
#1061=ORIENTED_EDGE('',*,*,#1396,.F.);
#1062=ORIENTED_EDGE('',*,*,#1398,.F.);
#1063=ORIENTED_EDGE('',*,*,#1400,.F.);
#1064=ORIENTED_EDGE('',*,*,#1402,.F.);
#1065=ORIENTED_EDGE('',*,*,#1404,.F.);
#1066=ORIENTED_EDGE('',*,*,#1406,.F.);
#1067=ORIENTED_EDGE('',*,*,#1408,.F.);
#1068=CARTESIAN_POINT('',(0.0,-8.4,0.0));
#1069=DIRECTION('',(0.0,-1.0,0.0));
#1070=DIRECTION('',(0.0,0.0,-1.0));
#1071=ORIENTED_EDGE('',*,*,#1409,.T.);
#1072=ORIENTED_EDGE('',*,*,#1410,.T.);
#1073=ORIENTED_EDGE('',*,*,#1230,.T.);
#1074=ORIENTED_EDGE('',*,*,#1411,.F.);
#1075=CARTESIAN_POINT('',(-1.3,-8.9,3.44999999999999));
#1076=DIRECTION('',(1.0,0.0,0.0));
#1077=DIRECTION('',(0.0,1.0,0.0));
#1078=ORIENTED_EDGE('',*,*,#1412,.T.);
#1079=ORIENTED_EDGE('',*,*,#1411,.T.);
#1080=ORIENTED_EDGE('',*,*,#1229,.T.);
#1081=ORIENTED_EDGE('',*,*,#1413,.F.);
#1082=CARTESIAN_POINT('',(-1.3,-8.9,2.35));
#1083=DIRECTION('',(0.0,0.0,1.0));
#1084=DIRECTION('',(1.0,0.0,0.0));
#1085=ORIENTED_EDGE('',*,*,#1414,.T.);
#1086=ORIENTED_EDGE('',*,*,#1413,.T.);
#1087=ORIENTED_EDGE('',*,*,#1244,.T.);
#1088=ORIENTED_EDGE('',*,*,#1415,.F.);
#1089=CARTESIAN_POINT('',(-1.085,-8.9,2.35));
#1090=DIRECTION('',(1.0,0.0,0.0));
#1091=DIRECTION('',(0.0,1.0,0.0));
#1092=ORIENTED_EDGE('',*,*,#1416,.T.);
#1093=ORIENTED_EDGE('',*,*,#1415,.T.);
#1094=ORIENTED_EDGE('',*,*,#1243,.T.);
#1095=ORIENTED_EDGE('',*,*,#1417,.F.);
#1096=CARTESIAN_POINT('',(-1.085,-8.9,1.79999999999999));
#1097=DIRECTION('',(0.0,0.0,1.0));
#1098=DIRECTION('',(1.0,0.0,0.0));
#1099=ORIENTED_EDGE('',*,*,#1418,.T.);
#1100=ORIENTED_EDGE('',*,*,#1417,.T.);
#1101=ORIENTED_EDGE('',*,*,#1242,.T.);
#1102=ORIENTED_EDGE('',*,*,#1419,.F.);
#1103=CARTESIAN_POINT('',(-0.649999999999999,-8.9,1.79999999999999));
#1104=DIRECTION('',(0.707106781186548,0.0,0.707106781186547));
#1105=DIRECTION('',(0.0,-1.0,0.0));
#1106=ORIENTED_EDGE('',*,*,#1420,.T.);
#1107=ORIENTED_EDGE('',*,*,#1419,.T.);
#1108=ORIENTED_EDGE('',*,*,#1241,.T.);
#1109=ORIENTED_EDGE('',*,*,#1421,.F.);
#1110=CARTESIAN_POINT('',(-0.399999999999999,-8.9,1.54999999999999));
#1111=DIRECTION('',(0.0,0.0,1.0));
#1112=DIRECTION('',(1.0,0.0,0.0));
#1113=ORIENTED_EDGE('',*,*,#1422,.T.);
#1114=ORIENTED_EDGE('',*,*,#1421,.T.);
#1115=ORIENTED_EDGE('',*,*,#1240,.T.);
#1116=ORIENTED_EDGE('',*,*,#1423,.F.);
#1117=CARTESIAN_POINT('',(0.400000000000001,-8.9,1.54999999999999));
#1118=DIRECTION('',(-0.707106781186548,0.0,0.707106781186548));
#1119=DIRECTION('',(0.0,1.0,0.0));
#1120=ORIENTED_EDGE('',*,*,#1424,.T.);
#1121=ORIENTED_EDGE('',*,*,#1423,.T.);
#1122=ORIENTED_EDGE('',*,*,#1239,.T.);
#1123=ORIENTED_EDGE('',*,*,#1425,.F.);
#1124=CARTESIAN_POINT('',(0.650000000000001,-8.9,1.79999999999999));
#1125=DIRECTION('',(0.0,0.0,1.0));
#1126=DIRECTION('',(1.0,0.0,0.0));
#1127=ORIENTED_EDGE('',*,*,#1426,.T.);
#1128=ORIENTED_EDGE('',*,*,#1425,.T.);
#1129=ORIENTED_EDGE('',*,*,#1238,.T.);
#1130=ORIENTED_EDGE('',*,*,#1427,.F.);
#1131=CARTESIAN_POINT('',(1.085,-8.9,1.79999999999999));
#1132=DIRECTION('',(-1.0,0.0,0.0));
#1133=DIRECTION('',(0.0,0.0,1.0));
#1134=ORIENTED_EDGE('',*,*,#1428,.T.);
#1135=ORIENTED_EDGE('',*,*,#1427,.T.);
#1136=ORIENTED_EDGE('',*,*,#1237,.T.);
#1137=ORIENTED_EDGE('',*,*,#1429,.F.);
#1138=CARTESIAN_POINT('',(1.085,-8.9,2.35));
#1139=DIRECTION('',(0.0,0.0,1.0));
#1140=DIRECTION('',(1.0,0.0,0.0));
#1141=ORIENTED_EDGE('',*,*,#1430,.T.);
#1142=ORIENTED_EDGE('',*,*,#1429,.T.);
#1143=ORIENTED_EDGE('',*,*,#1236,.T.);
#1144=ORIENTED_EDGE('',*,*,#1431,.F.);
#1145=CARTESIAN_POINT('',(1.3,-8.9,2.35));
#1146=DIRECTION('',(-1.0,0.0,0.0));
#1147=DIRECTION('',(0.0,0.0,1.0));
#1148=ORIENTED_EDGE('',*,*,#1432,.T.);
#1149=ORIENTED_EDGE('',*,*,#1431,.T.);
#1150=ORIENTED_EDGE('',*,*,#1235,.T.);
#1151=ORIENTED_EDGE('',*,*,#1433,.F.);
#1152=CARTESIAN_POINT('',(1.3,-8.9,3.44999999999999));
#1153=DIRECTION('',(0.0,0.0,-1.0));
#1154=DIRECTION('',(0.0,-1.0,0.0));
#1155=ORIENTED_EDGE('',*,*,#1434,.T.);
#1156=ORIENTED_EDGE('',*,*,#1433,.T.);
#1157=ORIENTED_EDGE('',*,*,#1234,.T.);
#1158=ORIENTED_EDGE('',*,*,#1435,.F.);
#1159=CARTESIAN_POINT('',(1.085,-8.9,3.44999999999999));
#1160=DIRECTION('',(-1.0,0.0,0.0));
#1161=DIRECTION('',(0.0,0.0,1.0));
#1162=ORIENTED_EDGE('',*,*,#1436,.T.);
#1163=ORIENTED_EDGE('',*,*,#1435,.T.);
#1164=ORIENTED_EDGE('',*,*,#1233,.T.);
#1165=ORIENTED_EDGE('',*,*,#1437,.F.);
#1166=CARTESIAN_POINT('',(1.085,-8.9,3.79999999999999));
#1167=DIRECTION('',(0.0,0.0,-1.0));
#1168=DIRECTION('',(0.0,-1.0,0.0));
#1169=ORIENTED_EDGE('',*,*,#1438,.T.);
#1170=ORIENTED_EDGE('',*,*,#1437,.T.);
#1171=ORIENTED_EDGE('',*,*,#1232,.T.);
#1172=ORIENTED_EDGE('',*,*,#1439,.F.);
#1173=CARTESIAN_POINT('',(-1.085,-8.9,3.79999999999999));
#1174=DIRECTION('',(1.0,0.0,0.0));
#1175=DIRECTION('',(0.0,1.0,0.0));
#1176=ORIENTED_EDGE('',*,*,#1440,.T.);
#1177=ORIENTED_EDGE('',*,*,#1439,.T.);
#1178=ORIENTED_EDGE('',*,*,#1231,.T.);
#1179=ORIENTED_EDGE('',*,*,#1410,.F.);
#1180=CARTESIAN_POINT('',(-1.085,-8.9,3.44999999999999));
#1181=DIRECTION('',(0.0,0.0,-1.0));
#1182=DIRECTION('',(0.0,-1.0,0.0));
#1183=ORIENTED_EDGE('',*,*,#1409,.F.);
#1184=ORIENTED_EDGE('',*,*,#1412,.F.);
#1185=ORIENTED_EDGE('',*,*,#1414,.F.);
#1186=ORIENTED_EDGE('',*,*,#1416,.F.);
#1187=ORIENTED_EDGE('',*,*,#1418,.F.);
#1188=ORIENTED_EDGE('',*,*,#1420,.F.);
#1189=ORIENTED_EDGE('',*,*,#1422,.F.);
#1190=ORIENTED_EDGE('',*,*,#1424,.F.);
#1191=ORIENTED_EDGE('',*,*,#1426,.F.);
#1192=ORIENTED_EDGE('',*,*,#1428,.F.);
#1193=ORIENTED_EDGE('',*,*,#1430,.F.);
#1194=ORIENTED_EDGE('',*,*,#1432,.F.);
#1195=ORIENTED_EDGE('',*,*,#1434,.F.);
#1196=ORIENTED_EDGE('',*,*,#1436,.F.);
#1197=ORIENTED_EDGE('',*,*,#1438,.F.);
#1198=ORIENTED_EDGE('',*,*,#1440,.F.);
#1199=CARTESIAN_POINT('',(0.0,-8.4,0.0));
#1200=DIRECTION('',(0.0,-1.0,0.0));
#1201=DIRECTION('',(0.0,0.0,-1.0));
#1202=ORIENTED_EDGE('',*,*,#1210,.T.);
#1203=ORIENTED_EDGE('',*,*,#1272,.F.);
#1204=ORIENTED_EDGE('',*,*,#1218,.F.);
#1205=ORIENTED_EDGE('',*,*,#1221,.T.);
#1206=CARTESIAN_POINT('',(8.94466792300541E-16,96.03,0.0699999999999994));
#1207=DIRECTION('',(0.0,1.0,0.0));
#1208=DIRECTION('',(0.0,0.0,-1.0));
#1209=COLOUR_RGB('',0.596063196659088,0.666666686534882,0.686259269714355);
#1210=EDGE_CURVE('',#1441,#1442,#1443,.T.);
#1211=EDGE_CURVE('',#1441,#1444,#1445,.T.);
#1212=EDGE_CURVE('',#1446,#1444,#1447,.T.);
#1213=EDGE_CURVE('',#1442,#1446,#1448,.T.);
#1214=EDGE_CURVE('',#1446,#1449,#1450,.T.);
#1215=EDGE_CURVE('',#1444,#1451,#1452,.T.);
#1216=EDGE_CURVE('',#1451,#1449,#1453,.T.);
#1217=EDGE_CURVE('',#1454,#1455,#1456,.T.);
#1218=EDGE_CURVE('',#1455,#1457,#1458,.T.);
#1219=EDGE_CURVE('',#1459,#1457,#1460,.T.);
#1220=EDGE_CURVE('',#1454,#1459,#1461,.T.);
#1221=EDGE_CURVE('',#1455,#1441,#1462,.T.);
#1222=EDGE_CURVE('',#1463,#1454,#1464,.T.);
#1223=EDGE_CURVE('',#1465,#1463,#1466,.T.);
#1224=EDGE_CURVE('',#1451,#1465,#1467,.T.);
#1225=EDGE_CURVE('',#1468,#1469,#1470,.T.);
#1226=EDGE_CURVE('',#1469,#1471,#1472,.T.);
#1227=EDGE_CURVE('',#1471,#1473,#1474,.T.);
#1228=EDGE_CURVE('',#1473,#1468,#1475,.T.);
#1229=EDGE_CURVE('',#1476,#1477,#1478,.T.);
#1230=EDGE_CURVE('',#1479,#1476,#1480,.T.);
#1231=EDGE_CURVE('',#1481,#1479,#1482,.T.);
#1232=EDGE_CURVE('',#1483,#1481,#1484,.T.);
#1233=EDGE_CURVE('',#1485,#1483,#1486,.T.);
#1234=EDGE_CURVE('',#1487,#1485,#1488,.T.);
#1235=EDGE_CURVE('',#1489,#1487,#1490,.T.);
#1236=EDGE_CURVE('',#1491,#1489,#1492,.T.);
#1237=EDGE_CURVE('',#1493,#1491,#1494,.T.);
#1238=EDGE_CURVE('',#1495,#1493,#1496,.T.);
#1239=EDGE_CURVE('',#1497,#1495,#1498,.T.);
#1240=EDGE_CURVE('',#1499,#1497,#1500,.T.);
#1241=EDGE_CURVE('',#1501,#1499,#1502,.T.);
#1242=EDGE_CURVE('',#1503,#1501,#1504,.T.);
#1243=EDGE_CURVE('',#1505,#1503,#1506,.T.);
#1244=EDGE_CURVE('',#1477,#1505,#1507,.T.);
#1245=EDGE_CURVE('',#1508,#1509,#1510,.T.);
#1246=EDGE_CURVE('',#1509,#1511,#1512,.T.);
#1247=EDGE_CURVE('',#1511,#1513,#1514,.T.);
#1248=EDGE_CURVE('',#1513,#1515,#1516,.T.);
#1249=EDGE_CURVE('',#1515,#1517,#1518,.T.);
#1250=EDGE_CURVE('',#1517,#1508,#1519,.T.);
#1251=EDGE_CURVE('',#1520,#1521,#1522,.T.);
#1252=EDGE_CURVE('',#1523,#1520,#1524,.T.);
#1253=EDGE_CURVE('',#1525,#1523,#1526,.T.);
#1254=EDGE_CURVE('',#1527,#1525,#1528,.T.);
#1255=EDGE_CURVE('',#1529,#1527,#1530,.T.);
#1256=EDGE_CURVE('',#1531,#1529,#1532,.T.);
#1257=EDGE_CURVE('',#1533,#1531,#1534,.T.);
#1258=EDGE_CURVE('',#1535,#1533,#1536,.T.);
#1259=EDGE_CURVE('',#1537,#1535,#1538,.T.);
#1260=EDGE_CURVE('',#1539,#1537,#1540,.T.);
#1261=EDGE_CURVE('',#1541,#1539,#1542,.T.);
#1262=EDGE_CURVE('',#1543,#1541,#1544,.T.);
#1263=EDGE_CURVE('',#1545,#1543,#1546,.T.);
#1264=EDGE_CURVE('',#1547,#1545,#1548,.T.);
#1265=EDGE_CURVE('',#1549,#1547,#1550,.T.);
#1266=EDGE_CURVE('',#1521,#1549,#1551,.T.);
#1267=EDGE_CURVE('',#1552,#1553,#1554,.T.);
#1268=EDGE_CURVE('',#1555,#1552,#1556,.T.);
#1269=EDGE_CURVE('',#1557,#1555,#1558,.T.);
#1270=EDGE_CURVE('',#1553,#1557,#1559,.T.);
#1271=EDGE_CURVE('',#1560,#1459,#1561,.T.);
#1272=EDGE_CURVE('',#1457,#1442,#1562,.T.);
#1273=EDGE_CURVE('',#1449,#1563,#1564,.T.);
#1274=EDGE_CURVE('',#1563,#1560,#1565,.T.);
#1275=EDGE_CURVE('',#1566,#1567,#1568,.T.);
#1276=EDGE_CURVE('',#1569,#1566,#1570,.T.);
#1277=EDGE_CURVE('',#1571,#1569,#1572,.T.);
#1278=EDGE_CURVE('',#1573,#1571,#1574,.T.);
#1279=EDGE_CURVE('',#1575,#1573,#1576,.T.);
#1280=EDGE_CURVE('',#1567,#1575,#1577,.T.);
#1281=EDGE_CURVE('',#1578,#1579,#1580,.T.);
#1282=EDGE_CURVE('',#1579,#1581,#1582,.T.);
#1283=EDGE_CURVE('',#1581,#1583,#1584,.T.);
#1284=EDGE_CURVE('',#1578,#1583,#1585,.T.);
#1285=EDGE_CURVE('',#1586,#1563,#1587,.T.);
#1286=EDGE_CURVE('',#1586,#1588,#1589,.T.);
#1287=EDGE_CURVE('',#1588,#1560,#1590,.T.);
#1288=EDGE_CURVE('',#1583,#1588,#1591,.T.);
#1289=EDGE_CURVE('',#1592,#1581,#1593,.T.);
#1290=EDGE_CURVE('',#1594,#1592,#1595,.T.);
#1291=EDGE_CURVE('',#1596,#1594,#1597,.T.);
#1292=EDGE_CURVE('',#1598,#1596,#1599,.T.);
#1293=EDGE_CURVE('',#1600,#1598,#1601,.T.);
#1294=EDGE_CURVE('',#1602,#1600,#1603,.T.);
#1295=EDGE_CURVE('',#1602,#1604,#1605,.T.);
#1296=EDGE_CURVE('',#1463,#1604,#1606,.T.);
#1297=EDGE_CURVE('',#1465,#1607,#1608,.T.);
#1298=EDGE_CURVE('',#1607,#1609,#1610,.T.);
#1299=EDGE_CURVE('',#1609,#1611,#1612,.T.);
#1300=EDGE_CURVE('',#1611,#1613,#1614,.T.);
#1301=EDGE_CURVE('',#1613,#1615,#1616,.T.);
#1302=EDGE_CURVE('',#1615,#1617,#1618,.T.);
#1303=EDGE_CURVE('',#1617,#1619,#1620,.T.);
#1304=EDGE_CURVE('',#1619,#1621,#1622,.T.);
#1305=EDGE_CURVE('',#1621,#1623,#1624,.T.);
#1306=EDGE_CURVE('',#1623,#1586,#1625,.T.);
#1307=EDGE_CURVE('',#1611,#1600,#1626,.T.);
#1308=EDGE_CURVE('',#1609,#1602,#1627,.T.);
#1309=EDGE_CURVE('',#1628,#1629,#1630,.T.);
#1310=EDGE_CURVE('',#1631,#1628,#1632,.T.);
#1311=EDGE_CURVE('',#1633,#1631,#1634,.T.);
#1312=EDGE_CURVE('',#1629,#1633,#1635,.T.);
#1313=EDGE_CURVE('',#1636,#1637,#1638,.T.);
#1314=EDGE_CURVE('',#1639,#1636,#1640,.T.);
#1315=EDGE_CURVE('',#1641,#1639,#1642,.T.);
#1316=EDGE_CURVE('',#1637,#1641,#1643,.T.);
#1317=EDGE_CURVE('',#1607,#1604,#1644,.T.);
#1318=EDGE_CURVE('',#1623,#1645,#1646,.T.);
#1319=EDGE_CURVE('',#1645,#1647,#1648,.T.);
#1320=EDGE_CURVE('',#1647,#1649,#1650,.T.);
#1321=EDGE_CURVE('',#1578,#1649,#1651,.T.);
#1322=EDGE_CURVE('',#1613,#1598,#1652,.T.);
#1323=EDGE_CURVE('',#1615,#1596,#1653,.T.);
#1324=EDGE_CURVE('',#1617,#1594,#1654,.T.);
#1325=EDGE_CURVE('',#1619,#1592,#1655,.T.);
#1326=EDGE_CURVE('',#1579,#1656,#1657,.T.);
#1327=EDGE_CURVE('',#1658,#1656,#1659,.T.);
#1328=EDGE_CURVE('',#1660,#1658,#1661,.T.);
#1329=EDGE_CURVE('',#1621,#1660,#1662,.T.);
#1330=EDGE_CURVE('',#1645,#1660,#1663,.T.);
#1331=EDGE_CURVE('',#1664,#1649,#1665,.T.);
#1332=EDGE_CURVE('',#1666,#1647,#1667,.T.);
#1333=EDGE_CURVE('',#1666,#1664,#1668,.T.);
#1334=EDGE_CURVE('',#1658,#1669,#1670,.T.);
#1335=EDGE_CURVE('',#1669,#1671,#1672,.T.);
#1336=EDGE_CURVE('',#1671,#1673,#1674,.T.);
#1337=EDGE_CURVE('',#1673,#1675,#1676,.T.);
#1338=EDGE_CURVE('',#1675,#1677,#1678,.T.);
#1339=EDGE_CURVE('',#1677,#1666,#1679,.T.);
#1340=EDGE_CURVE('',#1680,#1664,#1681,.T.);
#1341=EDGE_CURVE('',#1682,#1680,#1683,.T.);
#1342=EDGE_CURVE('',#1684,#1682,#1685,.T.);
#1343=EDGE_CURVE('',#1686,#1684,#1687,.T.);
#1344=EDGE_CURVE('',#1688,#1686,#1689,.T.);
#1345=EDGE_CURVE('',#1656,#1688,#1690,.T.);
#1346=EDGE_CURVE('',#1673,#1684,#1691,.T.);
#1347=EDGE_CURVE('',#1671,#1686,#1692,.T.);
#1348=EDGE_CURVE('',#1675,#1682,#1693,.T.);
#1349=EDGE_CURVE('',#1677,#1680,#1694,.T.);
#1350=EDGE_CURVE('',#1669,#1688,#1695,.T.);
#1351=EDGE_CURVE('',#1636,#1696,#1697,.T.);
#1352=EDGE_CURVE('',#1696,#1698,#1699,.T.);
#1353=EDGE_CURVE('',#1639,#1698,#1700,.T.);
#1354=EDGE_CURVE('',#1637,#1701,#1702,.T.);
#1355=EDGE_CURVE('',#1701,#1696,#1703,.T.);
#1356=EDGE_CURVE('',#1641,#1704,#1705,.T.);
#1357=EDGE_CURVE('',#1704,#1701,#1706,.T.);
#1358=EDGE_CURVE('',#1698,#1704,#1707,.T.);
#1359=EDGE_CURVE('',#1628,#1708,#1709,.T.);
#1360=EDGE_CURVE('',#1708,#1710,#1711,.T.);
#1361=EDGE_CURVE('',#1631,#1710,#1712,.T.);
#1362=EDGE_CURVE('',#1629,#1713,#1714,.T.);
#1363=EDGE_CURVE('',#1713,#1708,#1715,.T.);
#1364=EDGE_CURVE('',#1633,#1716,#1717,.T.);
#1365=EDGE_CURVE('',#1716,#1713,#1718,.T.);
#1366=EDGE_CURVE('',#1710,#1716,#1719,.T.);
#1367=EDGE_CURVE('',#1469,#1553,#1720,.T.);
#1368=EDGE_CURVE('',#1468,#1552,#1721,.T.);
#1369=EDGE_CURVE('',#1471,#1557,#1722,.T.);
#1370=EDGE_CURVE('',#1473,#1555,#1723,.T.);
#1371=EDGE_CURVE('',#1509,#1566,#1724,.T.);
#1372=EDGE_CURVE('',#1508,#1569,#1725,.T.);
#1373=EDGE_CURVE('',#1511,#1567,#1726,.T.);
#1374=EDGE_CURVE('',#1513,#1575,#1727,.T.);
#1375=EDGE_CURVE('',#1515,#1573,#1728,.T.);
#1376=EDGE_CURVE('',#1517,#1571,#1729,.T.);
#1377=EDGE_CURVE('',#1730,#1731,#1732,.T.);
#1378=EDGE_CURVE('',#1731,#1523,#1733,.T.);
#1379=EDGE_CURVE('',#1730,#1520,#1734,.T.);
#1380=EDGE_CURVE('',#1735,#1730,#1736,.T.);
#1381=EDGE_CURVE('',#1735,#1521,#1737,.T.);
#1382=EDGE_CURVE('',#1738,#1735,#1739,.T.);
#1383=EDGE_CURVE('',#1738,#1549,#1740,.T.);
#1384=EDGE_CURVE('',#1741,#1738,#1742,.T.);
#1385=EDGE_CURVE('',#1741,#1547,#1743,.T.);
#1386=EDGE_CURVE('',#1744,#1741,#1745,.T.);
#1387=EDGE_CURVE('',#1744,#1545,#1746,.T.);
#1388=EDGE_CURVE('',#1747,#1744,#1748,.T.);
#1389=EDGE_CURVE('',#1747,#1543,#1749,.T.);
#1390=EDGE_CURVE('',#1750,#1747,#1751,.T.);
#1391=EDGE_CURVE('',#1750,#1541,#1752,.T.);
#1392=EDGE_CURVE('',#1753,#1750,#1754,.T.);
#1393=EDGE_CURVE('',#1753,#1539,#1755,.T.);
#1394=EDGE_CURVE('',#1756,#1753,#1757,.T.);
#1395=EDGE_CURVE('',#1756,#1537,#1758,.T.);
#1396=EDGE_CURVE('',#1759,#1756,#1760,.T.);
#1397=EDGE_CURVE('',#1759,#1535,#1761,.T.);
#1398=EDGE_CURVE('',#1762,#1759,#1763,.T.);
#1399=EDGE_CURVE('',#1762,#1533,#1764,.T.);
#1400=EDGE_CURVE('',#1765,#1762,#1766,.T.);
#1401=EDGE_CURVE('',#1765,#1531,#1767,.T.);
#1402=EDGE_CURVE('',#1768,#1765,#1769,.T.);
#1403=EDGE_CURVE('',#1768,#1529,#1770,.T.);
#1404=EDGE_CURVE('',#1771,#1768,#1772,.T.);
#1405=EDGE_CURVE('',#1771,#1527,#1773,.T.);
#1406=EDGE_CURVE('',#1774,#1771,#1775,.T.);
#1407=EDGE_CURVE('',#1774,#1525,#1776,.T.);
#1408=EDGE_CURVE('',#1731,#1774,#1777,.T.);
#1409=EDGE_CURVE('',#1778,#1779,#1780,.T.);
#1410=EDGE_CURVE('',#1779,#1479,#1781,.T.);
#1411=EDGE_CURVE('',#1778,#1476,#1782,.T.);
#1412=EDGE_CURVE('',#1783,#1778,#1784,.T.);
#1413=EDGE_CURVE('',#1783,#1477,#1785,.T.);
#1414=EDGE_CURVE('',#1786,#1783,#1787,.T.);
#1415=EDGE_CURVE('',#1786,#1505,#1788,.T.);
#1416=EDGE_CURVE('',#1789,#1786,#1790,.T.);
#1417=EDGE_CURVE('',#1789,#1503,#1791,.T.);
#1418=EDGE_CURVE('',#1792,#1789,#1793,.T.);
#1419=EDGE_CURVE('',#1792,#1501,#1794,.T.);
#1420=EDGE_CURVE('',#1795,#1792,#1796,.T.);
#1421=EDGE_CURVE('',#1795,#1499,#1797,.T.);
#1422=EDGE_CURVE('',#1798,#1795,#1799,.T.);
#1423=EDGE_CURVE('',#1798,#1497,#1800,.T.);
#1424=EDGE_CURVE('',#1801,#1798,#1802,.T.);
#1425=EDGE_CURVE('',#1801,#1495,#1803,.T.);
#1426=EDGE_CURVE('',#1804,#1801,#1805,.T.);
#1427=EDGE_CURVE('',#1804,#1493,#1806,.T.);
#1428=EDGE_CURVE('',#1807,#1804,#1808,.T.);
#1429=EDGE_CURVE('',#1807,#1491,#1809,.T.);
#1430=EDGE_CURVE('',#1810,#1807,#1811,.T.);
#1431=EDGE_CURVE('',#1810,#1489,#1812,.T.);
#1432=EDGE_CURVE('',#1813,#1810,#1814,.T.);
#1433=EDGE_CURVE('',#1813,#1487,#1815,.T.);
#1434=EDGE_CURVE('',#1816,#1813,#1817,.T.);
#1435=EDGE_CURVE('',#1816,#1485,#1818,.T.);
#1436=EDGE_CURVE('',#1819,#1816,#1820,.T.);
#1437=EDGE_CURVE('',#1819,#1483,#1821,.T.);
#1438=EDGE_CURVE('',#1822,#1819,#1823,.T.);
#1439=EDGE_CURVE('',#1822,#1481,#1824,.T.);
#1440=EDGE_CURVE('',#1779,#1822,#1825,.T.);
#1441=VERTEX_POINT('',#1826);
#1442=VERTEX_POINT('',#1827);
#1443=LINE('',#1828,#1829);
#1444=VERTEX_POINT('',#1830);
#1445=CIRCLE('',#1831,0.32);
#1446=VERTEX_POINT('',#1832);
#1447=LINE('',#1833,#1834);
#1448=CIRCLE('',#1835,0.32);
#1449=VERTEX_POINT('',#1836);
#1450=LINE('',#1837,#1838);
#1451=VERTEX_POINT('',#1839);
#1452=LINE('',#1840,#1841);
#1453=LINE('',#1842,#1843);
#1454=VERTEX_POINT('',#1844);
#1455=VERTEX_POINT('',#1845);
#1456=LINE('',#1846,#1847);
#1457=VERTEX_POINT('',#1848);
#1458=LINE('',#1849,#1850);
#1459=VERTEX_POINT('',#1851);
#1460=LINE('',#1852,#1853);
#1461=LINE('',#1854,#1855);
#1462=CIRCLE('',#1856,0.32);
#1463=VERTEX_POINT('',#1857);
#1464=LINE('',#1858,#1859);
#1465=VERTEX_POINT('',#1860);
#1466=LINE('',#1861,#1862);
#1467=LINE('',#1863,#1864);
#1468=VERTEX_POINT('',#1865);
#1469=VERTEX_POINT('',#1866);
#1470=LINE('',#1867,#1868);
#1471=VERTEX_POINT('',#1869);
#1472=LINE('',#1870,#1871);
#1473=VERTEX_POINT('',#1872);
#1474=LINE('',#1873,#1874);
#1475=LINE('',#1875,#1876);
#1476=VERTEX_POINT('',#1877);
#1477=VERTEX_POINT('',#1878);
#1478=LINE('',#1879,#1880);
#1479=VERTEX_POINT('',#1881);
#1480=LINE('',#1882,#1883);
#1481=VERTEX_POINT('',#1884);
#1482=LINE('',#1885,#1886);
#1483=VERTEX_POINT('',#1887);
#1484=LINE('',#1888,#1889);
#1485=VERTEX_POINT('',#1890);
#1486=LINE('',#1891,#1892);
#1487=VERTEX_POINT('',#1893);
#1488=LINE('',#1894,#1895);
#1489=VERTEX_POINT('',#1896);
#1490=LINE('',#1897,#1898);
#1491=VERTEX_POINT('',#1899);
#1492=LINE('',#1900,#1901);
#1493=VERTEX_POINT('',#1902);
#1494=LINE('',#1903,#1904);
#1495=VERTEX_POINT('',#1905);
#1496=LINE('',#1906,#1907);
#1497=VERTEX_POINT('',#1908);
#1498=LINE('',#1909,#1910);
#1499=VERTEX_POINT('',#1911);
#1500=LINE('',#1912,#1913);
#1501=VERTEX_POINT('',#1914);
#1502=LINE('',#1915,#1916);
#1503=VERTEX_POINT('',#1917);
#1504=LINE('',#1918,#1919);
#1505=VERTEX_POINT('',#1920);
#1506=LINE('',#1921,#1922);
#1507=LINE('',#1923,#1924);
#1508=VERTEX_POINT('',#1925);
#1509=VERTEX_POINT('',#1926);
#1510=LINE('',#1927,#1928);
#1511=VERTEX_POINT('',#1929);
#1512=LINE('',#1930,#1931);
#1513=VERTEX_POINT('',#1932);
#1514=LINE('',#1933,#1934);
#1515=VERTEX_POINT('',#1935);
#1516=LINE('',#1936,#1937);
#1517=VERTEX_POINT('',#1938);
#1518=LINE('',#1939,#1940);
#1519=LINE('',#1941,#1942);
#1520=VERTEX_POINT('',#1943);
#1521=VERTEX_POINT('',#1944);
#1522=LINE('',#1945,#1946);
#1523=VERTEX_POINT('',#1947);
#1524=LINE('',#1948,#1949);
#1525=VERTEX_POINT('',#1950);
#1526=LINE('',#1951,#1952);
#1527=VERTEX_POINT('',#1953);
#1528=LINE('',#1954,#1955);
#1529=VERTEX_POINT('',#1956);
#1530=LINE('',#1957,#1958);
#1531=VERTEX_POINT('',#1959);
#1532=LINE('',#1960,#1961);
#1533=VERTEX_POINT('',#1962);
#1534=LINE('',#1963,#1964);
#1535=VERTEX_POINT('',#1965);
#1536=LINE('',#1966,#1967);
#1537=VERTEX_POINT('',#1968);
#1538=LINE('',#1969,#1970);
#1539=VERTEX_POINT('',#1971);
#1540=LINE('',#1972,#1973);
#1541=VERTEX_POINT('',#1974);
#1542=LINE('',#1975,#1976);
#1543=VERTEX_POINT('',#1977);
#1544=LINE('',#1978,#1979);
#1545=VERTEX_POINT('',#1980);
#1546=LINE('',#1981,#1982);
#1547=VERTEX_POINT('',#1983);
#1548=LINE('',#1984,#1985);
#1549=VERTEX_POINT('',#1986);
#1550=LINE('',#1987,#1988);
#1551=LINE('',#1989,#1990);
#1552=VERTEX_POINT('',#1991);
#1553=VERTEX_POINT('',#1992);
#1554=LINE('',#1993,#1994);
#1555=VERTEX_POINT('',#1995);
#1556=LINE('',#1996,#1997);
#1557=VERTEX_POINT('',#1998);
#1558=LINE('',#1999,#2000);
#1559=LINE('',#2001,#2002);
#1560=VERTEX_POINT('',#2003);
#1561=LINE('',#2004,#2005);
#1562=CIRCLE('',#2006,0.32);
#1563=VERTEX_POINT('',#2007);
#1564=LINE('',#2008,#2009);
#1565=LINE('',#2010,#2011);
#1566=VERTEX_POINT('',#2012);
#1567=VERTEX_POINT('',#2013);
#1568=LINE('',#2014,#2015);
#1569=VERTEX_POINT('',#2016);
#1570=LINE('',#2017,#2018);
#1571=VERTEX_POINT('',#2019);
#1572=LINE('',#2020,#2021);
#1573=VERTEX_POINT('',#2022);
#1574=LINE('',#2023,#2024);
#1575=VERTEX_POINT('',#2025);
#1576=LINE('',#2026,#2027);
#1577=LINE('',#2028,#2029);
#1578=VERTEX_POINT('',#2030);
#1579=VERTEX_POINT('',#2031);
#1580=LINE('',#2032,#2033);
#1581=VERTEX_POINT('',#2034);
#1582=LINE('',#2035,#2036);
#1583=VERTEX_POINT('',#2037);
#1584=LINE('',#2038,#2039);
#1585=LINE('',#2040,#2041);
#1586=VERTEX_POINT('',#2042);
#1587=LINE('',#2043,#2044);
#1588=VERTEX_POINT('',#2045);
#1589=LINE('',#2046,#2047);
#1590=LINE('',#2048,#2049);
#1591=LINE('',#2050,#2051);
#1592=VERTEX_POINT('',#2052);
#1593=LINE('',#2053,#2054);
#1594=VERTEX_POINT('',#2055);
#1595=LINE('',#2056,#2057);
#1596=VERTEX_POINT('',#2058);
#1597=LINE('',#2059,#2060);
#1598=VERTEX_POINT('',#2061);
#1599=LINE('',#2062,#2063);
#1600=VERTEX_POINT('',#2064);
#1601=CIRCLE('',#2065,0.749999999999999);
#1602=VERTEX_POINT('',#2066);
#1603=LINE('',#2067,#2068);
#1604=VERTEX_POINT('',#2069);
#1605=LINE('',#2070,#2071);
#1606=LINE('',#2072,#2073);
#1607=VERTEX_POINT('',#2074);
#1608=LINE('',#2075,#2076);
#1609=VERTEX_POINT('',#2077);
#1610=LINE('',#2078,#2079);
#1611=VERTEX_POINT('',#2080);
#1612=LINE('',#2081,#2082);
#1613=VERTEX_POINT('',#2083);
#1614=CIRCLE('',#2084,0.749999999999999);
#1615=VERTEX_POINT('',#2085);
#1616=LINE('',#2086,#2087);
#1617=VERTEX_POINT('',#2088);
#1618=LINE('',#2089,#2090);
#1619=VERTEX_POINT('',#2091);
#1620=LINE('',#2092,#2093);
#1621=VERTEX_POINT('',#2094);
#1622=LINE('',#2095,#2096);
#1623=VERTEX_POINT('',#2097);
#1624=LINE('',#2098,#2099);
#1625=LINE('',#2100,#2101);
#1626=LINE('',#2102,#2103);
#1627=LINE('',#2104,#2105);
#1628=VERTEX_POINT('',#2106);
#1629=VERTEX_POINT('',#2107);
#1630=LINE('',#2108,#2109);
#1631=VERTEX_POINT('',#2110);
#1632=LINE('',#2111,#2112);
#1633=VERTEX_POINT('',#2113);
#1634=LINE('',#2114,#2115);
#1635=LINE('',#2116,#2117);
#1636=VERTEX_POINT('',#2118);
#1637=VERTEX_POINT('',#2119);
#1638=LINE('',#2120,#2121);
#1639=VERTEX_POINT('',#2122);
#1640=LINE('',#2123,#2124);
#1641=VERTEX_POINT('',#2125);
#1642=LINE('',#2126,#2127);
#1643=LINE('',#2128,#2129);
#1644=LINE('',#2130,#2131);
#1645=VERTEX_POINT('',#2132);
#1646=LINE('',#2133,#2134);
#1647=VERTEX_POINT('',#2135);
#1648=LINE('',#2136,#2137);
#1649=VERTEX_POINT('',#2138);
#1650=LINE('',#2139,#2140);
#1651=LINE('',#2141,#2142);
#1652=LINE('',#2143,#2144);
#1653=LINE('',#2145,#2146);
#1654=LINE('',#2147,#2148);
#1655=LINE('',#2149,#2150);
#1656=VERTEX_POINT('',#2151);
#1657=LINE('',#2152,#2153);
#1658=VERTEX_POINT('',#2154);
#1659=LINE('',#2155,#2156);
#1660=VERTEX_POINT('',#2157);
#1661=LINE('',#2158,#2159);
#1662=LINE('',#2160,#2161);
#1663=LINE('',#2162,#2163);
#1664=VERTEX_POINT('',#2164);
#1665=LINE('',#2165,#2166);
#1666=VERTEX_POINT('',#2167);
#1667=LINE('',#2168,#2169);
#1668=LINE('',#2170,#2171);
#1669=VERTEX_POINT('',#2172);
#1670=LINE('',#2173,#2174);
#1671=VERTEX_POINT('',#2175);
#1672=LINE('',#2176,#2177);
#1673=VERTEX_POINT('',#2178);
#1674=LINE('',#2179,#2180);
#1675=VERTEX_POINT('',#2181);
#1676=LINE('',#2182,#2183);
#1677=VERTEX_POINT('',#2184);
#1678=LINE('',#2185,#2186);
#1679=LINE('',#2187,#2188);
#1680=VERTEX_POINT('',#2189);
#1681=LINE('',#2190,#2191);
#1682=VERTEX_POINT('',#2192);
#1683=LINE('',#2193,#2194);
#1684=VERTEX_POINT('',#2195);
#1685=LINE('',#2196,#2197);
#1686=VERTEX_POINT('',#2198);
#1687=LINE('',#2199,#2200);
#1688=VERTEX_POINT('',#2201);
#1689=LINE('',#2202,#2203);
#1690=LINE('',#2204,#2205);
#1691=LINE('',#2206,#2207);
#1692=LINE('',#2208,#2209);
#1693=LINE('',#2210,#2211);
#1694=LINE('',#2212,#2213);
#1695=LINE('',#2214,#2215);
#1696=VERTEX_POINT('',#2216);
#1697=LINE('',#2217,#2218);
#1698=VERTEX_POINT('',#2219);
#1699=LINE('',#2220,#2221);
#1700=LINE('',#2222,#2223);
#1701=VERTEX_POINT('',#2224);
#1702=LINE('',#2225,#2226);
#1703=LINE('',#2227,#2228);
#1704=VERTEX_POINT('',#2229);
#1705=LINE('',#2230,#2231);
#1706=LINE('',#2232,#2233);
#1707=LINE('',#2234,#2235);
#1708=VERTEX_POINT('',#2236);
#1709=LINE('',#2237,#2238);
#1710=VERTEX_POINT('',#2239);
#1711=LINE('',#2240,#2241);
#1712=LINE('',#2242,#2243);
#1713=VERTEX_POINT('',#2244);
#1714=LINE('',#2245,#2246);
#1715=LINE('',#2247,#2248);
#1716=VERTEX_POINT('',#2249);
#1717=LINE('',#2250,#2251);
#1718=LINE('',#2252,#2253);
#1719=LINE('',#2254,#2255);
#1720=LINE('',#2256,#2257);
#1721=LINE('',#2258,#2259);
#1722=LINE('',#2260,#2261);
#1723=LINE('',#2262,#2263);
#1724=LINE('',#2264,#2265);
#1725=LINE('',#2266,#2267);
#1726=LINE('',#2268,#2269);
#1727=LINE('',#2270,#2271);
#1728=LINE('',#2272,#2273);
#1729=LINE('',#2274,#2275);
#1730=VERTEX_POINT('',#2276);
#1731=VERTEX_POINT('',#2277);
#1732=LINE('',#2278,#2279);
#1733=LINE('',#2280,#2281);
#1734=LINE('',#2282,#2283);
#1735=VERTEX_POINT('',#2284);
#1736=LINE('',#2285,#2286);
#1737=LINE('',#2287,#2288);
#1738=VERTEX_POINT('',#2289);
#1739=LINE('',#2290,#2291);
#1740=LINE('',#2292,#2293);
#1741=VERTEX_POINT('',#2294);
#1742=LINE('',#2295,#2296);
#1743=LINE('',#2297,#2298);
#1744=VERTEX_POINT('',#2299);
#1745=LINE('',#2300,#2301);
#1746=LINE('',#2302,#2303);
#1747=VERTEX_POINT('',#2304);
#1748=LINE('',#2305,#2306);
#1749=LINE('',#2307,#2308);
#1750=VERTEX_POINT('',#2309);
#1751=LINE('',#2310,#2311);
#1752=LINE('',#2312,#2313);
#1753=VERTEX_POINT('',#2314);
#1754=LINE('',#2315,#2316);
#1755=LINE('',#2317,#2318);
#1756=VERTEX_POINT('',#2319);
#1757=LINE('',#2320,#2321);
#1758=LINE('',#2322,#2323);
#1759=VERTEX_POINT('',#2324);
#1760=LINE('',#2325,#2326);
#1761=LINE('',#2327,#2328);
#1762=VERTEX_POINT('',#2329);
#1763=LINE('',#2330,#2331);
#1764=LINE('',#2332,#2333);
#1765=VERTEX_POINT('',#2334);
#1766=LINE('',#2335,#2336);
#1767=LINE('',#2337,#2338);
#1768=VERTEX_POINT('',#2339);
#1769=LINE('',#2340,#2341);
#1770=LINE('',#2342,#2343);
#1771=VERTEX_POINT('',#2344);
#1772=LINE('',#2345,#2346);
#1773=LINE('',#2347,#2348);
#1774=VERTEX_POINT('',#2349);
#1775=LINE('',#2350,#2351);
#1776=LINE('',#2352,#2353);
#1777=LINE('',#2354,#2355);
#1778=VERTEX_POINT('',#2356);
#1779=VERTEX_POINT('',#2357);
#1780=LINE('',#2358,#2359);
#1781=LINE('',#2360,#2361);
#1782=LINE('',#2362,#2363);
#1783=VERTEX_POINT('',#2364);
#1784=LINE('',#2365,#2366);
#1785=LINE('',#2367,#2368);
#1786=VERTEX_POINT('',#2369);
#1787=LINE('',#2370,#2371);
#1788=LINE('',#2372,#2373);
#1789=VERTEX_POINT('',#2374);
#1790=LINE('',#2375,#2376);
#1791=LINE('',#2377,#2378);
#1792=VERTEX_POINT('',#2379);
#1793=LINE('',#2380,#2381);
#1794=LINE('',#2382,#2383);
#1795=VERTEX_POINT('',#2384);
#1796=LINE('',#2385,#2386);
#1797=LINE('',#2387,#2388);
#1798=VERTEX_POINT('',#2389);
#1799=LINE('',#2390,#2391);
#1800=LINE('',#2392,#2393);
#1801=VERTEX_POINT('',#2394);
#1802=LINE('',#2395,#2396);
#1803=LINE('',#2397,#2398);
#1804=VERTEX_POINT('',#2399);
#1805=LINE('',#2400,#2401);
#1806=LINE('',#2402,#2403);
#1807=VERTEX_POINT('',#2404);
#1808=LINE('',#2405,#2406);
#1809=LINE('',#2407,#2408);
#1810=VERTEX_POINT('',#2409);
#1811=LINE('',#2410,#2411);
#1812=LINE('',#2412,#2413);
#1813=VERTEX_POINT('',#2414);
#1814=LINE('',#2415,#2416);
#1815=LINE('',#2417,#2418);
#1816=VERTEX_POINT('',#2419);
#1817=LINE('',#2420,#2421);
#1818=LINE('',#2422,#2423);
#1819=VERTEX_POINT('',#2424);
#1820=LINE('',#2425,#2426);
#1821=LINE('',#2427,#2428);
#1822=VERTEX_POINT('',#2429);
#1823=LINE('',#2430,#2431);
#1824=LINE('',#2432,#2433);
#1825=LINE('',#2434,#2435);
#1826=CARTESIAN_POINT('',(9.33654195622857E-16,9.7,-0.250000000000001));
#1827=CARTESIAN_POINT('',(9.33654195622857E-16,0.0,-0.250000000000001));
#1828=CARTESIAN_POINT('',(9.33654195622857E-16,4.84999999999999,-0.250000000000001));
#1829=VECTOR('',#2436,1.0);
#1830=CARTESIAN_POINT('',(0.312249899919921,9.7,-3.25260651745651E-16));
#1831=AXIS2_PLACEMENT_3D('',#2437,#2438,#2439);
#1832=CARTESIAN_POINT('',(0.312249899919921,0.0,-1.62630325872826E-16));
#1833=CARTESIAN_POINT('',(0.312249899919921,96.03,-3.25260651745651E-16));
#1834=VECTOR('',#2440,1.0);
#1835=AXIS2_PLACEMENT_3D('',#2441,#2442,#2443);
#1836=CARTESIAN_POINT('',(2.7,0.0,-1.65327317884893E-16));
#1837=CARTESIAN_POINT('',(-2.7,0.0,-1.65327317884893E-16));
#1838=VECTOR('',#2444,1.0);
#1839=CARTESIAN_POINT('',(2.7,9.7,-1.65327317884893E-16));
#1840=CARTESIAN_POINT('',(-2.7,9.7,-2.77555756156289E-16));
#1841=VECTOR('',#2445,1.0);
#1842=CARTESIAN_POINT('',(2.7,10.7,-1.65327317884893E-16));
#1843=VECTOR('',#2446,1.0);
#1844=CARTESIAN_POINT('',(-2.7,9.7,-2.16840434497101E-16));
#1845=CARTESIAN_POINT('',(-0.312249899919919,9.7,-2.94945717541588E-16));
#1846=CARTESIAN_POINT('',(-2.7,9.7,-2.77555756156289E-16));
#1847=VECTOR('',#2447,1.0);
#1848=CARTESIAN_POINT('',(-0.312249899919919,0.0,-1.62630325872826E-16));
#1849=CARTESIAN_POINT('',(-0.312249899919919,96.03,-4.06575814682064E-17));
#1850=VECTOR('',#2448,1.0);
#1851=CARTESIAN_POINT('',(-2.7,0.0,0.0));
#1852=CARTESIAN_POINT('',(-2.7,0.0,-1.65327317884893E-16));
#1853=VECTOR('',#2449,1.0);
#1854=CARTESIAN_POINT('',(-2.7,10.7,0.0));
#1855=VECTOR('',#2450,1.0);
#1856=AXIS2_PLACEMENT_3D('',#2451,#2452,#2453);
#1857=CARTESIAN_POINT('',(-2.7,9.7,-1.0));
#1858=CARTESIAN_POINT('',(-2.7,9.7,-1.0));
#1859=VECTOR('',#2454,1.0);
#1860=CARTESIAN_POINT('',(2.7,9.7,-1.0));
#1861=CARTESIAN_POINT('',(2.7,9.7,-1.0));
#1862=VECTOR('',#2455,1.0);
#1863=CARTESIAN_POINT('',(2.7,9.7,-4.44089209850063E-16));
#1864=VECTOR('',#2456,1.0);
#1865=CARTESIAN_POINT('',(-1.7,-8.9,4.4));
#1866=CARTESIAN_POINT('',(-1.7,-8.9,0.999999999999997));
#1867=CARTESIAN_POINT('',(-1.7,-8.9,4.4));
#1868=VECTOR('',#2457,1.0);
#1869=CARTESIAN_POINT('',(1.7,-8.9,0.999999999999997));
#1870=CARTESIAN_POINT('',(-1.7,-8.9,0.999999999999996));
#1871=VECTOR('',#2458,1.0);
#1872=CARTESIAN_POINT('',(1.7,-8.9,4.4));
#1873=CARTESIAN_POINT('',(1.7,-8.9,0.999999999999997));
#1874=VECTOR('',#2459,1.0);
#1875=CARTESIAN_POINT('',(1.7,-8.9,4.4));
#1876=VECTOR('',#2460,1.0);
#1877=CARTESIAN_POINT('',(-1.3,-8.9,2.35));
#1878=CARTESIAN_POINT('',(-1.085,-8.9,2.35));
#1879=CARTESIAN_POINT('',(-1.3,-8.9,2.35));
#1880=VECTOR('',#2461,1.0);
#1881=CARTESIAN_POINT('',(-1.3,-8.9,3.44999999999999));
#1882=CARTESIAN_POINT('',(-1.3,-8.9,3.44999999999999));
#1883=VECTOR('',#2462,1.0);
#1884=CARTESIAN_POINT('',(-1.085,-8.9,3.44999999999999));
#1885=CARTESIAN_POINT('',(-1.085,-8.9,3.44999999999999));
#1886=VECTOR('',#2463,1.0);
#1887=CARTESIAN_POINT('',(-1.085,-8.9,3.79999999999999));
#1888=CARTESIAN_POINT('',(-1.085,-8.9,3.79999999999999));
#1889=VECTOR('',#2464,1.0);
#1890=CARTESIAN_POINT('',(1.085,-8.9,3.79999999999999));
#1891=CARTESIAN_POINT('',(1.085,-8.9,3.79999999999999));
#1892=VECTOR('',#2465,1.0);
#1893=CARTESIAN_POINT('',(1.085,-8.9,3.44999999999999));
#1894=CARTESIAN_POINT('',(1.085,-8.9,3.44999999999999));
#1895=VECTOR('',#2466,1.0);
#1896=CARTESIAN_POINT('',(1.3,-8.9,3.44999999999999));
#1897=CARTESIAN_POINT('',(1.3,-8.9,3.44999999999999));
#1898=VECTOR('',#2467,1.0);
#1899=CARTESIAN_POINT('',(1.3,-8.9,2.35));
#1900=CARTESIAN_POINT('',(1.3,-8.9,2.35));
#1901=VECTOR('',#2468,1.0);
#1902=CARTESIAN_POINT('',(1.085,-8.9,2.35));
#1903=CARTESIAN_POINT('',(1.085,-8.9,2.35));
#1904=VECTOR('',#2469,1.0);
#1905=CARTESIAN_POINT('',(1.085,-8.9,1.79999999999999));
#1906=CARTESIAN_POINT('',(1.085,-8.9,1.79999999999999));
#1907=VECTOR('',#2470,1.0);
#1908=CARTESIAN_POINT('',(0.650000000000001,-8.9,1.79999999999999));
#1909=CARTESIAN_POINT('',(0.650000000000001,-8.9,1.79999999999999));
#1910=VECTOR('',#2471,1.0);
#1911=CARTESIAN_POINT('',(0.400000000000001,-8.9,1.54999999999999));
#1912=CARTESIAN_POINT('',(0.400000000000001,-8.9,1.54999999999999));
#1913=VECTOR('',#2472,1.0);
#1914=CARTESIAN_POINT('',(-0.399999999999999,-8.9,1.54999999999999));
#1915=CARTESIAN_POINT('',(-0.399999999999999,-8.9,1.54999999999999));
#1916=VECTOR('',#2473,1.0);
#1917=CARTESIAN_POINT('',(-0.649999999999999,-8.9,1.79999999999999));
#1918=CARTESIAN_POINT('',(-0.649999999999999,-8.9,1.79999999999999));
#1919=VECTOR('',#2474,1.0);
#1920=CARTESIAN_POINT('',(-1.085,-8.9,1.79999999999999));
#1921=CARTESIAN_POINT('',(-1.085,-8.9,1.79999999999999));
#1922=VECTOR('',#2475,1.0);
#1923=CARTESIAN_POINT('',(-1.085,-8.9,2.35));
#1924=VECTOR('',#2476,1.0);
#1925=CARTESIAN_POINT('',(-1.7,-8.9,8.6));
#1926=CARTESIAN_POINT('',(-1.7,-8.9,6.2));
#1927=CARTESIAN_POINT('',(-1.7,-8.9,8.6));
#1928=VECTOR('',#2477,1.0);
#1929=CARTESIAN_POINT('',(-0.7,-8.9,5.2));
#1930=CARTESIAN_POINT('',(-1.7,-8.9,6.2));
#1931=VECTOR('',#2478,1.0);
#1932=CARTESIAN_POINT('',(0.700000000000003,-8.9,5.2));
#1933=CARTESIAN_POINT('',(-0.7,-8.9,5.2));
#1934=VECTOR('',#2479,1.0);
#1935=CARTESIAN_POINT('',(1.7,-8.9,6.2));
#1936=CARTESIAN_POINT('',(0.700000000000003,-8.9,5.2));
#1937=VECTOR('',#2480,1.0);
#1938=CARTESIAN_POINT('',(1.7,-8.9,8.6));
#1939=CARTESIAN_POINT('',(1.7,-8.9,6.2));
#1940=VECTOR('',#2481,1.0);
#1941=CARTESIAN_POINT('',(1.7,-8.9,8.6));
#1942=VECTOR('',#2482,1.0);
#1943=CARTESIAN_POINT('',(-1.3,-8.9,6.55));
#1944=CARTESIAN_POINT('',(-1.085,-8.9,6.55));
#1945=CARTESIAN_POINT('',(-1.3,-8.9,6.55));
#1946=VECTOR('',#2483,1.0);
#1947=CARTESIAN_POINT('',(-1.3,-8.9,7.65));
#1948=CARTESIAN_POINT('',(-1.3,-8.9,7.65));
#1949=VECTOR('',#2484,1.0);
#1950=CARTESIAN_POINT('',(-1.085,-8.9,7.65));
#1951=CARTESIAN_POINT('',(-1.085,-8.9,7.65));
#1952=VECTOR('',#2485,1.0);
#1953=CARTESIAN_POINT('',(-1.085,-8.9,8.0));
#1954=CARTESIAN_POINT('',(-1.085,-8.9,8.0));
#1955=VECTOR('',#2486,1.0);
#1956=CARTESIAN_POINT('',(1.085,-8.9,8.0));
#1957=CARTESIAN_POINT('',(1.085,-8.9,8.0));
#1958=VECTOR('',#2487,1.0);
#1959=CARTESIAN_POINT('',(1.085,-8.9,7.65));
#1960=CARTESIAN_POINT('',(1.085,-8.9,7.65));
#1961=VECTOR('',#2488,1.0);
#1962=CARTESIAN_POINT('',(1.3,-8.9,7.65));
#1963=CARTESIAN_POINT('',(1.3,-8.9,7.65));
#1964=VECTOR('',#2489,1.0);
#1965=CARTESIAN_POINT('',(1.3,-8.9,6.55));
#1966=CARTESIAN_POINT('',(1.3,-8.9,6.55));
#1967=VECTOR('',#2490,1.0);
#1968=CARTESIAN_POINT('',(1.085,-8.9,6.55));
#1969=CARTESIAN_POINT('',(1.085,-8.9,6.55));
#1970=VECTOR('',#2491,1.0);
#1971=CARTESIAN_POINT('',(1.085,-8.9,6.0));
#1972=CARTESIAN_POINT('',(1.085,-8.9,6.0));
#1973=VECTOR('',#2492,1.0);
#1974=CARTESIAN_POINT('',(0.650000000000001,-8.9,6.0));
#1975=CARTESIAN_POINT('',(0.650000000000001,-8.9,6.0));
#1976=VECTOR('',#2493,1.0);
#1977=CARTESIAN_POINT('',(0.400000000000001,-8.9,5.75));
#1978=CARTESIAN_POINT('',(0.400000000000001,-8.9,5.75));
#1979=VECTOR('',#2494,1.0);
#1980=CARTESIAN_POINT('',(-0.399999999999999,-8.9,5.75));
#1981=CARTESIAN_POINT('',(-0.399999999999999,-8.9,5.75));
#1982=VECTOR('',#2495,1.0);
#1983=CARTESIAN_POINT('',(-0.649999999999999,-8.9,6.0));
#1984=CARTESIAN_POINT('',(-0.649999999999999,-8.9,6.0));
#1985=VECTOR('',#2496,1.0);
#1986=CARTESIAN_POINT('',(-1.085,-8.9,6.0));
#1987=CARTESIAN_POINT('',(-1.085,-8.9,6.0));
#1988=VECTOR('',#2497,1.0);
#1989=CARTESIAN_POINT('',(-1.085,-8.9,6.55));
#1990=VECTOR('',#2498,1.0);
#1991=CARTESIAN_POINT('',(-1.7,0.0,4.4));
#1992=CARTESIAN_POINT('',(-1.7,0.0,0.999999999999997));
#1993=CARTESIAN_POINT('',(-1.7,0.0,4.4));
#1994=VECTOR('',#2499,1.0);
#1995=CARTESIAN_POINT('',(1.7,0.0,4.4));
#1996=CARTESIAN_POINT('',(1.7,0.0,4.4));
#1997=VECTOR('',#2500,1.0);
#1998=CARTESIAN_POINT('',(1.7,0.0,0.999999999999997));
#1999=CARTESIAN_POINT('',(1.7,0.0,0.999999999999997));
#2000=VECTOR('',#2501,1.0);
#2001=CARTESIAN_POINT('',(-1.7,0.0,0.999999999999996));
#2002=VECTOR('',#2502,1.0);
#2003=CARTESIAN_POINT('',(-2.7,0.0,9.6));
#2004=CARTESIAN_POINT('',(-2.7,0.0,9.6));
#2005=VECTOR('',#2503,1.0);
#2006=AXIS2_PLACEMENT_3D('',#2504,#2505,#2506);
#2007=CARTESIAN_POINT('',(2.7,0.0,9.6));
#2008=CARTESIAN_POINT('',(2.7,0.0,0.0));
#2009=VECTOR('',#2507,1.0);
#2010=CARTESIAN_POINT('',(2.7,0.0,9.6));
#2011=VECTOR('',#2508,1.0);
#2012=CARTESIAN_POINT('',(-1.7,0.0,6.2));
#2013=CARTESIAN_POINT('',(-0.7,0.0,5.2));
#2014=CARTESIAN_POINT('',(-1.7,0.0,6.2));
#2015=VECTOR('',#2509,1.0);
#2016=CARTESIAN_POINT('',(-1.7,0.0,8.6));
#2017=CARTESIAN_POINT('',(-1.7,0.0,8.6));
#2018=VECTOR('',#2510,1.0);
#2019=CARTESIAN_POINT('',(1.7,0.0,8.6));
#2020=CARTESIAN_POINT('',(1.7,0.0,8.6));
#2021=VECTOR('',#2511,1.0);
#2022=CARTESIAN_POINT('',(1.7,0.0,6.2));
#2023=CARTESIAN_POINT('',(1.7,0.0,6.2));
#2024=VECTOR('',#2512,1.0);
#2025=CARTESIAN_POINT('',(0.700000000000003,0.0,5.2));
#2026=CARTESIAN_POINT('',(0.700000000000003,0.0,5.2));
#2027=VECTOR('',#2513,1.0);
#2028=CARTESIAN_POINT('',(-0.7,0.0,5.2));
#2029=VECTOR('',#2514,1.0);
#2030=CARTESIAN_POINT('',(-1.5,1.25,12.4));
#2031=CARTESIAN_POINT('',(-1.5,7.0,12.4));
#2032=CARTESIAN_POINT('',(-1.5,6.3,12.4));
#2033=VECTOR('',#2515,1.0);
#2034=CARTESIAN_POINT('',(-2.7,7.0,12.4));
#2035=CARTESIAN_POINT('',(2.7,7.0,12.4));
#2036=VECTOR('',#2516,1.0);
#2037=CARTESIAN_POINT('',(-2.7,1.25,12.4));
#2038=CARTESIAN_POINT('',(-2.7,6.3,12.4));
#2039=VECTOR('',#2517,1.0);
#2040=CARTESIAN_POINT('',(2.7,1.25,12.4));
#2041=VECTOR('',#2518,1.0);
#2042=CARTESIAN_POINT('',(2.7,1.25,9.6));
#2043=CARTESIAN_POINT('',(2.7,10.7,9.6));
#2044=VECTOR('',#2519,1.0);
#2045=CARTESIAN_POINT('',(-2.7,1.25,9.6));
#2046=CARTESIAN_POINT('',(2.7,1.25,9.6));
#2047=VECTOR('',#2520,1.0);
#2048=CARTESIAN_POINT('',(-2.7,10.7,9.6));
#2049=VECTOR('',#2521,1.0);
#2050=CARTESIAN_POINT('',(-2.7,1.25,12.4));
#2051=VECTOR('',#2522,1.0);
#2052=CARTESIAN_POINT('',(-2.7,7.0,13.4));
#2053=CARTESIAN_POINT('',(-2.7,7.0,13.1));
#2054=VECTOR('',#2523,1.0);
#2055=CARTESIAN_POINT('',(-2.7,8.5,13.4));
#2056=CARTESIAN_POINT('',(-2.7,8.5,13.4));
#2057=VECTOR('',#2524,1.0);
#2058=CARTESIAN_POINT('',(-2.7,8.5,11.65));
#2059=CARTESIAN_POINT('',(-2.7,8.5,11.65));
#2060=VECTOR('',#2525,1.0);
#2061=CARTESIAN_POINT('',(-2.7,3.41865046978162,11.0955751162245));
#2062=CARTESIAN_POINT('',(-2.7,3.41865046978162,11.0955751162245));
#2063=VECTOR('',#2526,1.0);
#2064=CARTESIAN_POINT('',(-2.7,3.5,9.6));
#2065=AXIS2_PLACEMENT_3D('',#2527,#2528,#2529);
#2066=CARTESIAN_POINT('',(-2.7,10.7,9.6));
#2067=CARTESIAN_POINT('',(-2.7,10.7,9.6));
#2068=VECTOR('',#2530,1.0);
#2069=CARTESIAN_POINT('',(-2.7,10.7,-1.0));
#2070=CARTESIAN_POINT('',(-2.7,10.7,9.6));
#2071=VECTOR('',#2531,1.0);
#2072=CARTESIAN_POINT('',(-2.7,9.7,-1.0));
#2073=VECTOR('',#2532,1.0);
#2074=CARTESIAN_POINT('',(2.7,10.7,-1.0));
#2075=CARTESIAN_POINT('',(2.7,9.7,-1.0));
#2076=VECTOR('',#2533,1.0);
#2077=CARTESIAN_POINT('',(2.7,10.7,9.6));
#2078=CARTESIAN_POINT('',(2.7,10.7,0.0));
#2079=VECTOR('',#2534,1.0);
#2080=CARTESIAN_POINT('',(2.7,3.5,9.6));
#2081=CARTESIAN_POINT('',(2.7,10.7,9.6));
#2082=VECTOR('',#2535,1.0);
#2083=CARTESIAN_POINT('',(2.7,3.41865046978162,11.0955751162245));
#2084=AXIS2_PLACEMENT_3D('',#2536,#2537,#2538);
#2085=CARTESIAN_POINT('',(2.7,8.5,11.65));
#2086=CARTESIAN_POINT('',(2.7,3.41865046978162,11.0955751162245));
#2087=VECTOR('',#2539,1.0);
#2088=CARTESIAN_POINT('',(2.7,8.5,13.4));
#2089=CARTESIAN_POINT('',(2.7,8.5,11.65));
#2090=VECTOR('',#2540,1.0);
#2091=CARTESIAN_POINT('',(2.7,7.0,13.4));
#2092=CARTESIAN_POINT('',(2.7,8.5,13.4));
#2093=VECTOR('',#2541,1.0);
#2094=CARTESIAN_POINT('',(2.7,7.0,12.4));
#2095=CARTESIAN_POINT('',(2.7,7.0,13.4));
#2096=VECTOR('',#2542,1.0);
#2097=CARTESIAN_POINT('',(2.7,1.25,12.4));
#2098=CARTESIAN_POINT('',(2.7,7.0,12.4));
#2099=VECTOR('',#2543,1.0);
#2100=CARTESIAN_POINT('',(2.7,1.25,12.4));
#2101=VECTOR('',#2544,1.0);
#2102=CARTESIAN_POINT('',(2.7,3.5,9.6));
#2103=VECTOR('',#2545,1.0);
#2104=CARTESIAN_POINT('',(2.7,10.7,9.6));
#2105=VECTOR('',#2546,1.0);
#2106=CARTESIAN_POINT('',(-1.79999999999999,10.7,8.7));
#2107=CARTESIAN_POINT('',(1.80000000000001,10.7,8.69999999999999));
#2108=CARTESIAN_POINT('',(-1.79999999999999,10.7,8.7));
#2109=VECTOR('',#2547,1.0);
#2110=CARTESIAN_POINT('',(-1.8,10.7,5.1));
#2111=CARTESIAN_POINT('',(-1.8,10.7,5.1));
#2112=VECTOR('',#2548,1.0);
#2113=CARTESIAN_POINT('',(1.8,10.7,5.09999999999999));
#2114=CARTESIAN_POINT('',(1.8,10.7,5.09999999999999));
#2115=VECTOR('',#2549,1.0);
#2116=CARTESIAN_POINT('',(1.80000000000001,10.7,8.69999999999999));
#2117=VECTOR('',#2550,1.0);
#2118=CARTESIAN_POINT('',(-1.79999999999999,10.7,4.5));
#2119=CARTESIAN_POINT('',(1.80000000000001,10.7,4.49999999999999));
#2120=CARTESIAN_POINT('',(-1.79999999999999,10.7,4.5));
#2121=VECTOR('',#2551,1.0);
#2122=CARTESIAN_POINT('',(-1.8,10.7,0.900000000000003));
#2123=CARTESIAN_POINT('',(-1.8,10.7,0.900000000000003));
#2124=VECTOR('',#2552,1.0);
#2125=CARTESIAN_POINT('',(1.8,10.7,0.899999999999993));
#2126=CARTESIAN_POINT('',(1.8,10.7,0.899999999999993));
#2127=VECTOR('',#2553,1.0);
#2128=CARTESIAN_POINT('',(1.80000000000001,10.7,4.49999999999999));
#2129=VECTOR('',#2554,1.0);
#2130=CARTESIAN_POINT('',(2.7,10.7,-1.0));
#2131=VECTOR('',#2555,1.0);
#2132=CARTESIAN_POINT('',(1.5,1.25,12.4));
#2133=CARTESIAN_POINT('',(2.7,1.25,12.4));
#2134=VECTOR('',#2556,1.0);
#2135=CARTESIAN_POINT('',(1.5,1.25,11.1));
#2136=CARTESIAN_POINT('',(1.5,1.25,12.4));
#2137=VECTOR('',#2557,1.0);
#2138=CARTESIAN_POINT('',(-1.5,1.25,11.1));
#2139=CARTESIAN_POINT('',(2.7,1.25,11.1));
#2140=VECTOR('',#2558,1.0);
#2141=CARTESIAN_POINT('',(-1.5,1.25,12.4));
#2142=VECTOR('',#2559,1.0);
#2143=CARTESIAN_POINT('',(2.7,3.41865046978162,11.0955751162245));
#2144=VECTOR('',#2560,1.0);
#2145=CARTESIAN_POINT('',(2.7,8.5,11.65));
#2146=VECTOR('',#2561,1.0);
#2147=CARTESIAN_POINT('',(2.7,8.5,13.4));
#2148=VECTOR('',#2562,1.0);
#2149=CARTESIAN_POINT('',(2.7,7.0,13.4));
#2150=VECTOR('',#2563,1.0);
#2151=CARTESIAN_POINT('',(-1.5,7.0,13.1));
#2152=CARTESIAN_POINT('',(-1.5,7.0,11.4863353434521));
#2153=VECTOR('',#2564,1.0);
#2154=CARTESIAN_POINT('',(1.5,7.0,13.1));
#2155=CARTESIAN_POINT('',(1.5,7.0,13.1));
#2156=VECTOR('',#2565,1.0);
#2157=CARTESIAN_POINT('',(1.5,7.0,12.4));
#2158=CARTESIAN_POINT('',(1.5,7.0,11.4863353434521));
#2159=VECTOR('',#2566,1.0);
#2160=CARTESIAN_POINT('',(2.7,7.0,12.4));
#2161=VECTOR('',#2567,1.0);
#2162=CARTESIAN_POINT('',(1.5,6.3,12.4));
#2163=VECTOR('',#2568,1.0);
#2164=CARTESIAN_POINT('',(-1.5,-3.3,11.1));
#2165=CARTESIAN_POINT('',(-1.5,-3.3,11.1));
#2166=VECTOR('',#2569,1.0);
#2167=CARTESIAN_POINT('',(1.5,-3.3,11.1));
#2168=CARTESIAN_POINT('',(1.5,-3.3,11.1));
#2169=VECTOR('',#2570,1.0);
#2170=CARTESIAN_POINT('',(1.5,-3.3,11.1));
#2171=VECTOR('',#2571,1.0);
#2172=CARTESIAN_POINT('',(1.5,-5.6,13.1));
#2173=CARTESIAN_POINT('',(1.5,7.0,13.1));
#2174=VECTOR('',#2572,1.0);
#2175=CARTESIAN_POINT('',(1.5,-6.3,12.4));
#2176=CARTESIAN_POINT('',(1.5,-5.6,13.1));
#2177=VECTOR('',#2573,1.0);
#2178=CARTESIAN_POINT('',(1.5,-6.3,11.1));
#2179=CARTESIAN_POINT('',(1.5,-6.3,12.4));
#2180=VECTOR('',#2574,1.0);
#2181=CARTESIAN_POINT('',(1.5,-4.8,9.6));
#2182=CARTESIAN_POINT('',(1.5,-6.3,11.1));
#2183=VECTOR('',#2575,1.0);
#2184=CARTESIAN_POINT('',(1.5,-3.3,9.6));
#2185=CARTESIAN_POINT('',(1.5,-4.8,9.6));
#2186=VECTOR('',#2576,1.0);
#2187=CARTESIAN_POINT('',(1.5,-3.3,9.6));
#2188=VECTOR('',#2577,1.0);
#2189=CARTESIAN_POINT('',(-1.5,-3.3,9.6));
#2190=CARTESIAN_POINT('',(-1.5,-3.3,9.6));
#2191=VECTOR('',#2578,1.0);
#2192=CARTESIAN_POINT('',(-1.5,-4.8,9.6));
#2193=CARTESIAN_POINT('',(-1.5,-4.8,9.6));
#2194=VECTOR('',#2579,1.0);
#2195=CARTESIAN_POINT('',(-1.5,-6.3,11.1));
#2196=CARTESIAN_POINT('',(-1.5,-6.3,11.1));
#2197=VECTOR('',#2580,1.0);
#2198=CARTESIAN_POINT('',(-1.5,-6.3,12.4));
#2199=CARTESIAN_POINT('',(-1.5,-6.3,12.4));
#2200=VECTOR('',#2581,1.0);
#2201=CARTESIAN_POINT('',(-1.5,-5.6,13.1));
#2202=CARTESIAN_POINT('',(-1.5,-5.6,13.1));
#2203=VECTOR('',#2582,1.0);
#2204=CARTESIAN_POINT('',(-1.5,7.0,13.1));
#2205=VECTOR('',#2583,1.0);
#2206=CARTESIAN_POINT('',(1.5,-6.3,11.1));
#2207=VECTOR('',#2584,1.0);
#2208=CARTESIAN_POINT('',(1.5,-6.3,12.4));
#2209=VECTOR('',#2585,1.0);
#2210=CARTESIAN_POINT('',(1.5,-4.8,9.6));
#2211=VECTOR('',#2586,1.0);
#2212=CARTESIAN_POINT('',(1.5,-3.3,9.6));
#2213=VECTOR('',#2587,1.0);
#2214=CARTESIAN_POINT('',(1.5,-5.6,13.1));
#2215=VECTOR('',#2588,1.0);
#2216=CARTESIAN_POINT('',(-1.79999999999999,10.2,4.5));
#2217=CARTESIAN_POINT('',(-1.79999999999999,10.2,4.5));
#2218=VECTOR('',#2589,1.0);
#2219=CARTESIAN_POINT('',(-1.8,10.2,0.900000000000003));
#2220=CARTESIAN_POINT('',(-1.8,10.2,0.900000000000003));
#2221=VECTOR('',#2590,1.0);
#2222=CARTESIAN_POINT('',(-1.8,10.2,0.900000000000003));
#2223=VECTOR('',#2591,1.0);
#2224=CARTESIAN_POINT('',(1.80000000000001,10.2,4.49999999999999));
#2225=CARTESIAN_POINT('',(1.80000000000001,10.2,4.49999999999999));
#2226=VECTOR('',#2592,1.0);
#2227=CARTESIAN_POINT('',(-1.79999999999999,10.2,4.5));
#2228=VECTOR('',#2593,1.0);
#2229=CARTESIAN_POINT('',(1.8,10.2,0.899999999999993));
#2230=CARTESIAN_POINT('',(1.8,10.2,0.899999999999993));
#2231=VECTOR('',#2594,1.0);
#2232=CARTESIAN_POINT('',(1.80000000000001,10.2,4.49999999999999));
#2233=VECTOR('',#2595,1.0);
#2234=CARTESIAN_POINT('',(1.8,10.2,0.899999999999993));
#2235=VECTOR('',#2596,1.0);
#2236=CARTESIAN_POINT('',(-1.79999999999999,10.2,8.7));
#2237=CARTESIAN_POINT('',(-1.79999999999999,10.2,8.7));
#2238=VECTOR('',#2597,1.0);
#2239=CARTESIAN_POINT('',(-1.8,10.2,5.1));
#2240=CARTESIAN_POINT('',(-1.8,10.2,5.1));
#2241=VECTOR('',#2598,1.0);
#2242=CARTESIAN_POINT('',(-1.8,10.2,5.1));
#2243=VECTOR('',#2599,1.0);
#2244=CARTESIAN_POINT('',(1.80000000000001,10.2,8.69999999999999));
#2245=CARTESIAN_POINT('',(1.80000000000001,10.2,8.69999999999999));
#2246=VECTOR('',#2600,1.0);
#2247=CARTESIAN_POINT('',(-1.79999999999999,10.2,8.7));
#2248=VECTOR('',#2601,1.0);
#2249=CARTESIAN_POINT('',(1.8,10.2,5.09999999999999));
#2250=CARTESIAN_POINT('',(1.8,10.2,5.09999999999999));
#2251=VECTOR('',#2602,1.0);
#2252=CARTESIAN_POINT('',(1.80000000000001,10.2,8.69999999999999));
#2253=VECTOR('',#2603,1.0);
#2254=CARTESIAN_POINT('',(1.8,10.2,5.09999999999999));
#2255=VECTOR('',#2604,1.0);
#2256=CARTESIAN_POINT('',(-1.7,-8.9,0.999999999999997));
#2257=VECTOR('',#2605,1.0);
#2258=CARTESIAN_POINT('',(-1.7,-8.9,4.4));
#2259=VECTOR('',#2606,1.0);
#2260=CARTESIAN_POINT('',(1.7,-8.9,0.999999999999997));
#2261=VECTOR('',#2607,1.0);
#2262=CARTESIAN_POINT('',(1.7,-8.9,4.4));
#2263=VECTOR('',#2608,1.0);
#2264=CARTESIAN_POINT('',(-1.7,-8.9,6.2));
#2265=VECTOR('',#2609,1.0);
#2266=CARTESIAN_POINT('',(-1.7,-8.9,8.6));
#2267=VECTOR('',#2610,1.0);
#2268=CARTESIAN_POINT('',(-0.7,-8.9,5.2));
#2269=VECTOR('',#2611,1.0);
#2270=CARTESIAN_POINT('',(0.700000000000003,-8.9,5.2));
#2271=VECTOR('',#2612,1.0);
#2272=CARTESIAN_POINT('',(1.7,-8.9,6.2));
#2273=VECTOR('',#2613,1.0);
#2274=CARTESIAN_POINT('',(1.7,-8.9,8.6));
#2275=VECTOR('',#2614,1.0);
#2276=CARTESIAN_POINT('',(-1.3,-8.4,6.55));
#2277=CARTESIAN_POINT('',(-1.3,-8.4,7.65));
#2278=CARTESIAN_POINT('',(-1.3,-8.4,7.65));
#2279=VECTOR('',#2615,1.0);
#2280=CARTESIAN_POINT('',(-1.3,-8.9,7.65));
#2281=VECTOR('',#2616,1.0);
#2282=CARTESIAN_POINT('',(-1.3,-8.9,6.55));
#2283=VECTOR('',#2617,1.0);
#2284=CARTESIAN_POINT('',(-1.085,-8.4,6.55));
#2285=CARTESIAN_POINT('',(-1.3,-8.4,6.55));
#2286=VECTOR('',#2618,1.0);
#2287=CARTESIAN_POINT('',(-1.085,-8.9,6.55));
#2288=VECTOR('',#2619,1.0);
#2289=CARTESIAN_POINT('',(-1.085,-8.4,6.0));
#2290=CARTESIAN_POINT('',(-1.085,-8.4,6.55));
#2291=VECTOR('',#2620,1.0);
#2292=CARTESIAN_POINT('',(-1.085,-8.9,6.0));
#2293=VECTOR('',#2621,1.0);
#2294=CARTESIAN_POINT('',(-0.649999999999999,-8.4,6.0));
#2295=CARTESIAN_POINT('',(-1.085,-8.4,6.0));
#2296=VECTOR('',#2622,1.0);
#2297=CARTESIAN_POINT('',(-0.649999999999999,-8.9,6.0));
#2298=VECTOR('',#2623,1.0);
#2299=CARTESIAN_POINT('',(-0.399999999999999,-8.4,5.75));
#2300=CARTESIAN_POINT('',(-0.649999999999999,-8.4,6.0));
#2301=VECTOR('',#2624,1.0);
#2302=CARTESIAN_POINT('',(-0.399999999999999,-8.9,5.75));
#2303=VECTOR('',#2625,1.0);
#2304=CARTESIAN_POINT('',(0.400000000000001,-8.4,5.75));
#2305=CARTESIAN_POINT('',(-0.399999999999999,-8.4,5.75));
#2306=VECTOR('',#2626,1.0);
#2307=CARTESIAN_POINT('',(0.400000000000001,-8.9,5.75));
#2308=VECTOR('',#2627,1.0);
#2309=CARTESIAN_POINT('',(0.650000000000001,-8.4,6.0));
#2310=CARTESIAN_POINT('',(0.400000000000001,-8.4,5.75));
#2311=VECTOR('',#2628,1.0);
#2312=CARTESIAN_POINT('',(0.650000000000001,-8.9,6.0));
#2313=VECTOR('',#2629,1.0);
#2314=CARTESIAN_POINT('',(1.085,-8.4,6.0));
#2315=CARTESIAN_POINT('',(0.650000000000001,-8.4,6.0));
#2316=VECTOR('',#2630,1.0);
#2317=CARTESIAN_POINT('',(1.085,-8.9,6.0));
#2318=VECTOR('',#2631,1.0);
#2319=CARTESIAN_POINT('',(1.085,-8.4,6.55));
#2320=CARTESIAN_POINT('',(1.085,-8.4,6.0));
#2321=VECTOR('',#2632,1.0);
#2322=CARTESIAN_POINT('',(1.085,-8.9,6.55));
#2323=VECTOR('',#2633,1.0);
#2324=CARTESIAN_POINT('',(1.3,-8.4,6.55));
#2325=CARTESIAN_POINT('',(1.085,-8.4,6.55));
#2326=VECTOR('',#2634,1.0);
#2327=CARTESIAN_POINT('',(1.3,-8.9,6.55));
#2328=VECTOR('',#2635,1.0);
#2329=CARTESIAN_POINT('',(1.3,-8.4,7.65));
#2330=CARTESIAN_POINT('',(1.3,-8.4,6.55));
#2331=VECTOR('',#2636,1.0);
#2332=CARTESIAN_POINT('',(1.3,-8.9,7.65));
#2333=VECTOR('',#2637,1.0);
#2334=CARTESIAN_POINT('',(1.085,-8.4,7.65));
#2335=CARTESIAN_POINT('',(1.3,-8.4,7.65));
#2336=VECTOR('',#2638,1.0);
#2337=CARTESIAN_POINT('',(1.085,-8.9,7.65));
#2338=VECTOR('',#2639,1.0);
#2339=CARTESIAN_POINT('',(1.085,-8.4,8.0));
#2340=CARTESIAN_POINT('',(1.085,-8.4,7.65));
#2341=VECTOR('',#2640,1.0);
#2342=CARTESIAN_POINT('',(1.085,-8.9,8.0));
#2343=VECTOR('',#2641,1.0);
#2344=CARTESIAN_POINT('',(-1.085,-8.4,8.0));
#2345=CARTESIAN_POINT('',(1.085,-8.4,8.0));
#2346=VECTOR('',#2642,1.0);
#2347=CARTESIAN_POINT('',(-1.085,-8.9,8.0));
#2348=VECTOR('',#2643,1.0);
#2349=CARTESIAN_POINT('',(-1.085,-8.4,7.65));
#2350=CARTESIAN_POINT('',(-1.085,-8.4,8.0));
#2351=VECTOR('',#2644,1.0);
#2352=CARTESIAN_POINT('',(-1.085,-8.9,7.65));
#2353=VECTOR('',#2645,1.0);
#2354=CARTESIAN_POINT('',(-1.085,-8.4,7.65));
#2355=VECTOR('',#2646,1.0);
#2356=CARTESIAN_POINT('',(-1.3,-8.4,2.35));
#2357=CARTESIAN_POINT('',(-1.3,-8.4,3.44999999999999));
#2358=CARTESIAN_POINT('',(-1.3,-8.4,3.44999999999999));
#2359=VECTOR('',#2647,1.0);
#2360=CARTESIAN_POINT('',(-1.3,-8.9,3.44999999999999));
#2361=VECTOR('',#2648,1.0);
#2362=CARTESIAN_POINT('',(-1.3,-8.9,2.35));
#2363=VECTOR('',#2649,1.0);
#2364=CARTESIAN_POINT('',(-1.085,-8.4,2.35));
#2365=CARTESIAN_POINT('',(-1.3,-8.4,2.35));
#2366=VECTOR('',#2650,1.0);
#2367=CARTESIAN_POINT('',(-1.085,-8.9,2.35));
#2368=VECTOR('',#2651,1.0);
#2369=CARTESIAN_POINT('',(-1.085,-8.4,1.79999999999999));
#2370=CARTESIAN_POINT('',(-1.085,-8.4,2.35));
#2371=VECTOR('',#2652,1.0);
#2372=CARTESIAN_POINT('',(-1.085,-8.9,1.79999999999999));
#2373=VECTOR('',#2653,1.0);
#2374=CARTESIAN_POINT('',(-0.649999999999999,-8.4,1.79999999999999));
#2375=CARTESIAN_POINT('',(-1.085,-8.4,1.79999999999999));
#2376=VECTOR('',#2654,1.0);
#2377=CARTESIAN_POINT('',(-0.649999999999999,-8.9,1.79999999999999));
#2378=VECTOR('',#2655,1.0);
#2379=CARTESIAN_POINT('',(-0.399999999999999,-8.4,1.54999999999999));
#2380=CARTESIAN_POINT('',(-0.649999999999999,-8.4,1.79999999999999));
#2381=VECTOR('',#2656,1.0);
#2382=CARTESIAN_POINT('',(-0.399999999999999,-8.9,1.54999999999999));
#2383=VECTOR('',#2657,1.0);
#2384=CARTESIAN_POINT('',(0.400000000000001,-8.4,1.54999999999999));
#2385=CARTESIAN_POINT('',(-0.399999999999999,-8.4,1.54999999999999));
#2386=VECTOR('',#2658,1.0);
#2387=CARTESIAN_POINT('',(0.400000000000001,-8.9,1.54999999999999));
#2388=VECTOR('',#2659,1.0);
#2389=CARTESIAN_POINT('',(0.650000000000001,-8.4,1.79999999999999));
#2390=CARTESIAN_POINT('',(0.400000000000001,-8.4,1.54999999999999));
#2391=VECTOR('',#2660,1.0);
#2392=CARTESIAN_POINT('',(0.650000000000001,-8.9,1.79999999999999));
#2393=VECTOR('',#2661,1.0);
#2394=CARTESIAN_POINT('',(1.085,-8.4,1.79999999999999));
#2395=CARTESIAN_POINT('',(0.650000000000001,-8.4,1.79999999999999));
#2396=VECTOR('',#2662,1.0);
#2397=CARTESIAN_POINT('',(1.085,-8.9,1.79999999999999));
#2398=VECTOR('',#2663,1.0);
#2399=CARTESIAN_POINT('',(1.085,-8.4,2.35));
#2400=CARTESIAN_POINT('',(1.085,-8.4,1.79999999999999));
#2401=VECTOR('',#2664,1.0);
#2402=CARTESIAN_POINT('',(1.085,-8.9,2.35));
#2403=VECTOR('',#2665,1.0);
#2404=CARTESIAN_POINT('',(1.3,-8.4,2.35));
#2405=CARTESIAN_POINT('',(1.085,-8.4,2.35));
#2406=VECTOR('',#2666,1.0);
#2407=CARTESIAN_POINT('',(1.3,-8.9,2.35));
#2408=VECTOR('',#2667,1.0);
#2409=CARTESIAN_POINT('',(1.3,-8.4,3.44999999999999));
#2410=CARTESIAN_POINT('',(1.3,-8.4,2.35));
#2411=VECTOR('',#2668,1.0);
#2412=CARTESIAN_POINT('',(1.3,-8.9,3.44999999999999));
#2413=VECTOR('',#2669,1.0);
#2414=CARTESIAN_POINT('',(1.085,-8.4,3.44999999999999));
#2415=CARTESIAN_POINT('',(1.3,-8.4,3.44999999999999));
#2416=VECTOR('',#2670,1.0);
#2417=CARTESIAN_POINT('',(1.085,-8.9,3.44999999999999));
#2418=VECTOR('',#2671,1.0);
#2419=CARTESIAN_POINT('',(1.085,-8.4,3.79999999999999));
#2420=CARTESIAN_POINT('',(1.085,-8.4,3.44999999999999));
#2421=VECTOR('',#2672,1.0);
#2422=CARTESIAN_POINT('',(1.085,-8.9,3.79999999999999));
#2423=VECTOR('',#2673,1.0);
#2424=CARTESIAN_POINT('',(-1.085,-8.4,3.79999999999999));
#2425=CARTESIAN_POINT('',(1.085,-8.4,3.79999999999999));
#2426=VECTOR('',#2674,1.0);
#2427=CARTESIAN_POINT('',(-1.085,-8.9,3.79999999999999));
#2428=VECTOR('',#2675,1.0);
#2429=CARTESIAN_POINT('',(-1.085,-8.4,3.44999999999999));
#2430=CARTESIAN_POINT('',(-1.085,-8.4,3.79999999999999));
#2431=VECTOR('',#2676,1.0);
#2432=CARTESIAN_POINT('',(-1.085,-8.9,3.44999999999999));
#2433=VECTOR('',#2677,1.0);
#2434=CARTESIAN_POINT('',(-1.085,-8.4,3.44999999999999));
#2435=VECTOR('',#2678,1.0);
#2436=DIRECTION('',(0.0,-1.0,-0.0));
#2437=CARTESIAN_POINT('',(8.94466792300541E-16,9.7,0.0699999999999994));
#2438=DIRECTION('',(0.0,-1.0,0.0));
#2439=DIRECTION('',(0.0,0.0,1.0));
#2440=DIRECTION('',(0.0,1.0,0.0));
#2441=CARTESIAN_POINT('',(8.94466792300541E-16,0.0,0.0699999999999994));
#2442=DIRECTION('',(0.0,-1.0,0.0));
#2443=DIRECTION('',(1.0,0.0,-4.2351647362715E-17));
#2444=DIRECTION('',(1.0,0.0,0.0));
#2445=DIRECTION('',(1.0,0.0,-1.02798428206033E-17));
#2446=DIRECTION('',(0.0,-1.0,0.0));
#2447=DIRECTION('',(1.0,0.0,-1.02798428206033E-17));
#2448=DIRECTION('',(0.0,-1.0,0.0));
#2449=DIRECTION('',(1.0,0.0,0.0));
#2450=DIRECTION('',(0.0,-1.0,0.0));
#2451=CARTESIAN_POINT('',(8.94466792300541E-16,9.7,0.0699999999999994));
#2452=DIRECTION('',(0.0,-1.0,0.0));
#2453=DIRECTION('',(0.0,0.0,1.0));
#2454=DIRECTION('',(8.67361737988403E-16,0.0,1.0));
#2455=DIRECTION('',(-1.0,0.0,3.21245088143853E-16));
#2456=DIRECTION('',(0.0,0.0,-1.0));
#2457=DIRECTION('',(3.82659590289001E-16,0.0,-1.0));
#2458=DIRECTION('',(1.0,0.0,3.18882991907501E-16));
#2459=DIRECTION('',(-2.55106393526001E-16,0.0,1.0));
#2460=DIRECTION('',(-1.0,0.0,-2.55106393526001E-16));
#2461=DIRECTION('',(1.0,0.0,0.0));
#2462=DIRECTION('',(0.0,0.0,-1.0));
#2463=DIRECTION('',(-1.0,0.0,0.0));
#2464=DIRECTION('',(0.0,0.0,-1.0));
#2465=DIRECTION('',(-1.0,0.0,0.0));
#2466=DIRECTION('',(0.0,0.0,1.0));
#2467=DIRECTION('',(-1.0,0.0,0.0));
#2468=DIRECTION('',(0.0,0.0,1.0));
#2469=DIRECTION('',(1.0,0.0,0.0));
#2470=DIRECTION('',(0.0,0.0,1.0));
#2471=DIRECTION('',(1.0,0.0,0.0));
#2472=DIRECTION('',(0.707106781186548,0.0,0.707106781186548));
#2473=DIRECTION('',(1.0,0.0,0.0));
#2474=DIRECTION('',(0.707106781186547,0.0,-0.707106781186548));
#2475=DIRECTION('',(1.0,0.0,0.0));
#2476=DIRECTION('',(0.0,0.0,-1.0));
#2477=DIRECTION('',(1.80700362080917E-16,0.0,-1.0));
#2478=DIRECTION('',(0.707106781186548,0.0,-0.707106781186547));
#2479=DIRECTION('',(1.0,0.0,0.0));
#2480=DIRECTION('',(0.707106781186547,0.0,0.707106781186548));
#2481=DIRECTION('',(0.0,0.0,1.0));
#2482=DIRECTION('',(-1.0,0.0,0.0));
#2483=DIRECTION('',(1.0,0.0,0.0));
#2484=DIRECTION('',(0.0,0.0,-1.0));
#2485=DIRECTION('',(-1.0,0.0,0.0));
#2486=DIRECTION('',(0.0,0.0,-1.0));
#2487=DIRECTION('',(-1.0,0.0,0.0));
#2488=DIRECTION('',(0.0,0.0,1.0));
#2489=DIRECTION('',(-1.0,0.0,0.0));
#2490=DIRECTION('',(0.0,0.0,1.0));
#2491=DIRECTION('',(1.0,0.0,0.0));
#2492=DIRECTION('',(0.0,0.0,1.0));
#2493=DIRECTION('',(1.0,0.0,0.0));
#2494=DIRECTION('',(0.707106781186547,0.0,0.707106781186548));
#2495=DIRECTION('',(1.0,0.0,0.0));
#2496=DIRECTION('',(0.707106781186547,0.0,-0.707106781186548));
#2497=DIRECTION('',(1.0,0.0,0.0));
#2498=DIRECTION('',(0.0,0.0,-1.0));
#2499=DIRECTION('',(3.82659590289001E-16,0.0,-1.0));
#2500=DIRECTION('',(-1.0,0.0,-2.55106393526001E-16));
#2501=DIRECTION('',(-2.55106393526001E-16,0.0,1.0));
#2502=DIRECTION('',(1.0,0.0,3.18882991907501E-16));
#2503=DIRECTION('',(0.0,0.0,-1.0));
#2504=CARTESIAN_POINT('',(8.94466792300541E-16,0.0,0.0699999999999994));
#2505=DIRECTION('',(0.0,-1.0,0.0));
#2506=DIRECTION('',(1.0,0.0,-4.2351647362715E-17));
#2507=DIRECTION('',(0.0,0.0,1.0));
#2508=DIRECTION('',(-1.0,0.0,0.0));
#2509=DIRECTION('',(0.707106781186548,0.0,-0.707106781186547));
#2510=DIRECTION('',(1.80700362080917E-16,0.0,-1.0));
#2511=DIRECTION('',(-1.0,0.0,0.0));
#2512=DIRECTION('',(0.0,0.0,1.0));
#2513=DIRECTION('',(0.707106781186547,0.0,0.707106781186548));
#2514=DIRECTION('',(1.0,0.0,0.0));
#2515=DIRECTION('',(0.0,1.0,-6.87019198406657E-16));
#2516=DIRECTION('',(-1.0,0.0,0.0));
#2517=DIRECTION('',(0.0,-1.0,6.87019198406656E-16));
#2518=DIRECTION('',(-1.0,0.0,0.0));
#2519=DIRECTION('',(0.0,-1.0,0.0));
#2520=DIRECTION('',(-1.0,0.0,0.0));
#2521=DIRECTION('',(0.0,-1.0,0.0));
#2522=DIRECTION('',(0.0,7.7443012320393E-17,-1.0));
#2523=DIRECTION('',(0.0,-3.71726459137887E-15,-1.0));
#2524=DIRECTION('',(0.0,-1.0,0.0));
#2525=DIRECTION('',(0.0,0.0,1.0));
#2526=DIRECTION('',(0.0,0.994100154966064,0.108466040291177));
#2527=CARTESIAN_POINT('',(-2.7,3.5,10.35));
#2528=DIRECTION('',(-1.0,0.0,0.0));
#2529=DIRECTION('',(0.0,1.0,0.0));
#2530=DIRECTION('',(0.0,-1.0,0.0));
#2531=DIRECTION('',(0.0,0.0,-1.0));
#2532=DIRECTION('',(0.0,1.0,0.0));
#2533=DIRECTION('',(0.0,1.0,0.0));
#2534=DIRECTION('',(0.0,0.0,1.0));
#2535=DIRECTION('',(0.0,-1.0,0.0));
#2536=CARTESIAN_POINT('',(2.7,3.5,10.35));
#2537=DIRECTION('',(-1.0,0.0,0.0));
#2538=DIRECTION('',(0.0,1.0,0.0));
#2539=DIRECTION('',(0.0,0.994100154966064,0.108466040291177));
#2540=DIRECTION('',(0.0,0.0,1.0));
#2541=DIRECTION('',(0.0,-1.0,0.0));
#2542=DIRECTION('',(0.0,0.0,-1.0));
#2543=DIRECTION('',(0.0,-1.0,0.0));
#2544=DIRECTION('',(0.0,7.7443012320393E-17,-1.0));
#2545=DIRECTION('',(-1.0,0.0,0.0));
#2546=DIRECTION('',(-1.0,0.0,0.0));
#2547=DIRECTION('',(1.0,0.0,-2.4093381610789E-15));
#2548=DIRECTION('',(2.71050543121376E-15,0.0,1.0));
#2549=DIRECTION('',(-1.0,0.0,2.65027197718679E-15));
#2550=DIRECTION('',(-2.46957161510587E-15,0.0,-1.0));
#2551=DIRECTION('',(1.0,0.0,-2.65027197718679E-15));
#2552=DIRECTION('',(2.71050543121376E-15,0.0,1.0));
#2553=DIRECTION('',(-1.0,0.0,2.71050543121376E-15));
#2554=DIRECTION('',(-2.46957161510587E-15,0.0,-1.0));
#2555=DIRECTION('',(-1.0,0.0,3.21245088143853E-16));
#2556=DIRECTION('',(-1.0,0.0,0.0));
#2557=DIRECTION('',(0.0,7.7443012320393E-17,-1.0));
#2558=DIRECTION('',(-1.0,0.0,0.0));
#2559=DIRECTION('',(0.0,7.7443012320393E-17,-1.0));
#2560=DIRECTION('',(-1.0,0.0,0.0));
#2561=DIRECTION('',(-1.0,0.0,0.0));
#2562=DIRECTION('',(-1.0,0.0,0.0));
#2563=DIRECTION('',(-1.0,0.0,0.0));
#2564=DIRECTION('',(0.0,0.0,1.0));
#2565=DIRECTION('',(-1.0,0.0,0.0));
#2566=DIRECTION('',(0.0,0.0,1.0));
#2567=DIRECTION('',(-1.0,0.0,0.0));
#2568=DIRECTION('',(0.0,1.0,-6.87019198406657E-16));
#2569=DIRECTION('',(0.0,1.0,2.56646085385812E-16));
#2570=DIRECTION('',(0.0,1.0,2.56646085385812E-16));
#2571=DIRECTION('',(-1.0,0.0,0.0));
#2572=DIRECTION('',(0.0,-1.0,0.0));
#2573=DIRECTION('',(0.0,-0.707106781186548,-0.707106781186548));
#2574=DIRECTION('',(0.0,-1.33440267382831E-15,-1.0));
#2575=DIRECTION('',(0.0,0.707106781186548,-0.707106781186548));
#2576=DIRECTION('',(0.0,1.0,0.0));
#2577=DIRECTION('',(0.0,2.89120579329468E-16,1.0));
#2578=DIRECTION('',(0.0,2.89120579329468E-16,1.0));
#2579=DIRECTION('',(0.0,1.0,0.0));
#2580=DIRECTION('',(0.0,0.707106781186548,-0.707106781186548));
#2581=DIRECTION('',(0.0,-1.33440267382831E-15,-1.0));
#2582=DIRECTION('',(0.0,-0.707106781186548,-0.707106781186548));
#2583=DIRECTION('',(0.0,-1.0,0.0));
#2584=DIRECTION('',(-1.0,0.0,0.0));
#2585=DIRECTION('',(-1.0,0.0,0.0));
#2586=DIRECTION('',(-1.0,0.0,0.0));
#2587=DIRECTION('',(-1.0,0.0,0.0));
#2588=DIRECTION('',(-1.0,0.0,0.0));
#2589=DIRECTION('',(0.0,-1.0,0.0));
#2590=DIRECTION('',(-2.71050543121376E-15,0.0,-1.0));
#2591=DIRECTION('',(0.0,-1.0,0.0));
#2592=DIRECTION('',(0.0,-1.0,0.0));
#2593=DIRECTION('',(-1.0,0.0,2.65027197718679E-15));
#2594=DIRECTION('',(0.0,-1.0,0.0));
#2595=DIRECTION('',(2.46957161510587E-15,0.0,1.0));
#2596=DIRECTION('',(1.0,0.0,-2.71050543121376E-15));
#2597=DIRECTION('',(0.0,-1.0,0.0));
#2598=DIRECTION('',(-2.71050543121376E-15,0.0,-1.0));
#2599=DIRECTION('',(0.0,-1.0,0.0));
#2600=DIRECTION('',(0.0,-1.0,0.0));
#2601=DIRECTION('',(-1.0,0.0,2.4093381610789E-15));
#2602=DIRECTION('',(0.0,-1.0,0.0));
#2603=DIRECTION('',(2.46957161510587E-15,0.0,1.0));
#2604=DIRECTION('',(1.0,0.0,-2.65027197718679E-15));
#2605=DIRECTION('',(0.0,1.0,0.0));
#2606=DIRECTION('',(0.0,1.0,0.0));
#2607=DIRECTION('',(0.0,1.0,0.0));
#2608=DIRECTION('',(0.0,1.0,0.0));
#2609=DIRECTION('',(0.0,1.0,0.0));
#2610=DIRECTION('',(0.0,1.0,0.0));
#2611=DIRECTION('',(0.0,1.0,0.0));
#2612=DIRECTION('',(0.0,1.0,0.0));
#2613=DIRECTION('',(0.0,1.0,0.0));
#2614=DIRECTION('',(0.0,1.0,0.0));
#2615=DIRECTION('',(0.0,0.0,1.0));
#2616=DIRECTION('',(0.0,-1.0,0.0));
#2617=DIRECTION('',(0.0,-1.0,0.0));
#2618=DIRECTION('',(-1.0,0.0,0.0));
#2619=DIRECTION('',(0.0,-1.0,0.0));
#2620=DIRECTION('',(0.0,0.0,1.0));
#2621=DIRECTION('',(0.0,-1.0,0.0));
#2622=DIRECTION('',(-1.0,0.0,0.0));
#2623=DIRECTION('',(0.0,-1.0,0.0));
#2624=DIRECTION('',(-0.707106781186547,0.0,0.707106781186548));
#2625=DIRECTION('',(0.0,-1.0,0.0));
#2626=DIRECTION('',(-1.0,0.0,0.0));
#2627=DIRECTION('',(0.0,-1.0,0.0));
#2628=DIRECTION('',(-0.707106781186547,0.0,-0.707106781186548));
#2629=DIRECTION('',(0.0,-1.0,0.0));
#2630=DIRECTION('',(-1.0,0.0,0.0));
#2631=DIRECTION('',(0.0,-1.0,0.0));
#2632=DIRECTION('',(0.0,0.0,-1.0));
#2633=DIRECTION('',(0.0,-1.0,0.0));
#2634=DIRECTION('',(-1.0,0.0,0.0));
#2635=DIRECTION('',(0.0,-1.0,0.0));
#2636=DIRECTION('',(0.0,0.0,-1.0));
#2637=DIRECTION('',(0.0,-1.0,0.0));
#2638=DIRECTION('',(1.0,0.0,0.0));
#2639=DIRECTION('',(0.0,-1.0,0.0));
#2640=DIRECTION('',(0.0,0.0,-1.0));
#2641=DIRECTION('',(0.0,-1.0,0.0));
#2642=DIRECTION('',(1.0,0.0,0.0));
#2643=DIRECTION('',(0.0,-1.0,0.0));
#2644=DIRECTION('',(0.0,0.0,1.0));
#2645=DIRECTION('',(0.0,-1.0,0.0));
#2646=DIRECTION('',(1.0,0.0,0.0));
#2647=DIRECTION('',(0.0,0.0,1.0));
#2648=DIRECTION('',(0.0,-1.0,0.0));
#2649=DIRECTION('',(0.0,-1.0,0.0));
#2650=DIRECTION('',(-1.0,0.0,0.0));
#2651=DIRECTION('',(0.0,-1.0,0.0));
#2652=DIRECTION('',(0.0,0.0,1.0));
#2653=DIRECTION('',(0.0,-1.0,0.0));
#2654=DIRECTION('',(-1.0,0.0,0.0));
#2655=DIRECTION('',(0.0,-1.0,0.0));
#2656=DIRECTION('',(-0.707106781186547,0.0,0.707106781186548));
#2657=DIRECTION('',(0.0,-1.0,0.0));
#2658=DIRECTION('',(-1.0,0.0,0.0));
#2659=DIRECTION('',(0.0,-1.0,0.0));
#2660=DIRECTION('',(-0.707106781186548,0.0,-0.707106781186548));
#2661=DIRECTION('',(0.0,-1.0,0.0));
#2662=DIRECTION('',(-1.0,0.0,0.0));
#2663=DIRECTION('',(0.0,-1.0,0.0));
#2664=DIRECTION('',(0.0,0.0,-1.0));
#2665=DIRECTION('',(0.0,-1.0,0.0));
#2666=DIRECTION('',(-1.0,0.0,0.0));
#2667=DIRECTION('',(0.0,-1.0,0.0));
#2668=DIRECTION('',(0.0,0.0,-1.0));
#2669=DIRECTION('',(0.0,-1.0,0.0));
#2670=DIRECTION('',(1.0,0.0,0.0));
#2671=DIRECTION('',(0.0,-1.0,0.0));
#2672=DIRECTION('',(0.0,0.0,-1.0));
#2673=DIRECTION('',(0.0,-1.0,0.0));
#2674=DIRECTION('',(1.0,0.0,0.0));
#2675=DIRECTION('',(0.0,-1.0,0.0));
#2676=DIRECTION('',(0.0,0.0,1.0));
#2677=DIRECTION('',(0.0,-1.0,0.0));
#2678=DIRECTION('',(1.0,0.0,0.0));
#2679=PRESENTATION_LAYER_ASSIGNMENT('1','Layer 1',(#25));
ENDSEC;
END-ISO-10303-21;
