ISO-10303-21;
HEADER;
FILE_DESCRIPTION (( 'STEP AP214' ),
    '1' );
FILE_NAME ('C978040B-5F73-439A-AA8D-AB607383B45A.STEP',
    '2026-04-01T06:22:13',
    ( '' ),
    ( '' ),
    'SwSTEP 2.0',
    'SolidWorks 2022',
    '' );
FILE_SCHEMA (( 'AUTOMOTIVE_DESIGN' ));
ENDSEC;

DATA;
#1 = ORIENTED_EDGE ( 'NONE', *, *, #665, .T. ) ;
#2 = ORIENTED_EDGE ( 'NONE', *, *, #1432, .F. ) ;
#3 = DIRECTION ( 'NONE',  ( 0.0000000000000000000, -1.000000000000000000, 3.330669073875000249E-16 ) ) ;
#4 = VECTOR ( 'NONE', #760, 1000.000000000000000 ) ;
#5 = VECTOR ( 'NONE', #321, 1000.000000000000000 ) ;
#6 = DIRECTION ( 'NONE',  ( 1.000000000000000000, 0.0000000000000000000, 0.0000000000000000000 ) ) ;
#7 = ORIENTED_EDGE ( 'NONE', *, *, #505, .T. ) ;
#8 = CARTESIAN_POINT ( 'NONE',  ( -1.500000000000000000, 0.02500000000000000139, 0.5500000000000000444 ) ) ;
#9 = AXIS2_PLACEMENT_3D ( 'NONE', #1311, #1198, #439 ) ;
#10 = AXIS2_PLACEMENT_3D ( 'NONE', #809, #1197, #675 ) ;
#11 = CARTESIAN_POINT ( 'NONE',  ( 1.500000000000000000, -0.02500000000000000139, 0.5500000000000000444 ) ) ;
#12 = CARTESIAN_POINT ( 'NONE',  ( 1.500000000000000000, 1.574999999999999956, 0.5500000000000000444 ) ) ;
#13 = COLOUR_RGB ( '',0.8470588235294117530, 0.8470588235294117530, 0.8470588235294117530 ) ;
#14 = LINE ( 'NONE', #516, #627 ) ;
#15 = VERTEX_POINT ( 'NONE', #1489 ) ;
#16 = DIRECTION ( 'NONE',  ( 0.0000000000000000000, -3.970222857247000111E-16, -1.000000000000000000 ) ) ;
#17 = CARTESIAN_POINT ( 'NONE',  ( -0.2999999999999999889, 1.600000000000000089, -5.329070518200999688E-16 ) ) ;
#18 = ORIENTED_EDGE ( 'NONE', *, *, #684, .T. ) ;
#19 = DIRECTION ( 'NONE',  ( 0.0000000000000000000, -3.330669073875000249E-16, -1.000000000000000000 ) ) ;
#20 = ADVANCED_FACE ( 'NONE', ( #857 ), #1244, .F. ) ;
#21 = DIRECTION ( 'NONE',  ( -1.000000000000000000, 0.0000000000000000000, 0.0000000000000000000 ) ) ;
#22 = DIRECTION ( 'NONE',  ( 0.0000000000000000000, -1.000000000000000000, 3.330669073875000249E-16 ) ) ;
#23 = EDGE_LOOP ( 'NONE', ( #1359, #1628, #1051, #1304 ) ) ;
#24 = CARTESIAN_POINT ( 'NONE',  ( -1.500000000000000000, -1.574999999999999956, 0.5500000000000000444 ) ) ;
#25 = DIRECTION ( 'NONE',  ( -1.000000000000000000, 0.0000000000000000000, 0.0000000000000000000 ) ) ;
#26 = ORIENTED_EDGE ( 'NONE', *, *, #1339, .F. ) ;
#27 = SURFACE_SIDE_STYLE ('',( #276 ) ) ;
#28 = LINE ( 'NONE', #930, #40 ) ;
#29 = ADVANCED_FACE ( 'NONE', ( #1105 ), #990, .T. ) ;
#30 = CARTESIAN_POINT ( 'NONE',  ( 0.7500000000000000000, 1.600000000000000089, 0.5500000000000000444 ) ) ;
#31 = EDGE_LOOP ( 'NONE', ( #987, #900, #1570, #480 ) ) ;
#32 = CARTESIAN_POINT ( 'NONE',  ( 0.5500000000000000444, 1.600000000000000089, 0.5500000000000000444 ) ) ;
#33 = PLANE ( 'NONE',  #347 ) ;
#34 = STYLED_ITEM ( 'NONE', ( #1006 ), #517 ) ;
#35 = VERTEX_POINT ( 'NONE', #1611 ) ;
#36 = VECTOR ( 'NONE', #1317, 1000.000000000000000 ) ;
#37 = DIRECTION ( 'NONE',  ( 1.000000000000000000, -2.433209236776999870E-18, 5.051619526262000422E-34 ) ) ;
#38 = VECTOR ( 'NONE', #1110, 1000.000000000000000 ) ;
#39 = LINE ( 'NONE', #315, #545 ) ;
#40 = VECTOR ( 'NONE', #646, 1000.000000000000000 ) ;
#41 = EDGE_CURVE ( 'NONE', #944, #232, #602, .T. ) ;
#42 = VERTEX_POINT ( 'NONE', #849 ) ;
#43 = EDGE_CURVE ( 'NONE', #774, #753, #1009, .T. ) ;
#44 = CARTESIAN_POINT ( 'NONE',  ( -0.7500000000000000000, 1.600000000000000089, 0.5500000000000000444 ) ) ;
#45 = ORIENTED_EDGE ( 'NONE', *, *, #1600, .F. ) ;
#46 = FACE_OUTER_BOUND ( 'NONE', #651, .T. ) ;
#47 =( LENGTH_UNIT ( ) NAMED_UNIT ( * ) SI_UNIT ( .MILLI., .METRE. ) );
#48 = DIRECTION ( 'NONE',  ( 1.000000000000000000, 0.0000000000000000000, 0.0000000000000000000 ) ) ;
#49 = ORIENTED_EDGE ( 'NONE', *, *, #106, .F. ) ;
#50 = ADVANCED_FACE ( 'NONE', ( #1414 ), #911, .T. ) ;
#51 = ADVANCED_FACE ( 'NONE', ( #391 ), #293, .F. ) ;
#52 = LINE ( 'NONE', #1280, #681 ) ;
#53 = VERTEX_POINT ( 'NONE', #647 ) ;
#54 = EDGE_CURVE ( 'NONE', #1265, #1176, #380, .T. ) ;
#55 = CARTESIAN_POINT ( 'NONE',  ( 0.7500000000000000000, 1.600000000000000089, 0.05000000000000000278 ) ) ;
#56 = FILL_AREA_STYLE ('',( #1540 ) ) ;
#57 = CARTESIAN_POINT ( 'NONE',  ( 0.5500000000000000444, 0.02500000000000000139, 0.5500000000000000444 ) ) ;
#58 = EDGE_LOOP ( 'NONE', ( #1551, #482, #1000, #83 ) ) ;
#59 = CARTESIAN_POINT ( 'NONE',  ( -0.8000000000000000444, 1.600000000000000089, 0.5999999999999999778 ) ) ;
#60 = VERTEX_POINT ( 'NONE', #156 ) ;
#61 = DIRECTION ( 'NONE',  ( 1.000000000000000000, 0.0000000000000000000, 0.0000000000000000000 ) ) ;
#62 = VECTOR ( 'NONE', #1223, 1000.000000000000000 ) ;
#63 =( LENGTH_UNIT ( ) NAMED_UNIT ( * ) SI_UNIT ( .MILLI., .METRE. ) );
#64 = FACE_OUTER_BOUND ( 'NONE', #353, .T. ) ;
#65 = VECTOR ( 'NONE', #289, 1000.000000000000000 ) ;
#66 = LINE ( 'NONE', #1063, #1288 ) ;
#67 = AXIS2_PLACEMENT_3D ( 'NONE', #416, #544, #1569 ) ;
#68 = ORIENTED_EDGE ( 'NONE', *, *, #191, .T. ) ;
#69 = VECTOR ( 'NONE', #754, 1000.000000000000000 ) ;
#70 = VECTOR ( 'NONE', #1358, 1000.000000000000000 ) ;
#71 = PLANE ( 'NONE',  #979 ) ;
#72 = ORIENTED_EDGE ( 'NONE', *, *, #1015, .T. ) ;
#73 = DIRECTION ( 'NONE',  ( 0.0000000000000000000, -1.000000000000000000, 3.330669073875000249E-16 ) ) ;
#74 = CARTESIAN_POINT ( 'NONE',  ( -0.7500000000000000000, 1.600000000000000089, 0.5500000000000000444 ) ) ;
#75 = EDGE_CURVE ( 'NONE', #157, #912, #149, .T. ) ;
#76 = DIRECTION ( 'NONE',  ( 0.0000000000000000000, 3.330669073875000249E-16, 1.000000000000000000 ) ) ;
#77 = ORIENTED_EDGE ( 'NONE', *, *, #1440, .F. ) ;
#78 = CARTESIAN_POINT ( 'NONE',  ( 0.7500000000000000000, 1.600000000000000089, 0.5500000000000000444 ) ) ;
#79 = ORIENTED_EDGE ( 'NONE', *, *, #282, .F. ) ;
#80 = PLANE ( 'NONE',  #113 ) ;
#81 = CARTESIAN_POINT ( 'NONE',  ( -0.8000000000000000444, 1.574999999999999956, 0.5749999999999999556 ) ) ;
#82 = DIRECTION ( 'NONE',  ( 0.0000000000000000000, -3.330669073875000249E-16, -1.000000000000000000 ) ) ;
#83 = ORIENTED_EDGE ( 'NONE', *, *, #1062, .T. ) ;
#84 = PRODUCT_DEFINITION_CONTEXT ( 'detailed design', #116, 'design' ) ;
#85 = LINE ( 'NONE', #104, #502 ) ;
#86 = ORIENTED_EDGE ( 'NONE', *, *, #1245, .F. ) ;
#87 = DIRECTION ( 'NONE',  ( -1.000000000000000000, 0.0000000000000000000, 0.0000000000000000000 ) ) ;
#88 = CARTESIAN_POINT ( 'NONE',  ( 0.7500000000000000000, 1.600000000000000089, 0.5500000000000000444 ) ) ;
#89 = DIRECTION ( 'NONE',  ( 0.0000000000000000000, -1.000000000000000000, 3.330669073875000249E-16 ) ) ;
#90 = VECTOR ( 'NONE', #931, 1000.000000000000000 ) ;
#91 = EDGE_LOOP ( 'NONE', ( #1627, #1054, #1152, #1435, #397 ) ) ;
#92 = VECTOR ( 'NONE', #1456, 1000.000000000000000 ) ;
#93 = VECTOR ( 'NONE', #902, 1000.000000000000000 ) ;
#94 = CLOSED_SHELL ( 'NONE', ( #258, #1097, #966, #828, #236, #20, #1371, #50, #132, #1218, #956, #1267, #1355, #654, #715, #917, #878, #492, #51, #995 ) ) ;
#95 = CARTESIAN_POINT ( 'NONE',  ( -0.7500000000000000000, 1.600000000000000089, 0.05000000000000000278 ) ) ;
#96 = EDGE_CURVE ( 'NONE', #42, #726, #137, .T. ) ;
#97 = FACE_OUTER_BOUND ( 'NONE', #604, .T. ) ;
#98 = DIRECTION ( 'NONE',  ( 0.0000000000000000000, -1.000000000000000000, 3.330669073875000249E-16 ) ) ;
#99 = ORIENTED_EDGE ( 'NONE', *, *, #54, .F. ) ;
#100 = PLANE ( 'NONE',  #473 ) ;
#101 = DIRECTION ( 'NONE',  ( 1.000000000000000000, 0.0000000000000000000, 0.0000000000000000000 ) ) ;
#102 = PLANE ( 'NONE',  #656 ) ;
#103 = ORIENTED_EDGE ( 'NONE', *, *, #1348, .F. ) ;
#104 = CARTESIAN_POINT ( 'NONE',  ( -0.5500000000000000444, -1.600000000000000089, 0.5999999999999999778 ) ) ;
#105 = PLANE ( 'NONE',  #841 ) ;
#106 = EDGE_CURVE ( 'NONE', #1500, #817, #267, .T. ) ;
#107 = ORIENTED_EDGE ( 'NONE', *, *, #951, .F. ) ;
#108 = DIRECTION ( 'NONE',  ( -1.000000000000000000, 0.0000000000000000000, 0.0000000000000000000 ) ) ;
#109 = DIRECTION ( 'NONE',  ( 0.0000000000000000000, -1.000000000000000000, 3.330669073875000249E-16 ) ) ;
#110 = DIRECTION ( 'NONE',  ( 0.0000000000000000000, -1.000000000000000000, 3.330669073875000249E-16 ) ) ;
#111 = PRESENTATION_LAYER_ASSIGNMENT (  '', '', ( #762 ) ) ;
#112 = VERTEX_POINT ( 'NONE', #30 ) ;
#113 = AXIS2_PLACEMENT_3D ( 'NONE', #565, #330, #597 ) ;
#114 = VECTOR ( 'NONE', #262, 1000.000000000000000 ) ;
#115 = LINE ( 'NONE', #485, #954 ) ;
#116 = APPLICATION_CONTEXT ( 'automotive_design' ) ;
#117 = VECTOR ( 'NONE', #884, 1000.000000000000000 ) ;
#118 = VERTEX_POINT ( 'NONE', #1142 ) ;
#119 = LINE ( 'NONE', #1469, #1362 ) ;
#120 = LINE ( 'NONE', #12, #1290 ) ;
#121 = EDGE_LOOP ( 'NONE', ( #834, #757, #1299, #1112 ) ) ;
#122 = EDGE_CURVE ( 'NONE', #303, #1103, #407, .T. ) ;
#123 = ORIENTED_EDGE ( 'NONE', *, *, #1220, .T. ) ;
#124 = DIRECTION ( 'NONE',  ( 0.0000000000000000000, 2.220446049250000002E-16, 1.000000000000000000 ) ) ;
#125 = LINE ( 'NONE', #1037, #243 ) ;
#126 = ORIENTED_EDGE ( 'NONE', *, *, #1419, .F. ) ;
#127 = PLANE ( 'NONE',  #296 ) ;
#128 = LINE ( 'NONE', #876, #1373 ) ;
#129 = ORIENTED_EDGE ( 'NONE', *, *, #1130, .F. ) ;
#130 = ORIENTED_EDGE ( 'NONE', *, *, #940, .T. ) ;
#131 = DIRECTION ( 'NONE',  ( 2.433209236776999870E-18, 1.000000000000000000, -3.970222857247000111E-16 ) ) ;
#132 = ADVANCED_FACE ( 'NONE', ( #259 ), #1030, .F. ) ;
#133 = CARTESIAN_POINT ( 'NONE',  ( -0.7500000000000000000, 1.600000000000000089, 0.05000000000000000278 ) ) ;
#134 = ORIENTED_EDGE ( 'NONE', *, *, #1509, .F. ) ;
#135 = LINE ( 'NONE', #8, #1285 ) ;
#136 = CARTESIAN_POINT ( 'NONE',  ( -0.8000000000000000444, 1.600000000000000089, -5.329070518200999688E-16 ) ) ;
#137 = LINE ( 'NONE', #1040, #707 ) ;
#138 = ORIENTED_EDGE ( 'NONE', *, *, #164, .T. ) ;
#139 = CARTESIAN_POINT ( 'NONE',  ( 1.025000000000000133, -0.02500000000000000139, 0.5999999999999999778 ) ) ;
#140 = AXIS2_PLACEMENT_3D ( 'NONE', #203, #1437, #802 ) ;
#141 = AXIS2_PLACEMENT_3D ( 'NONE', #1351, #1602, #855 ) ;
#142 = EDGE_CURVE ( 'NONE', #1191, #1296, #216, .T. ) ;
#143 = DIRECTION ( 'NONE',  ( 4.108650548025999607E-33, 1.000000000000000000, -4.440892098500999885E-16 ) ) ;
#144 = VECTOR ( 'NONE', #1342, 1000.000000000000000 ) ;
#145 = VERTEX_POINT ( 'NONE', #1284 ) ;
#146 = FILL_AREA_STYLE_COLOUR ( '', #892 ) ;
#147 = VECTOR ( 'NONE', #1389, 1000.000000000000000 ) ;
#148 = LINE ( 'NONE', #609, #632 ) ;
#149 = LINE ( 'NONE', #1168, #1420 ) ;
#150 = ORIENTED_EDGE ( 'NONE', *, *, #1424, .F. ) ;
#151 = CARTESIAN_POINT ( 'NONE',  ( -0.6567307692309999334, -1.600000000000000089, 0.2471153846150000166 ) ) ;
#152 = CARTESIAN_POINT ( 'NONE',  ( 0.8000000000000000444, -1.574999999999999956, 0.5500000000000000444 ) ) ;
#153 = EDGE_CURVE ( 'NONE', #1448, #201, #752, .T. ) ;
#154 = VERTEX_POINT ( 'NONE', #1523 ) ;
#155 = CARTESIAN_POINT ( 'NONE',  ( -0.7500000000000000000, 1.600000000000000089, 0.5500000000000000444 ) ) ;
#156 = CARTESIAN_POINT ( 'NONE',  ( -0.2999999999999999889, 1.600000000000000089, 0.05000000000000000278 ) ) ;
#157 = VERTEX_POINT ( 'NONE', #626 ) ;
#158 = DIRECTION ( 'NONE',  ( 0.0000000000000000000, -1.000000000000000000, -6.109302364573000570E-31 ) ) ;
#159 = LINE ( 'NONE', #1020, #1565 ) ;
#160 = ORIENTED_EDGE ( 'NONE', *, *, #680, .T. ) ;
#161 = SURFACE_STYLE_USAGE ( .BOTH. , #27 ) ;
#162 = FILL_AREA_STYLE ('',( #918 ) ) ;
#163 = DIRECTION ( 'NONE',  ( 0.0000000000000000000, -1.000000000000000000, 2.220446049250000002E-16 ) ) ;
#164 = EDGE_CURVE ( 'NONE', #247, #15, #903, .T. ) ;
#165 = ORIENTED_EDGE ( 'NONE', *, *, #402, .T. ) ;
#166 = DIRECTION ( 'NONE',  ( 0.0000000000000000000, -3.330669073875000249E-16, -1.000000000000000000 ) ) ;
#167 = VERTEX_POINT ( 'NONE', #536 ) ;
#168 = CARTESIAN_POINT ( 'NONE',  ( 0.2999999999999999889, -1.600000000000000089, 0.05000000000000000278 ) ) ;
#169 = AXIS2_PLACEMENT_3D ( 'NONE', #573, #1605, #336 ) ;
#170 = AXIS2_PLACEMENT_3D ( 'NONE', #206, #223, #1082 ) ;
#171 = CLOSED_SHELL ( 'NONE', ( #1163, #268, #1346, #481, #183, #29, #704, #517 ) ) ;
#172 = DIRECTION ( 'NONE',  ( 0.0000000000000000000, -2.220446049250000002E-16, -1.000000000000000000 ) ) ;
#173 =( GEOMETRIC_REPRESENTATION_CONTEXT ( 3 ) GLOBAL_UNCERTAINTY_ASSIGNED_CONTEXT ( ( #1065 ) ) GLOBAL_UNIT_ASSIGNED_CONTEXT ( ( #47, #307, #910 ) ) REPRESENTATION_CONTEXT ( 'NONE', 'WORKASPACE' ) );
#174 = EDGE_CURVE ( 'NONE', #725, #1583, #14, .T. ) ;
#175 = ORIENTED_EDGE ( 'NONE', *, *, #228, .T. ) ;
#176 = CARTESIAN_POINT ( 'NONE',  ( 1.500000000000000000, -0.02500000000000000139, 0.5500000000000000444 ) ) ;
#177 = ORIENTED_EDGE ( 'NONE', *, *, #301, .F. ) ;
#178 = CARTESIAN_POINT ( 'NONE',  ( 0.7500000000000000000, -1.600000000000000089, 0.5500000000000000444 ) ) ;
#179 = SURFACE_STYLE_FILL_AREA ( #162 ) ;
#180 = LINE ( 'NONE', #88, #926 ) ;
#181 = ORIENTED_EDGE ( 'NONE', *, *, #692, .F. ) ;
#182 = CARTESIAN_POINT ( 'NONE',  ( 0.2999999999999999889, 1.600000000000000089, 0.05000000000000000278 ) ) ;
#183 = ADVANCED_FACE ( 'NONE', ( #1550 ), #1516, .T. ) ;
#184 = VERTEX_POINT ( 'NONE', #286 ) ;
#185 = DIRECTION ( 'NONE',  ( 0.0000000000000000000, 1.000000000000000000, 0.0000000000000000000 ) ) ;
#186 = SURFACE_STYLE_FILL_AREA ( #56 ) ;
#187 = PLANE ( 'NONE',  #10 ) ;
#188 = LINE ( 'NONE', #676, #1343 ) ;
#189 = VERTEX_POINT ( 'NONE', #653 ) ;
#190 = DIRECTION ( 'NONE',  ( 0.0000000000000000000, -1.000000000000000000, -6.109302364573000570E-31 ) ) ;
#191 = EDGE_CURVE ( 'NONE', #1337, #1269, #1017, .T. ) ;
#192 = ORIENTED_EDGE ( 'NONE', *, *, #623, .T. ) ;
#193 = CARTESIAN_POINT ( 'NONE',  ( 0.7500000000000000000, -1.600000000000000089, 0.05000000000000000278 ) ) ;
#194 = AXIS2_PLACEMENT_3D ( 'NONE', #352, #1227, #108 ) ;
#195 = FACE_OUTER_BOUND ( 'NONE', #489, .T. ) ;
#196 = VECTOR ( 'NONE', #1164, 1000.000000000000000 ) ;
#197 = CARTESIAN_POINT ( 'NONE',  ( -0.5500000000000000444, 1.600000000000000089, 0.5999999999999999778 ) ) ;
#198 = AXIS2_PLACEMENT_3D ( 'NONE', #151, #131, #16 ) ;
#199 = EDGE_LOOP ( 'NONE', ( #354, #1328, #933, #252 ) ) ;
#200 = CARTESIAN_POINT ( 'NONE',  ( -1.500000000000000000, 0.02500000000000000139, 0.5500000000000000444 ) ) ;
#201 = VERTEX_POINT ( 'NONE', #770 ) ;
#202 = LINE ( 'NONE', #945, #36 ) ;
#203 = CARTESIAN_POINT ( 'NONE',  ( -0.5500000000000000444, 1.600000000000000089, 0.5500000000000000444 ) ) ;
#204 = LINE ( 'NONE', #560, #819 ) ;
#205 = VERTEX_POINT ( 'NONE', #1156 ) ;
#206 = CARTESIAN_POINT ( 'NONE',  ( 1.500000000000000000, 1.574999999999999956, 0.5500000000000000444 ) ) ;
#207 = ORIENTED_EDGE ( 'NONE', *, *, #1207, .F. ) ;
#208 = FACE_OUTER_BOUND ( 'NONE', #1350, .T. ) ;
#209 = CARTESIAN_POINT ( 'NONE',  ( 0.2999999999999999889, 1.600000000000000089, -5.329070518200999688E-16 ) ) ;
#210 = DIRECTION ( 'NONE',  ( 0.0000000000000000000, -1.000000000000000000, 3.330669073875000249E-16 ) ) ;
#211 = ORIENTED_EDGE ( 'NONE', *, *, #645, .F. ) ;
#212 = LINE ( 'NONE', #706, #1426 ) ;
#213 = CARTESIAN_POINT ( 'NONE',  ( -0.5500000000000000444, -1.600000000000000089, 0.5999999999999999778 ) ) ;
#214 =( NAMED_UNIT ( * ) PLANE_ANGLE_UNIT ( ) SI_UNIT ( $, .RADIAN. ) );
#215 = DIRECTION ( 'NONE',  ( 0.0000000000000000000, 0.0000000000000000000, 1.000000000000000000 ) ) ;
#216 = CIRCLE ( 'NONE', #959, 0.05000000000000002359 ) ;
#217 = EDGE_CURVE ( 'NONE', #1307, #725, #39, .T. ) ;
#218 = VECTOR ( 'NONE', #430, 1000.000000000000000 ) ;
#219 = ORIENTED_EDGE ( 'NONE', *, *, #1424, .T. ) ;
#220 = VECTOR ( 'NONE', #976, 1000.000000000000000 ) ;
#221 =( GEOMETRIC_REPRESENTATION_CONTEXT ( 3 ) GLOBAL_UNCERTAINTY_ASSIGNED_CONTEXT ( ( #434 ) ) GLOBAL_UNIT_ASSIGNED_CONTEXT ( ( #698, #823, #975 ) ) REPRESENTATION_CONTEXT ( 'NONE', 'WORKASPACE' ) );
#222 = VECTOR ( 'NONE', #686, 1000.000000000000000 ) ;
#223 = DIRECTION ( 'NONE',  ( 0.0000000000000000000, -1.000000000000000000, 3.330669073875000249E-16 ) ) ;
#224 = PLANE ( 'NONE',  #299 ) ;
#225 = DIRECTION ( 'NONE',  ( 1.000000000000000000, 0.0000000000000000000, 0.0000000000000000000 ) ) ;
#226 = EDGE_LOOP ( 'NONE', ( #26, #518, #250, #915, #1601, #18, #618, #1279, #1187, #1086, #129, #279 ) ) ;
#227 = CARTESIAN_POINT ( 'NONE',  ( -0.7500000000000000000, -1.600000000000000089, 0.05000000000000000278 ) ) ;
#228 = EDGE_CURVE ( 'NONE', #735, #1534, #1180, .T. ) ;
#229 = PLANE ( 'NONE',  #169 ) ;
#230 = LINE ( 'NONE', #1487, #1392 ) ;
#231 = ORIENTED_EDGE ( 'NONE', *, *, #1305, .T. ) ;
#232 = VERTEX_POINT ( 'NONE', #431 ) ;
#233 = PRESENTATION_STYLE_ASSIGNMENT (( #789 ) ) ;
#234 = PRODUCT_RELATED_PRODUCT_CATEGORY ( 'part', '', ( #484 ) ) ;
#235 = CARTESIAN_POINT ( 'NONE',  ( 0.8000000000000000444, 0.8000000000000000444, 0.5500000000000000444 ) ) ;
#236 = ADVANCED_FACE ( 'NONE', ( #1302 ), #1557, .F. ) ;
#237 = ORIENTED_EDGE ( 'NONE', *, *, #443, .T. ) ;
#238 = FACE_OUTER_BOUND ( 'NONE', #982, .T. ) ;
#239 = LINE ( 'NONE', #1372, #1512 ) ;
#240 = ORIENTED_EDGE ( 'NONE', *, *, #1081, .T. ) ;
#241 = EDGE_LOOP ( 'NONE', ( #1624, #1345, #1045, #537, #1592 ) ) ;
#242 = FACE_OUTER_BOUND ( 'NONE', #1059, .T. ) ;
#243 = VECTOR ( 'NONE', #888, 1000.000000000000000 ) ;
#244 = VECTOR ( 'NONE', #109, 1000.000000000000000 ) ;
#245 = VECTOR ( 'NONE', #1579, 1000.000000000000000 ) ;
#246 = PLANE ( 'NONE',  #1449 ) ;
#247 = VERTEX_POINT ( 'NONE', #414 ) ;
#248 = LINE ( 'NONE', #710, #1537 ) ;
#249 = CARTESIAN_POINT ( 'NONE',  ( 0.8000000000000000444, -0.02500000000000000139, 0.5500000000000000444 ) ) ;
#250 = ORIENTED_EDGE ( 'NONE', *, *, #1471, .F. ) ;
#251 = ADVANCED_FACE ( 'NONE', ( #1175 ), #187, .T. ) ;
#252 = ORIENTED_EDGE ( 'NONE', *, *, #621, .F. ) ;
#253 = LINE ( 'NONE', #388, #114 ) ;
#254 = DIRECTION ( 'NONE',  ( 0.0000000000000000000, 2.220446049250000002E-16, 1.000000000000000000 ) ) ;
#255 = ORIENTED_EDGE ( 'NONE', *, *, #332, .F. ) ;
#256 = CARTESIAN_POINT ( 'NONE',  ( 0.7500000000000000000, -1.600000000000000089, 0.05000000000000000278 ) ) ;
#257 = CARTESIAN_POINT ( 'NONE',  ( -1.500000000000000000, -1.574999999999999956, 0.5500000000000000444 ) ) ;
#258 = ADVANCED_FACE ( 'NONE', ( #64 ), #1310, .F. ) ;
#259 = FACE_OUTER_BOUND ( 'NONE', #587, .T. ) ;
#260 = EDGE_CURVE ( 'NONE', #1246, #1005, #542, .T. ) ;
#261 = ORIENTED_EDGE ( 'NONE', *, *, #1159, .T. ) ;
#262 = DIRECTION ( 'NONE',  ( 0.0000000000000000000, 2.220446049250000002E-16, 1.000000000000000000 ) ) ;
#263 = DIRECTION ( 'NONE',  ( 0.0000000000000000000, -4.440892098500999885E-16, -1.000000000000000000 ) ) ;
#264 = ORIENTED_EDGE ( 'NONE', *, *, #611, .F. ) ;
#265 = CARTESIAN_POINT ( 'NONE',  ( 0.8000000000000000444, 1.600000000000000089, -5.329070518200999688E-16 ) ) ;
#266 = LINE ( 'NONE', #759, #451 ) ;
#267 = LINE ( 'NONE', #891, #4 ) ;
#268 = ADVANCED_FACE ( 'NONE', ( #195 ), #1431, .F. ) ;
#269 = ORIENTED_EDGE ( 'NONE', *, *, #845, .F. ) ;
#270 = CARTESIAN_POINT ( 'NONE',  ( 0.7500000000000000000, 1.600000000000000089, 0.5500000000000000444 ) ) ;
#271 = VECTOR ( 'NONE', #658, 1000.000000000000000 ) ;
#272 = PLANE ( 'NONE',  #577 ) ;
#273 = EDGE_CURVE ( 'NONE', #817, #53, #1422, .T. ) ;
#274 = VECTOR ( 'NONE', #76, 1000.000000000000000 ) ;
#275 = EDGE_LOOP ( 'NONE', ( #555, #175, #506, #1321, #1544, #310 ) ) ;
#276 = SURFACE_STYLE_FILL_AREA ( #775 ) ;
#277 = VECTOR ( 'NONE', #552, 1000.000000000000000 ) ;
#278 = DIRECTION ( 'NONE',  ( 1.000000000000000000, 0.0000000000000000000, 0.0000000000000000000 ) ) ;
#279 = ORIENTED_EDGE ( 'NONE', *, *, #1245, .T. ) ;
#280 = DIRECTION ( 'NONE',  ( 0.0000000000000000000, 1.000000000000000000, -2.220446049250000002E-16 ) ) ;
#281 = CARTESIAN_POINT ( 'NONE',  ( -1.500000000000000000, 0.02500000000000000139, 0.5500000000000000444 ) ) ;
#282 = EDGE_CURVE ( 'NONE', #1360, #709, #1189, .T. ) ;
#283 = ORIENTED_EDGE ( 'NONE', *, *, #385, .F. ) ;
#284 = CARTESIAN_POINT ( 'NONE',  ( -0.2999999999999999889, 1.600000000000000089, 0.05000000000000000278 ) ) ;
#285 = PRESENTATION_STYLE_ASSIGNMENT (( #1149 ) ) ;
#286 = CARTESIAN_POINT ( 'NONE',  ( 0.5500000000000000444, -0.02500000000000000139, 0.5500000000000000444 ) ) ;
#287 = ORIENTED_EDGE ( 'NONE', *, *, #41, .F. ) ;
#288 = CARTESIAN_POINT ( 'NONE',  ( -0.7500000000000000000, 1.600000000000000089, 0.05000000000000000278 ) ) ;
#289 = DIRECTION ( 'NONE',  ( 0.0000000000000000000, -1.000000000000000000, 3.330669073875000249E-16 ) ) ;
#290 = EDGE_CURVE ( 'NONE', #35, #1133, #826, .T. ) ;
#291 = ORIENTED_EDGE ( 'NONE', *, *, #420, .T. ) ;
#292 = CARTESIAN_POINT ( 'NONE',  ( 0.5500000000000000444, 1.574999999999999956, 0.5500000000000000444 ) ) ;
#293 = PLANE ( 'NONE',  #1587 ) ;
#294 = ORIENTED_EDGE ( 'NONE', *, *, #1297, .T. ) ;
#295 = SURFACE_SIDE_STYLE ('',( #409 ) ) ;
#296 = AXIS2_PLACEMENT_3D ( 'NONE', #750, #1511, #782 ) ;
#297 = ORIENTED_EDGE ( 'NONE', *, *, #589, .F. ) ;
#298 = FACE_OUTER_BOUND ( 'NONE', #241, .T. ) ;
#299 = AXIS2_PLACEMENT_3D ( 'NONE', #1096, #351, #1231 ) ;
#300 = CARTESIAN_POINT ( 'NONE',  ( 0.2999999999999999889, -1.600000000000000089, 5.329070518200999688E-16 ) ) ;
#301 = EDGE_CURVE ( 'NONE', #753, #714, #1295, .T. ) ;
#302 = CARTESIAN_POINT ( 'NONE',  ( -0.3283653846150000333, 1.600000000000000089, 0.5500000000000000444 ) ) ;
#303 = VERTEX_POINT ( 'NONE', #438 ) ;
#304 = CARTESIAN_POINT ( 'NONE',  ( 0.7500000000000000000, 1.600000000000000089, 0.05000000000000000278 ) ) ;
#305 = ORIENTED_EDGE ( 'NONE', *, *, #940, .F. ) ;
#306 = CARTESIAN_POINT ( 'NONE',  ( 0.5500000000000000444, 1.600000000000000089, 0.5999999999999999778 ) ) ;
#307 =( NAMED_UNIT ( * ) PLANE_ANGLE_UNIT ( ) SI_UNIT ( $, .RADIAN. ) );
#308 = CARTESIAN_POINT ( 'NONE',  ( -0.5500000000000000444, 1.600000000000000089, 0.5999999999999999778 ) ) ;
#309 = EDGE_CURVE ( 'NONE', #472, #613, #323, .T. ) ;
#310 = ORIENTED_EDGE ( 'NONE', *, *, #1522, .F. ) ;
#311 = DIRECTION ( 'NONE',  ( 0.0000000000000000000, -1.000000000000000000, 3.330669073875000249E-16 ) ) ;
#312 = EDGE_LOOP ( 'NONE', ( #1504, #261, #488, #1123 ) ) ;
#313 = DIRECTION ( 'NONE',  ( 1.000000000000000000, 0.0000000000000000000, 0.0000000000000000000 ) ) ;
#314 = SURFACE_SIDE_STYLE ('',( #1457 ) ) ;
#315 = CARTESIAN_POINT ( 'NONE',  ( -0.5500000000000000444, 1.600000000000000089, 0.5500000000000000444 ) ) ;
#316 = CARTESIAN_POINT ( 'NONE',  ( -0.7500000000000000000, -1.600000000000000089, 0.5500000000000000444 ) ) ;
#317 = ORIENTED_EDGE ( 'NONE', *, *, #301, .T. ) ;
#318 = ADVANCED_FACE ( 'NONE', ( #1319 ), #693, .T. ) ;
#319 = DIRECTION ( 'NONE',  ( 0.0000000000000000000, -1.000000000000000000, 3.330669073875000249E-16 ) ) ;
#320 = ORIENTED_EDGE ( 'NONE', *, *, #852, .F. ) ;
#321 = DIRECTION ( 'NONE',  ( -1.000000000000000000, 0.0000000000000000000, 0.0000000000000000000 ) ) ;
#322 = MECHANICAL_DESIGN_GEOMETRIC_PRESENTATION_REPRESENTATION (  '', ( #762 ), #839 ) ;
#323 = LINE ( 'NONE', #81, #713 ) ;
#324 = VECTOR ( 'NONE', #1616, 1000.000000000000000 ) ;
#325 = PLANE ( 'NONE',  #9 ) ;
#326 = AXIS2_PLACEMENT_3D ( 'NONE', #578, #687, #158 ) ;
#327 = ORIENTED_EDGE ( 'NONE', *, *, #806, .T. ) ;
#328 =( GEOMETRIC_REPRESENTATION_CONTEXT ( 3 ) GLOBAL_UNCERTAINTY_ASSIGNED_CONTEXT ( ( #1034 ) ) GLOBAL_UNIT_ASSIGNED_CONTEXT ( ( #937, #1270, #1549 ) ) REPRESENTATION_CONTEXT ( 'NONE', 'WORKASPACE' ) );
#329 = ORIENTED_EDGE ( 'NONE', *, *, #43, .T. ) ;
#330 = DIRECTION ( 'NONE',  ( 0.0000000000000000000, 3.330669073875000249E-16, 1.000000000000000000 ) ) ;
#331 = EDGE_CURVE ( 'NONE', #879, #1191, #446, .T. ) ;
#332 = EDGE_CURVE ( 'NONE', #167, #1337, #1329, .T. ) ;
#333 = DIRECTION ( 'NONE',  ( 1.000000000000000000, 0.0000000000000000000, 0.0000000000000000000 ) ) ;
#334 = DIRECTION ( 'NONE',  ( 4.108650548025999607E-33, 1.000000000000000000, -4.440892098500999885E-16 ) ) ;
#335 = ORIENTED_EDGE ( 'NONE', *, *, #260, .F. ) ;
#336 = DIRECTION ( 'NONE',  ( 0.0000000000000000000, -3.970222857247000111E-16, -1.000000000000000000 ) ) ;
#337 = ORIENTED_EDGE ( 'NONE', *, *, #1286, .F. ) ;
#338 = DIRECTION ( 'NONE',  ( 0.0000000000000000000, 1.000000000000000000, 0.0000000000000000000 ) ) ;
#339 = DIRECTION ( 'NONE',  ( -1.000000000000000000, -2.433209236776999870E-18, -5.051619526262000422E-34 ) ) ;
#340 = CARTESIAN_POINT ( 'NONE',  ( -0.8000000000000000444, -1.600000000000000089, 0.5999999999999999778 ) ) ;
#341 = CARTESIAN_POINT ( 'NONE',  ( 2.730056617930999948E-17, -1.600000000000000089, 0.5500000000000000444 ) ) ;
#342 = CARTESIAN_POINT ( 'NONE',  ( 0.7500000000000000000, -1.600000000000000089, 0.5500000000000000444 ) ) ;
#343 = DIRECTION ( 'NONE',  ( 0.0000000000000000000, -1.000000000000000000, -6.109302364573000570E-31 ) ) ;
#344 = VECTOR ( 'NONE', #1061, 1000.000000000000000 ) ;
#345 = EDGE_CURVE ( 'NONE', #112, #15, #180, .T. ) ;
#346 = VERTEX_POINT ( 'NONE', #1053 ) ;
#347 = AXIS2_PLACEMENT_3D ( 'NONE', #1631, #25, #1248 ) ;
#348 = EDGE_CURVE ( 'NONE', #935, #303, #1564, .T. ) ;
#349 = VECTOR ( 'NONE', #716, 1000.000000000000000 ) ;
#350 = CARTESIAN_POINT ( 'NONE',  ( 0.8000000000000000444, 1.600000000000000089, 0.5999999999999999778 ) ) ;
#351 = DIRECTION ( 'NONE',  ( -5.051619526262000422E-34, -6.109302364573000570E-31, 1.000000000000000000 ) ) ;
#352 = CARTESIAN_POINT ( 'NONE',  ( 1.500000000000000000, 1.574999999999999956, 0.5500000000000000444 ) ) ;
#353 = EDGE_LOOP ( 'NONE', ( #1476, #1067, #49, #534 ) ) ;
#354 = ORIENTED_EDGE ( 'NONE', *, *, #1084, .F. ) ;
#355 = DIRECTION ( 'NONE',  ( 0.0000000000000000000, -1.000000000000000000, -6.109302364573000570E-31 ) ) ;
#356 = EDGE_CURVE ( 'NONE', #157, #969, #628, .T. ) ;
#357 = DIRECTION ( 'NONE',  ( 0.0000000000000000000, 2.220446049250000002E-16, 1.000000000000000000 ) ) ;
#358 = ORIENTED_EDGE ( 'NONE', *, *, #1339, .T. ) ;
#359 = LINE ( 'NONE', #973, #471 ) ;
#360 = FACE_OUTER_BOUND ( 'NONE', #1013, .T. ) ;
#361 = EDGE_LOOP ( 'NONE', ( #1041, #962, #741, #1010 ) ) ;
#362 = ORIENTED_EDGE ( 'NONE', *, *, #217, .F. ) ;
#363 = LINE ( 'NONE', #139, #712 ) ;
#364 = CARTESIAN_POINT ( 'NONE',  ( 0.5500000000000000444, 1.574999999999999956, 0.5999999999999999778 ) ) ;
#365 = EDGE_CURVE ( 'NONE', #1583, #1191, #586, .T. ) ;
#366 = ORIENTED_EDGE ( 'NONE', *, *, #1172, .T. ) ;
#367 = PLANE ( 'NONE',  #679 ) ;
#368 = DIRECTION ( 'NONE',  ( 0.0000000000000000000, -3.970222857247000111E-16, -1.000000000000000000 ) ) ;
#369 = CARTESIAN_POINT ( 'NONE',  ( -0.5000000000000000000, 1.600000000000000089, 0.6500000000000000222 ) ) ;
#370 = VECTOR ( 'NONE', #1250, 1000.000000000000000 ) ;
#371 = EDGE_LOOP ( 'NONE', ( #1581, #1249, #570, #1443 ) ) ;
#372 = FACE_OUTER_BOUND ( 'NONE', #1127, .T. ) ;
#373 = VECTOR ( 'NONE', #1138, 1000.000000000000000 ) ;
#374 = VECTOR ( 'NONE', #457, 1000.000000000000000 ) ;
#375 = CARTESIAN_POINT ( 'NONE',  ( -0.2999999999999999889, 1.600000000000000089, -5.329070518200999688E-16 ) ) ;
#376 = VECTOR ( 'NONE', #625, 1000.000000000000000 ) ;
#377 = EDGE_LOOP ( 'NONE', ( #745, #7, #287, #1258 ) ) ;
#378 = ADVANCED_FACE ( 'NONE', ( #967 ), #1617, .F. ) ;
#379 = FACE_OUTER_BOUND ( 'NONE', #91, .T. ) ;
#380 = LINE ( 'NONE', #1387, #1208 ) ;
#381 = VERTEX_POINT ( 'NONE', #1216 ) ;
#382 = CARTESIAN_POINT ( 'NONE',  ( 0.7500000000000000000, -1.600000000000000089, 0.05000000000000000278 ) ) ;
#383 = CARTESIAN_POINT ( 'NONE',  ( 0.7500000000000000000, 1.600000000000000089, 0.5500000000000000444 ) ) ;
#384 = ORIENTED_EDGE ( 'NONE', *, *, #1488, .F. ) ;
#385 = EDGE_CURVE ( 'NONE', #935, #1246, #359, .T. ) ;
#386 = CARTESIAN_POINT ( 'NONE',  ( 1.500000000000000000, 1.574999999999999956, 0.5500000000000000444 ) ) ;
#387 = VERTEX_POINT ( 'NONE', #1357 ) ;
#388 = CARTESIAN_POINT ( 'NONE',  ( 0.2999999999999999889, -1.600000000000000089, 5.329070518200999688E-16 ) ) ;
#389 = CARTESIAN_POINT ( 'NONE',  ( -0.8000000000000000444, 1.600000000000000089, 0.5500000000000000444 ) ) ;
#390 = ORIENTED_EDGE ( 'NONE', *, *, #1130, .T. ) ;
#391 = FACE_OUTER_BOUND ( 'NONE', #408, .T. ) ;
#392 = ORIENTED_EDGE ( 'NONE', *, *, #538, .T. ) ;
#393 = CARTESIAN_POINT ( 'NONE',  ( 0.2999999999999999889, -1.600000000000000089, 0.05000000000000000278 ) ) ;
#394 = VECTOR ( 'NONE', #319, 1000.000000000000000 ) ;
#395 = LINE ( 'NONE', #1240, #1232 ) ;
#396 = STYLED_ITEM ( 'NONE', ( #233 ), #1069 ) ;
#397 = ORIENTED_EDGE ( 'NONE', *, *, #1413, .T. ) ;
#398 =( LENGTH_UNIT ( ) NAMED_UNIT ( * ) SI_UNIT ( .MILLI., .METRE. ) );
#399 = CARTESIAN_POINT ( 'NONE',  ( 0.7500000000000000000, 1.600000000000000089, 0.5500000000000000444 ) ) ;
#400 = ORIENTED_EDGE ( 'NONE', *, *, #1509, .T. ) ;
#401 = CARTESIAN_POINT ( 'NONE',  ( 0.8000000000000000444, -1.574999999999999956, 0.5749999999999999556 ) ) ;
#402 = EDGE_CURVE ( 'NONE', #1632, #381, #230, .T. ) ;
#403 = DIRECTION ( 'NONE',  ( 0.0000000000000000000, -1.000000000000000000, 3.330669073875000249E-16 ) ) ;
#404 = VERTEX_POINT ( 'NONE', #723 ) ;
#405 = EDGE_CURVE ( 'NONE', #735, #824, #848, .T. ) ;
#406 =( NAMED_UNIT ( * ) SI_UNIT ( $, .STERADIAN. ) SOLID_ANGLE_UNIT ( ) );
#407 = LINE ( 'NONE', #877, #1451 ) ;
#408 = EDGE_LOOP ( 'NONE', ( #847, #636, #1621, #1538 ) ) ;
#409 = SURFACE_STYLE_FILL_AREA ( #1552 ) ;
#410 = ORIENTED_EDGE ( 'NONE', *, *, #717, .F. ) ;
#411 = CARTESIAN_POINT ( 'NONE',  ( -0.5500000000000000444, -1.600000000000000089, 0.5500000000000000444 ) ) ;
#412 = EDGE_CURVE ( 'NONE', #387, #53, #599, .T. ) ;
#413 = CARTESIAN_POINT ( 'NONE',  ( 0.5000000000000000000, 1.600000000000000089, 0.6500000000000000222 ) ) ;
#414 = CARTESIAN_POINT ( 'NONE',  ( 0.8000000000000000444, 1.574999999999999956, 0.5500000000000000444 ) ) ;
#415 = ORIENTED_EDGE ( 'NONE', *, *, #1442, .F. ) ;
#416 = CARTESIAN_POINT ( 'NONE',  ( -0.5500000000000000444, 1.600000000000000089, 0.5500000000000000444 ) ) ;
#417 = VECTOR ( 'NONE', #1135, 1000.000000000000000 ) ;
#418 = VERTEX_POINT ( 'NONE', #988 ) ;
#419 = DIRECTION ( 'NONE',  ( 1.000000000000000000, 0.0000000000000000000, 0.0000000000000000000 ) ) ;
#420 = EDGE_CURVE ( 'NONE', #616, #714, #1493, .T. ) ;
#421 = DIRECTION ( 'NONE',  ( 0.0000000000000000000, -1.000000000000000000, 3.330669073875000249E-16 ) ) ;
#422 = VECTOR ( 'NONE', #82, 1000.000000000000000 ) ;
#423 = CLOSED_SHELL ( 'NONE', ( #1072, #378, #724, #1031, #612, #697, #1043, #1524, #694, #729, #1148, #1458, #571, #1318, #318, #553, #462, #1119, #914, #425 ) ) ;
#424 = CARTESIAN_POINT ( 'NONE',  ( 1.025000000000000133, 1.574999999999999956, 0.5999999999999999778 ) ) ;
#425 = ADVANCED_FACE ( 'NONE', ( #238 ), #730, .F. ) ;
#426 = STYLED_ITEM ( 'NONE', ( #946 ), #1291 ) ;
#427 = ORIENTED_EDGE ( 'NONE', *, *, #1419, .T. ) ;
#428 = LINE ( 'NONE', #780, #765 ) ;
#429 = VERTEX_POINT ( 'NONE', #463 ) ;
#430 = DIRECTION ( 'NONE',  ( 1.000000000000000000, 0.0000000000000000000, 0.0000000000000000000 ) ) ;
#431 = CARTESIAN_POINT ( 'NONE',  ( -0.7500000000000000000, -1.600000000000000089, 0.05000000000000000278 ) ) ;
#432 = FACE_OUTER_BOUND ( 'NONE', #799, .T. ) ;
#433 = ORIENTED_EDGE ( 'NONE', *, *, #804, .F. ) ;
#434 = UNCERTAINTY_MEASURE_WITH_UNIT (LENGTH_MEASURE( 1.000000000000000082E-05 ), #698, 'distance_accuracy_value', 'NONE');
#435 = DIRECTION ( 'NONE',  ( 0.0000000000000000000, 1.000000000000000000, -3.330669073875000249E-16 ) ) ;
#436 = ORIENTED_EDGE ( 'NONE', *, *, #1226, .F. ) ;
#437 = LINE ( 'NONE', #957, #867 ) ;
#438 = CARTESIAN_POINT ( 'NONE',  ( 0.8000000000000000444, 1.574999999999999956, 0.5999999999999999778 ) ) ;
#439 = DIRECTION ( 'NONE',  ( 0.0000000000000000000, -1.000000000000000000, 3.330669073875000249E-16 ) ) ;
#440 = ORIENTED_EDGE ( 'NONE', *, *, #767, .F. ) ;
#441 = EDGE_CURVE ( 'NONE', #1547, #167, #119, .T. ) ;
#442 = CARTESIAN_POINT ( 'NONE',  ( 0.5500000000000000444, 1.600000000000000089, 0.5999999999999999778 ) ) ;
#443 = EDGE_CURVE ( 'NONE', #154, #1496, #486, .T. ) ;
#444 = ORIENTED_EDGE ( 'NONE', *, *, #806, .F. ) ;
#445 = CARTESIAN_POINT ( 'NONE',  ( 0.8000000000000000444, 1.600000000000000089, 0.5999999999999999778 ) ) ;
#446 = LINE ( 'NONE', #960, #580 ) ;
#447 = VECTOR ( 'NONE', #403, 1000.000000000000000 ) ;
#448 = LINE ( 'NONE', #1303, #1058 ) ;
#449 = AXIS2_PLACEMENT_3D ( 'NONE', #308, #947, #1572 ) ;
#450 = VERTEX_POINT ( 'NONE', #1625 ) ;
#451 = VECTOR ( 'NONE', #1261, 1000.000000000000000 ) ;
#452 = DIRECTION ( 'NONE',  ( 0.0000000000000000000, -1.000000000000000000, 3.330669073875000249E-16 ) ) ;
#453 = EDGE_CURVE ( 'NONE', #921, #42, #1092, .T. ) ;
#454 = ORIENTED_EDGE ( 'NONE', *, *, #420, .F. ) ;
#455 = FACE_OUTER_BOUND ( 'NONE', #1525, .T. ) ;
#456 = CARTESIAN_POINT ( 'NONE',  ( 0.5500000000000000444, 1.600000000000000089, 0.5500000000000000444 ) ) ;
#457 = DIRECTION ( 'NONE',  ( 1.000000000000000000, 0.0000000000000000000, 0.0000000000000000000 ) ) ;
#458 = ORIENTED_EDGE ( 'NONE', *, *, #1277, .F. ) ;
#459 = CARTESIAN_POINT ( 'NONE',  ( -0.5000000000000000000, -1.600000000000000089, 0.5999999999999999778 ) ) ;
#460 = LINE ( 'NONE', #825, #1395 ) ;
#461 = EDGE_CURVE ( 'NONE', #387, #1500, #248, .T. ) ;
#462 = ADVANCED_FACE ( 'NONE', ( #1501 ), #367, .F. ) ;
#463 = CARTESIAN_POINT ( 'NONE',  ( -0.5500000000000000444, -1.600000000000000089, 0.5500000000000000444 ) ) ;
#464 = EDGE_CURVE ( 'NONE', #709, #205, #1595, .T. ) ;
#465 = ORIENTED_EDGE ( 'NONE', *, *, #852, .T. ) ;
#466 = PLANE ( 'NONE',  #170 ) ;
#467 = LINE ( 'NONE', #1623, #220 ) ;
#468 = APPLICATION_PROTOCOL_DEFINITION ( 'draft international standard', 'automotive_design', 1998, #1326 ) ;
#469 = ORIENTED_EDGE ( 'NONE', *, *, #464, .T. ) ;
#470 = CARTESIAN_POINT ( 'NONE',  ( -0.2999999999999999889, 1.600000000000000089, -5.329070518200999688E-16 ) ) ;
#471 = VECTOR ( 'NONE', #1477, 1000.000000000000000 ) ;
#472 = VERTEX_POINT ( 'NONE', #1242 ) ;
#473 = AXIS2_PLACEMENT_3D ( 'NONE', #341, #835, #355 ) ;
#474 = PLANE ( 'NONE',  #1161 ) ;
#475 = CARTESIAN_POINT ( 'NONE',  ( -0.7500000000000000000, 1.600000000000000089, 0.05000000000000000278 ) ) ;
#476 = ORIENTED_EDGE ( 'NONE', *, *, #1226, .T. ) ;
#477 = DIRECTION ( 'NONE',  ( 0.0000000000000000000, -2.220446049250000002E-16, -1.000000000000000000 ) ) ;
#478 = LINE ( 'NONE', #11, #93 ) ;
#479 = PLANE ( 'NONE',  #1568 ) ;
#480 = ORIENTED_EDGE ( 'NONE', *, *, #623, .F. ) ;
#481 = ADVANCED_FACE ( 'NONE', ( #576 ), #102, .F. ) ;
#482 = ORIENTED_EDGE ( 'NONE', *, *, #1364, .T. ) ;
#483 = CARTESIAN_POINT ( 'NONE',  ( -0.5000000000000000000, 1.600000000000000089, 0.5999999999999999778 ) ) ;
#484 = PRODUCT ( 'C978040B-5F73-439A-AA8D-AB607383B45A', 'C978040B-5F73-439A-AA8D-AB607383B45A', '', ( #1467 ) ) ;
#485 = CARTESIAN_POINT ( 'NONE',  ( 0.7500000000000000000, -1.600000000000000089, 0.5500000000000000444 ) ) ;
#486 = LINE ( 'NONE', #1116, #1007 ) ;
#487 = CARTESIAN_POINT ( 'NONE',  ( -0.8000000000000000444, 1.600000000000000089, -5.329070518200999688E-16 ) ) ;
#488 = ORIENTED_EDGE ( 'NONE', *, *, #1390, .F. ) ;
#489 = EDGE_LOOP ( 'NONE', ( #1608, #1120, #1074, #1178 ) ) ;
#490 = EDGE_CURVE ( 'NONE', #35, #1433, #594, .T. ) ;
#491 = LINE ( 'NONE', #1019, #842 ) ;
#492 = ADVANCED_FACE ( 'NONE', ( #1039 ), #1521, .F. ) ;
#493 = LINE ( 'NONE', #389, #1056 ) ;
#494 = ORIENTED_EDGE ( 'NONE', *, *, #785, .T. ) ;
#495 = DIRECTION ( 'NONE',  ( -1.000000000000000000, 0.0000000000000000000, 0.0000000000000000000 ) ) ;
#496 = DIRECTION ( 'NONE',  ( 0.0000000000000000000, -1.000000000000000000, 3.330669073875000249E-16 ) ) ;
#497 = DIRECTION ( 'NONE',  ( 0.0000000000000000000, 3.330669073875000249E-16, 1.000000000000000000 ) ) ;
#498 = VECTOR ( 'NONE', #61, 1000.000000000000000 ) ;
#499 = EDGE_LOOP ( 'NONE', ( #366, #677, #384, #1464 ) ) ;
#500 = DIRECTION ( 'NONE',  ( 0.0000000000000000000, -3.330669073875000249E-16, -1.000000000000000000 ) ) ;
#501 = VECTOR ( 'NONE', #965, 1000.000000000000000 ) ;
#502 = VECTOR ( 'NONE', #1322, 1000.000000000000000 ) ;
#503 = DIRECTION ( 'NONE',  ( 0.0000000000000000000, -3.330669073875000249E-16, -1.000000000000000000 ) ) ;
#504 = MANIFOLD_SOLID_BREP ( 'R0612__ERJB2__By-Panasonic.STEP[1]', #1162 ) ;
#505 = EDGE_CURVE ( 'NONE', #769, #232, #1140, .T. ) ;
#506 = ORIENTED_EDGE ( 'NONE', *, *, #906, .F. ) ;
#507 = FACE_OUTER_BOUND ( 'NONE', #667, .T. ) ;
#508 = LINE ( 'NONE', #1016, #117 ) ;
#509 = DIRECTION ( 'NONE',  ( 1.000000000000000000, 0.0000000000000000000, 0.0000000000000000000 ) ) ;
#510 = ORIENTED_EDGE ( 'NONE', *, *, #1305, .F. ) ;
#511 = CARTESIAN_POINT ( 'NONE',  ( 0.5500000000000000444, 0.02500000000000000139, 0.5999999999999999778 ) ) ;
#512 = PLANE ( 'NONE',  #631 ) ;
#513 = ORIENTED_EDGE ( 'NONE', *, *, #309, .F. ) ;
#514 = DIRECTION ( 'NONE',  ( 0.0000000000000000000, -1.000000000000000000, 3.330669073875000249E-16 ) ) ;
#515 = EDGE_CURVE ( 'NONE', #404, #664, #1548, .T. ) ;
#516 = CARTESIAN_POINT ( 'NONE',  ( 0.5500000000000000444, 1.600000000000000089, 0.5500000000000000444 ) ) ;
#517 = ADVANCED_FACE ( 'NONE', ( #1539 ), #127, .F. ) ;
#518 = ORIENTED_EDGE ( 'NONE', *, *, #122, .T. ) ;
#519 = LINE ( 'NONE', #1526, #766 ) ;
#520 = DIRECTION ( 'NONE',  ( 0.0000000000000000000, -1.000000000000000000, 2.220446049250000002E-16 ) ) ;
#521 = ORIENTED_EDGE ( 'NONE', *, *, #142, .T. ) ;
#522 = LINE ( 'NONE', #413, #1427 ) ;
#523 = DIRECTION ( 'NONE',  ( 0.0000000000000000000, 3.330669073875000249E-16, 1.000000000000000000 ) ) ;
#524 = ORIENTED_EDGE ( 'NONE', *, *, #106, .T. ) ;
#525 = PLANE ( 'NONE',  #659 ) ;
#526 = VECTOR ( 'NONE', #514, 1000.000000000000000 ) ;
#527 = VECTOR ( 'NONE', #313, 1000.000000000000000 ) ;
#528 = DIRECTION ( 'NONE',  ( 0.0000000000000000000, -1.000000000000000000, -6.109302364573000570E-31 ) ) ;
#529 = VECTOR ( 'NONE', #779, 1000.000000000000000 ) ;
#530 = ORIENTED_EDGE ( 'NONE', *, *, #1522, .T. ) ;
#531 = CARTESIAN_POINT ( 'NONE',  ( 0.5000000000000000000, 1.600000000000000089, 0.5999999999999999778 ) ) ;
#532 = PLANE ( 'NONE',  #736 ) ;
#533 = EDGE_CURVE ( 'NONE', #1547, #189, #875, .T. ) ;
#534 = ORIENTED_EDGE ( 'NONE', *, *, #1367, .T. ) ;
#535 = CARTESIAN_POINT ( 'NONE',  ( 0.7500000000000000000, 1.600000000000000089, 0.5500000000000000444 ) ) ;
#536 = CARTESIAN_POINT ( 'NONE',  ( 0.2999999999999999889, 1.600000000000000089, -5.329070518200999688E-16 ) ) ;
#537 = ORIENTED_EDGE ( 'NONE', *, *, #1440, .T. ) ;
#538 = EDGE_CURVE ( 'NONE', #709, #53, #135, .T. ) ;
#539 = PLANE ( 'NONE',  #67 ) ;
#540 = ORIENTED_EDGE ( 'NONE', *, *, #813, .F. ) ;
#541 = DIRECTION ( 'NONE',  ( 0.0000000000000000000, 2.220446049250000002E-16, 1.000000000000000000 ) ) ;
#542 = LINE ( 'NONE', #57, #344 ) ;
#543 = ORIENTED_EDGE ( 'NONE', *, *, #1159, .F. ) ;
#544 = DIRECTION ( 'NONE',  ( -1.000000000000000000, 0.0000000000000000000, 0.0000000000000000000 ) ) ;
#545 = VECTOR ( 'NONE', #669, 1000.000000000000000 ) ;
#546 = ORIENTED_EDGE ( 'NONE', *, *, #1562, .T. ) ;
#547 = CARTESIAN_POINT ( 'NONE',  ( -1.025000000000000133, 0.02500000000000000139, 0.5999999999999999778 ) ) ;
#548 = AXIS2_PLACEMENT_3D ( 'NONE', #59, #1576, #1193 ) ;
#549 = LINE ( 'NONE', #1029, #1036 ) ;
#550 = VECTOR ( 'NONE', #1209, 1000.000000000000000 ) ;
#551 = DIRECTION ( 'NONE',  ( 0.0000000000000000000, -3.330669073875000249E-16, -1.000000000000000000 ) ) ;
#552 = DIRECTION ( 'NONE',  ( 1.000000000000000000, 0.0000000000000000000, 0.0000000000000000000 ) ) ;
#553 = ADVANCED_FACE ( 'NONE', ( #507 ), #1014, .F. ) ;
#554 = PRODUCT_DEFINITION_FORMATION_WITH_SPECIFIED_SOURCE ( 'ANY', '', #484, .NOT_KNOWN. ) ;
#555 = ORIENTED_EDGE ( 'NONE', *, *, #405, .F. ) ;
#556 = LINE ( 'NONE', #943, #394 ) ;
#557 = ORIENTED_EDGE ( 'NONE', *, *, #785, .F. ) ;
#558 = CARTESIAN_POINT ( 'NONE',  ( 0.5500000000000000444, 1.600000000000000089, 0.5500000000000000444 ) ) ;
#559 = DIRECTION ( 'NONE',  ( 1.000000000000000000, 0.0000000000000000000, 0.0000000000000000000 ) ) ;
#560 = CARTESIAN_POINT ( 'NONE',  ( 0.4749999999999999778, 1.574999999999999956, 0.5999999999999999778 ) ) ;
#561 = EDGE_CURVE ( 'NONE', #1133, #418, #1188, .T. ) ;
#562 = EDGE_LOOP ( 'NONE', ( #927, #1222, #160, #781, #513 ) ) ;
#563 = CARTESIAN_POINT ( 'NONE',  ( 0.5500000000000000444, 0.02500000000000000139, 0.5500000000000000444 ) ) ;
#564 = ORIENTED_EDGE ( 'NONE', *, *, #755, .F. ) ;
#565 = CARTESIAN_POINT ( 'NONE',  ( 0.8000000000000000444, 1.600000000000000089, -5.329070518200999688E-16 ) ) ;
#566 = FILL_AREA_STYLE ('',( #1475 ) ) ;
#567 = CARTESIAN_POINT ( 'NONE',  ( 2.730056617930999948E-17, 1.812395008661000059E-16, 0.5500000000000000444 ) ) ;
#568 = DIRECTION ( 'NONE',  ( 0.0000000000000000000, -3.330669073875000249E-16, -1.000000000000000000 ) ) ;
#569 = PRODUCT_DEFINITION ( 'UNKNOWN', '', #554, #84 ) ;
#570 = ORIENTED_EDGE ( 'NONE', *, *, #1111, .F. ) ;
#571 = ADVANCED_FACE ( 'NONE', ( #46 ), #1179, .F. ) ;
#572 = ORIENTED_EDGE ( 'NONE', *, *, #365, .F. ) ;
#573 = CARTESIAN_POINT ( 'NONE',  ( 0.6567307692309999334, -1.600000000000000089, 0.2471153846150000166 ) ) ;
#574 = AXIS2_PLACEMENT_3D ( 'NONE', #1022, #1259, #673 ) ;
#575 = ORIENTED_EDGE ( 'NONE', *, *, #1297, .F. ) ;
#576 = FACE_OUTER_BOUND ( 'NONE', #682, .T. ) ;
#577 = AXIS2_PLACEMENT_3D ( 'NONE', #17, #1002, #615 ) ;
#578 = CARTESIAN_POINT ( 'NONE',  ( 2.730056617930999948E-17, 1.600000000000000089, 0.5500000000000000444 ) ) ;
#579 = VECTOR ( 'NONE', #339, 1000.000000000000000 ) ;
#580 = VECTOR ( 'NONE', #1460, 1000.000000000000000 ) ;
#581 = ORIENTED_EDGE ( 'NONE', *, *, #282, .T. ) ;
#582 = STYLED_ITEM ( 'NONE', ( #1047 ), #1610 ) ;
#583 = LINE ( 'NONE', #350, #1484 ) ;
#584 = CARTESIAN_POINT ( 'NONE',  ( -0.8000000000000000444, 1.600000000000000089, 0.5500000000000000444 ) ) ;
#585 = ORIENTED_EDGE ( 'NONE', *, *, #43, .F. ) ;
#586 = LINE ( 'NONE', #978, #1157 ) ;
#587 = EDGE_LOOP ( 'NONE', ( #530, #291, #177, #991 ) ) ;
#588 = DIRECTION ( 'NONE',  ( 0.0000000000000000000, -1.000000000000000000, 3.330669073875000249E-16 ) ) ;
#589 = EDGE_CURVE ( 'NONE', #999, #817, #1418, .T. ) ;
#590 = CARTESIAN_POINT ( 'NONE',  ( -0.5500000000000000444, -0.02500000000000000139, 0.5999999999999999778 ) ) ;
#591 = EDGE_CURVE ( 'NONE', #1632, #999, #1584, .T. ) ;
#592 =( NAMED_UNIT ( * ) SI_UNIT ( $, .STERADIAN. ) SOLID_ANGLE_UNIT ( ) );
#593 = VERTEX_POINT ( 'NONE', #1046 ) ;
#594 = LINE ( 'NONE', #155, #815 ) ;
#595 = VERTEX_POINT ( 'NONE', #668 ) ;
#596 = PLANE ( 'NONE',  #1450 ) ;
#597 = DIRECTION ( 'NONE',  ( 0.0000000000000000000, -1.000000000000000000, 3.330669073875000249E-16 ) ) ;
#598 = VERTEX_POINT ( 'NONE', #168 ) ;
#599 = LINE ( 'NONE', #1109, #1106 ) ;
#600 = LINE ( 'NONE', #1125, #38 ) ;
#601 = AXIS2_PLACEMENT_3D ( 'NONE', #1145, #520, #1027 ) ;
#602 = LINE ( 'NONE', #868, #791 ) ;
#603 = AXIS2_PLACEMENT_3D ( 'NONE', #620, #1266, #500 ) ;
#604 = EDGE_LOOP ( 'NONE', ( #192, #1554, #564, #362, #904, #688 ) ) ;
#605 = CARTESIAN_POINT ( 'NONE',  ( -1.500000000000000000, -1.574999999999999956, 0.5500000000000000444 ) ) ;
#606 = DIRECTION ( 'NONE',  ( 0.0000000000000000000, -1.000000000000000000, -6.109302364573000570E-31 ) ) ;
#607 = ORIENTED_EDGE ( 'NONE', *, *, #1531, .T. ) ;
#608 = DIRECTION ( 'NONE',  ( -1.000000000000000000, 0.0000000000000000000, 0.0000000000000000000 ) ) ;
#609 = CARTESIAN_POINT ( 'NONE',  ( -0.8000000000000000444, 2.220446049249999755E-16, 0.5500000000000000444 ) ) ;
#610 = VERTEX_POINT ( 'NONE', #193 ) ;
#611 = EDGE_CURVE ( 'NONE', #1496, #201, #1068, .T. ) ;
#612 = ADVANCED_FACE ( 'NONE', ( #1300 ), #1052, .F. ) ;
#613 = VERTEX_POINT ( 'NONE', #800 ) ;
#614 = CARTESIAN_POINT ( 'NONE',  ( -0.5500000000000000444, 1.600000000000000089, 0.5500000000000000444 ) ) ;
#615 = DIRECTION ( 'NONE',  ( 0.0000000000000000000, 0.0000000000000000000, 1.000000000000000000 ) ) ;
#616 = VERTEX_POINT ( 'NONE', #1578 ) ;
#617 = CARTESIAN_POINT ( 'NONE',  ( 0.7500000000000000000, 0.02500000000000000139, 0.5500000000000000444 ) ) ;
#618 = ORIENTED_EDGE ( 'NONE', *, *, #1413, .F. ) ;
#619 = ORIENTED_EDGE ( 'NONE', *, *, #54, .T. ) ;
#620 = CARTESIAN_POINT ( 'NONE',  ( -1.500000000000000000, -1.574999999999999956, 0.5500000000000000444 ) ) ;
#621 = EDGE_CURVE ( 'NONE', #1433, #660, #818, .T. ) ;
#622 = FACE_OUTER_BOUND ( 'NONE', #121, .T. ) ;
#623 = EDGE_CURVE ( 'NONE', #157, #595, #1555, .T. ) ;
#624 = ORIENTED_EDGE ( 'NONE', *, *, #331, .T. ) ;
#625 = DIRECTION ( 'NONE',  ( 1.000000000000000000, 0.0000000000000000000, 0.0000000000000000000 ) ) ;
#626 = CARTESIAN_POINT ( 'NONE',  ( -0.5000000000000000000, 1.600000000000000089, 0.6500000000000000222 ) ) ;
#627 = VECTOR ( 'NONE', #1532, 1000.000000000000000 ) ;
#628 = CIRCLE ( 'NONE', #141, 0.05000000000000002359 ) ;
#629 = ORIENTED_EDGE ( 'NONE', *, *, #1084, .T. ) ;
#630 = LINE ( 'NONE', #393, #1567 ) ;
#631 = AXIS2_PLACEMENT_3D ( 'NONE', #383, #1391, #633 ) ;
#632 = VECTOR ( 'NONE', #1634, 1000.000000000000000 ) ;
#633 = DIRECTION ( 'NONE',  ( 0.0000000000000000000, 1.000000000000000000, 0.0000000000000000000 ) ) ;
#634 =( GEOMETRIC_REPRESENTATION_CONTEXT ( 3 ) GLOBAL_UNCERTAINTY_ASSIGNED_CONTEXT ( ( #950 ) ) GLOBAL_UNIT_ASSIGNED_CONTEXT ( ( #1327, #214, #972 ) ) REPRESENTATION_CONTEXT ( 'NONE', 'WORKASPACE' ) );
#635 = EDGE_CURVE ( 'NONE', #450, #381, #437, .T. ) ;
#636 = ORIENTED_EDGE ( 'NONE', *, *, #1401, .F. ) ;
#637 = SURFACE_SIDE_STYLE ('',( #1633 ) ) ;
#638 = DIRECTION ( 'NONE',  ( 0.0000000000000000000, 3.330669073875000249E-16, 1.000000000000000000 ) ) ;
#639 = DIRECTION ( 'NONE',  ( 0.0000000000000000000, -1.000000000000000000, 3.330669073875000249E-16 ) ) ;
#640 = ORIENTED_EDGE ( 'NONE', *, *, #1325, .F. ) ;
#641 = LINE ( 'NONE', #1121, #1590 ) ;
#642 = CARTESIAN_POINT ( 'NONE',  ( -1.387778780781000401E-17, 1.600000000000000089, 0.2999999999999999889 ) ) ;
#643 = ORIENTED_EDGE ( 'NONE', *, *, #993, .T. ) ;
#644 =( NAMED_UNIT ( * ) PLANE_ANGLE_UNIT ( ) SI_UNIT ( $, .RADIAN. ) );
#645 = EDGE_CURVE ( 'NONE', #429, #1583, #936, .T. ) ;
#646 = DIRECTION ( 'NONE',  ( 0.0000000000000000000, -2.220446049250000002E-16, -1.000000000000000000 ) ) ;
#647 = CARTESIAN_POINT ( 'NONE',  ( -0.5500000000000000444, 0.02500000000000000139, 0.5500000000000000444 ) ) ;
#648 = ORIENTED_EDGE ( 'NONE', *, *, #1220, .F. ) ;
#649 = CARTESIAN_POINT ( 'NONE',  ( -1.500000000000000000, -1.574999999999999956, 0.5500000000000000444 ) ) ;
#650 = CARTESIAN_POINT ( 'NONE',  ( -0.5000000000000000000, -1.600000000000000089, 0.6500000000000000222 ) ) ;
#651 = EDGE_LOOP ( 'NONE', ( #575, #1353, #1194, #1155 ) ) ;
#652 =( LENGTH_UNIT ( ) NAMED_UNIT ( * ) SI_UNIT ( .MILLI., .METRE. ) );
#653 = CARTESIAN_POINT ( 'NONE',  ( 0.8000000000000000444, -1.600000000000000089, 5.329070518200999688E-16 ) ) ;
#654 = ADVANCED_FACE ( 'NONE', ( #298 ), #1075, .F. ) ;
#655 = ORIENTED_EDGE ( 'NONE', *, *, #1004, .T. ) ;
#656 = AXIS2_PLACEMENT_3D ( 'NONE', #456, #832, #215 ) ;
#657 = VECTOR ( 'NONE', #357, 1000.000000000000000 ) ;
#658 = DIRECTION ( 'NONE',  ( -1.000000000000000000, 0.0000000000000000000, 0.0000000000000000000 ) ) ;
#659 = AXIS2_PLACEMENT_3D ( 'NONE', #197, #821, #210 ) ;
#660 = VERTEX_POINT ( 'NONE', #178 ) ;
#661 = DIRECTION ( 'NONE',  ( 1.000000000000000000, 0.0000000000000000000, 0.0000000000000000000 ) ) ;
#662 = VECTOR ( 'NONE', #496, 1000.000000000000000 ) ;
#663 = DIRECTION ( 'NONE',  ( 2.433209236776999870E-18, 1.000000000000000000, -3.970222857247000111E-16 ) ) ;
#664 = VERTEX_POINT ( 'NONE', #1308 ) ;
#665 = EDGE_CURVE ( 'NONE', #1269, #112, #1174, .T. ) ;
#666 = DIRECTION ( 'NONE',  ( 0.0000000000000000000, 3.330669073875000249E-16, 1.000000000000000000 ) ) ;
#667 = EDGE_LOOP ( 'NONE', ( #889, #874, #2, #996, #763, #829, #1281, #964 ) ) ;
#668 = CARTESIAN_POINT ( 'NONE',  ( 0.5000000000000000000, 1.600000000000000089, 0.6500000000000000222 ) ) ;
#669 = DIRECTION ( 'NONE',  ( 1.000000000000000000, 0.0000000000000000000, 0.0000000000000000000 ) ) ;
#670 = EDGE_LOOP ( 'NONE', ( #440, #1146, #335, #283 ) ) ;
#671 = CARTESIAN_POINT ( 'NONE',  ( 2.730056617930999948E-17, -1.600000000000000089, 0.5500000000000000444 ) ) ;
#672 = ORIENTED_EDGE ( 'NONE', *, *, #732, .F. ) ;
#673 = DIRECTION ( 'NONE',  ( 0.0000000000000000000, 1.000000000000000000, 0.0000000000000000000 ) ) ;
#674 = LINE ( 'NONE', #1283, #1543 ) ;
#675 = DIRECTION ( 'NONE',  ( 0.0000000000000000000, -1.000000000000000000, 3.330669073875000249E-16 ) ) ;
#676 = CARTESIAN_POINT ( 'NONE',  ( -1.500000000000000000, 0.02500000000000000139, 0.5500000000000000444 ) ) ;
#677 = ORIENTED_EDGE ( 'NONE', *, *, #1325, .T. ) ;
#678 = CARTESIAN_POINT ( 'NONE',  ( 0.5500000000000000444, 1.600000000000000089, 0.5999999999999999778 ) ) ;
#679 = AXIS2_PLACEMENT_3D ( 'NONE', #864, #225, #338 ) ;
#680 = EDGE_CURVE ( 'NONE', #387, #1360, #928, .T. ) ;
#681 = VECTOR ( 'NONE', #311, 1000.000000000000000 ) ;
#682 = EDGE_LOOP ( 'NONE', ( #1272, #624, #572, #1215 ) ) ;
#683 = LINE ( 'NONE', #445, #92 ) ;
#684 = EDGE_CURVE ( 'NONE', #154, #145, #683, .T. ) ;
#685 = PRESENTATION_LAYER_ASSIGNMENT (  '', '', ( #426 ) ) ;
#686 = DIRECTION ( 'NONE',  ( 0.0000000000000000000, -3.330669073875000249E-16, -1.000000000000000000 ) ) ;
#687 = DIRECTION ( 'NONE',  ( -5.051619526262000422E-34, -6.109302364573000570E-31, 1.000000000000000000 ) ) ;
#688 = ORIENTED_EDGE ( 'NONE', *, *, #356, .F. ) ;
#689 = PLANE ( 'NONE',  #1614 ) ;
#690 = ORIENTED_EDGE ( 'NONE', *, *, #1170, .F. ) ;
#691 = FACE_OUTER_BOUND ( 'NONE', #312, .T. ) ;
#692 = EDGE_CURVE ( 'NONE', #118, #746, #202, .T. ) ;
#693 = PLANE ( 'NONE',  #1289 ) ;
#694 = ADVANCED_FACE ( 'NONE', ( #691 ), #80, .F. ) ;
#695 = FACE_OUTER_BOUND ( 'NONE', #499, .T. ) ;
#696 = ORIENTED_EDGE ( 'NONE', *, *, #1364, .F. ) ;
#697 = ADVANCED_FACE ( 'NONE', ( #455 ), #1221, .T. ) ;
#698 =( LENGTH_UNIT ( ) NAMED_UNIT ( * ) SI_UNIT ( .MILLI., .METRE. ) );
#699 = ORIENTED_EDGE ( 'NONE', *, *, #464, .F. ) ;
#700 = CARTESIAN_POINT ( 'NONE',  ( 0.7500000000000000000, 1.600000000000000089, 0.05000000000000000278 ) ) ;
#701 = APPLICATION_PROTOCOL_DEFINITION ( 'draft international standard', 'automotive_design', 1998, #116 ) ;
#702 = DIRECTION ( 'NONE',  ( 0.0000000000000000000, -1.000000000000000000, 3.330669073875000249E-16 ) ) ;
#703 = DIRECTION ( 'NONE',  ( 0.0000000000000000000, -1.000000000000000000, 3.330669073875000249E-16 ) ) ;
#704 = ADVANCED_FACE ( 'NONE', ( #97 ), #105, .T. ) ;
#705 = ORIENTED_EDGE ( 'NONE', *, *, #402, .F. ) ;
#706 = CARTESIAN_POINT ( 'NONE',  ( 0.5500000000000000444, -1.574999999999999956, 0.5500000000000000444 ) ) ;
#707 = VECTOR ( 'NONE', #1150, 1000.000000000000000 ) ;
#708 = LINE ( 'NONE', #1212, #977 ) ;
#709 = VERTEX_POINT ( 'NONE', #1115 ) ;
#710 = CARTESIAN_POINT ( 'NONE',  ( -0.5500000000000000444, 1.574999999999999956, 0.5500000000000000444 ) ) ;
#711 = AXIS2_PLACEMENT_3D ( 'NONE', #1465, #1593, #606 ) ;
#712 = VECTOR ( 'NONE', #1361, 1000.000000000000000 ) ;
#713 = VECTOR ( 'NONE', #820, 1000.000000000000000 ) ;
#714 = VERTEX_POINT ( 'NONE', #830 ) ;
#715 = ADVANCED_FACE ( 'NONE', ( #208 ), #224, .T. ) ;
#716 = DIRECTION ( 'NONE',  ( 0.0000000000000000000, 2.220446049250000002E-16, 1.000000000000000000 ) ) ;
#717 = EDGE_CURVE ( 'NONE', #1577, #786, #1225, .T. ) ;
#718 = LINE ( 'NONE', #986, #657 ) ;
#719 = CARTESIAN_POINT ( 'NONE',  ( -0.7500000000000000000, 1.600000000000000089, 0.5500000000000000444 ) ) ;
#720 = VERTEX_POINT ( 'NONE', #590 ) ;
#721 = FACE_OUTER_BOUND ( 'NONE', #361, .T. ) ;
#722 = CARTESIAN_POINT ( 'NONE',  ( 0.5500000000000000444, 1.600000000000000089, 0.5500000000000000444 ) ) ;
#723 = CARTESIAN_POINT ( 'NONE',  ( 0.7500000000000000000, -1.600000000000000089, 0.05000000000000000278 ) ) ;
#724 = ADVANCED_FACE ( 'NONE', ( #1499 ), #1356, .F. ) ;
#725 = VERTEX_POINT ( 'NONE', #722 ) ;
#726 = VERTEX_POINT ( 'NONE', #342 ) ;
#727 = FACE_OUTER_BOUND ( 'NONE', #371, .T. ) ;
#728 = CARTESIAN_POINT ( 'NONE',  ( -0.7500000000000000000, -1.600000000000000089, 0.5500000000000000444 ) ) ;
#729 = ADVANCED_FACE ( 'NONE', ( #1349 ), #229, .F. ) ;
#730 = PLANE ( 'NONE',  #1260 ) ;
#731 = AXIS2_PLACEMENT_3D ( 'NONE', #284, #19, #901 ) ;
#732 = EDGE_CURVE ( 'NONE', #1025, #1496, #1107, .T. ) ;
#733 = LINE ( 'NONE', #136, #376 ) ;
#734 = CIRCLE ( 'NONE', #601, 0.05000000000000002359 ) ;
#735 = VERTEX_POINT ( 'NONE', #584 ) ;
#736 = AXIS2_PLACEMENT_3D ( 'NONE', #442, #1598, #952 ) ;
#737 = AXIS2_PLACEMENT_3D ( 'NONE', #938, #551, #919 ) ;
#738 = ORIENTED_EDGE ( 'NONE', *, *, #260, .T. ) ;
#739 = LINE ( 'NONE', #905, #277 ) ;
#740 = CARTESIAN_POINT ( 'NONE',  ( -0.4749999999999999778, 0.02500000000000000139, 0.5999999999999999778 ) ) ;
#741 = ORIENTED_EDGE ( 'NONE', *, *, #1255, .F. ) ;
#742 = EDGE_CURVE ( 'NONE', #418, #404, #460, .T. ) ;
#743 = DIRECTION ( 'NONE',  ( 0.0000000000000000000, -1.000000000000000000, 3.330669073875000249E-16 ) ) ;
#744 = FACE_OUTER_BOUND ( 'NONE', #1038, .T. ) ;
#745 = ORIENTED_EDGE ( 'NONE', *, *, #908, .T. ) ;
#746 = VERTEX_POINT ( 'NONE', #971 ) ;
#747 = DIRECTION ( 'NONE',  ( 1.000000000000000000, 0.0000000000000000000, 0.0000000000000000000 ) ) ;
#748 = DIRECTION ( 'NONE',  ( 0.0000000000000000000, -1.000000000000000000, 3.330669073875000249E-16 ) ) ;
#749 = EDGE_LOOP ( 'NONE', ( #524, #1049, #1486, #1064 ) ) ;
#750 = CARTESIAN_POINT ( 'NONE',  ( -1.178434876327000113E-17, -1.600000000000000089, 0.5988662248599999627 ) ) ;
#751 = DIRECTION ( 'NONE',  ( 0.0000000000000000000, 1.000000000000000000, -3.330669073875000249E-16 ) ) ;
#752 = LINE ( 'NONE', #399, #1132 ) ;
#753 = VERTEX_POINT ( 'NONE', #1324 ) ;
#754 = DIRECTION ( 'NONE',  ( 1.000000000000000000, 0.0000000000000000000, 0.0000000000000000000 ) ) ;
#755 = EDGE_CURVE ( 'NONE', #725, #879, #718, .T. ) ;
#756 = DIRECTION ( 'NONE',  ( 0.0000000000000000000, 2.220446049250000002E-16, 1.000000000000000000 ) ) ;
#757 = ORIENTED_EDGE ( 'NONE', *, *, #796, .T. ) ;
#758 = DIRECTION ( 'NONE',  ( 1.000000000000000000, 0.0000000000000000000, 0.0000000000000000000 ) ) ;
#759 = CARTESIAN_POINT ( 'NONE',  ( 1.500000000000000000, -0.02500000000000000139, 0.5500000000000000444 ) ) ;
#760 = DIRECTION ( 'NONE',  ( 0.0000000000000000000, -1.000000000000000000, 3.330669073875000249E-16 ) ) ;
#761 = VECTOR ( 'NONE', #98, 1000.000000000000000 ) ;
#762 = STYLED_ITEM ( 'NONE', ( #1404 ), #504 ) ;
#763 = ORIENTED_EDGE ( 'NONE', *, *, #153, .F. ) ;
#764 = FACE_OUTER_BOUND ( 'NONE', #1492, .T. ) ;
#765 = VECTOR ( 'NONE', #1306, 1000.000000000000000 ) ;
#766 = VECTOR ( 'NONE', #747, 1000.000000000000000 ) ;
#767 = EDGE_CURVE ( 'NONE', #1597, #935, #467, .T. ) ;
#768 = DIRECTION ( 'NONE',  ( -1.000000000000000000, 0.0000000000000000000, 0.0000000000000000000 ) ) ;
#769 = VERTEX_POINT ( 'NONE', #475 ) ;
#770 = CARTESIAN_POINT ( 'NONE',  ( 0.7500000000000000000, -0.02500000000000000139, 0.5500000000000000444 ) ) ;
#771 = EDGE_LOOP ( 'NONE', ( #444, #643, #1459, #1228 ) ) ;
#772 = LINE ( 'NONE', #605, #1369 ) ;
#773 = FACE_OUTER_BOUND ( 'NONE', #771, .T. ) ;
#774 = VERTEX_POINT ( 'NONE', #846 ) ;
#775 = FILL_AREA_STYLE ('',( #146 ) ) ;
#776 = SURFACE_STYLE_USAGE ( .BOTH. , #783 ) ;
#777 = CARTESIAN_POINT ( 'NONE',  ( -0.6567307692309999334, 1.600000000000000089, 0.2471153846150000166 ) ) ;
#778 = ORIENTED_EDGE ( 'NONE', *, *, #1128, .T. ) ;
#779 = DIRECTION ( 'NONE',  ( 0.0000000000000000000, 2.220446049250000002E-16, 1.000000000000000000 ) ) ;
#780 = CARTESIAN_POINT ( 'NONE',  ( 0.7500000000000000000, 1.600000000000000089, 0.5500000000000000444 ) ) ;
#781 = ORIENTED_EDGE ( 'NONE', *, *, #1348, .T. ) ;
#782 = DIRECTION ( 'NONE',  ( 1.000000000000000000, 0.0000000000000000000, 0.0000000000000000000 ) ) ;
#783 = SURFACE_SIDE_STYLE ('',( #186 ) ) ;
#784 = CARTESIAN_POINT ( 'NONE',  ( -0.8000000000000000444, 1.600000000000000089, -5.329070518200999688E-16 ) ) ;
#785 = EDGE_CURVE ( 'NONE', #714, #944, #1491, .T. ) ;
#786 = VERTEX_POINT ( 'NONE', #728 ) ;
#787 = AXIS2_PLACEMENT_3D ( 'NONE', #306, #1444, #73 ) ;
#788 = AXIS2_PLACEMENT_3D ( 'NONE', #642, #143, #263 ) ;
#789 = SURFACE_STYLE_USAGE ( .BOTH. , #295 ) ;
#790 = VECTOR ( 'NONE', #939, 1000.000000000000000 ) ;
#791 = VECTOR ( 'NONE', #1374, 1000.000000000000000 ) ;
#792 = ORIENTED_EDGE ( 'NONE', *, *, #217, .T. ) ;
#793 = DIRECTION ( 'NONE',  ( 0.0000000000000000000, -1.000000000000000000, 3.330669073875000249E-16 ) ) ;
#794 = STYLED_ITEM ( 'NONE', ( #285 ), #1618 ) ;
#795 = CARTESIAN_POINT ( 'NONE',  ( -0.5500000000000000444, 0.02500000000000000139, 0.5500000000000000444 ) ) ;
#796 = EDGE_CURVE ( 'NONE', #660, #404, #115, .T. ) ;
#797 = VERTEX_POINT ( 'NONE', #213 ) ;
#798 = CARTESIAN_POINT ( 'NONE',  ( -0.5500000000000000444, -1.574999999999999956, 0.5999999999999999778 ) ) ;
#799 = EDGE_LOOP ( 'NONE', ( #792, #1143, #211, #540 ) ) ;
#800 = CARTESIAN_POINT ( 'NONE',  ( -0.8000000000000000444, 1.574999999999999956, 0.5500000000000000444 ) ) ;
#801 = CARTESIAN_POINT ( 'NONE',  ( 0.5500000000000000444, -1.600000000000000089, 0.5500000000000000444 ) ) ;
#802 = DIRECTION ( 'NONE',  ( 0.0000000000000000000, 0.0000000000000000000, 1.000000000000000000 ) ) ;
#803 = ORIENTED_EDGE ( 'NONE', *, *, #538, .F. ) ;
#804 = EDGE_CURVE ( 'NONE', #1269, #610, #994, .T. ) ;
#805 = FACE_OUTER_BOUND ( 'NONE', #811, .T. ) ;
#806 = EDGE_CURVE ( 'NONE', #184, #593, #708, .T. ) ;
#807 = ORIENTED_EDGE ( 'NONE', *, *, #1172, .F. ) ;
#808 = DIRECTION ( 'NONE',  ( 0.0000000000000000000, -3.330669073875000249E-16, -1.000000000000000000 ) ) ;
#809 = CARTESIAN_POINT ( 'NONE',  ( 0.7500000000000000000, 1.600000000000000089, 0.05000000000000000278 ) ) ;
#810 = CARTESIAN_POINT ( 'NONE',  ( 1.500000000000000000, 1.574999999999999956, 0.5500000000000000444 ) ) ;
#811 = EDGE_LOOP ( 'NONE', ( #465, #738, #1118, #546, #1558 ) ) ;
#812 = UNCERTAINTY_MEASURE_WITH_UNIT (LENGTH_MEASURE( 1.000000000000000082E-05 ), #652, 'distance_accuracy_value', 'NONE');
#813 = EDGE_CURVE ( 'NONE', #1307, #429, #395, .T. ) ;
#814 = LINE ( 'NONE', #176, #271 ) ;
#815 = VECTOR ( 'NONE', #1276, 1000.000000000000000 ) ;
#816 = EDGE_CURVE ( 'NONE', #616, #60, #1012, .T. ) ;
#817 = VERTEX_POINT ( 'NONE', #1363 ) ;
#818 = LINE ( 'NONE', #1166, #218 ) ;
#819 = VECTOR ( 'NONE', #968, 1000.000000000000000 ) ;
#820 = DIRECTION ( 'NONE',  ( 0.0000000000000000000, -3.330669073875000249E-16, -1.000000000000000000 ) ) ;
#821 = DIRECTION ( 'NONE',  ( 0.0000000000000000000, -3.330669073875000249E-16, -1.000000000000000000 ) ) ;
#822 = ORIENTED_EDGE ( 'NONE', *, *, #816, .T. ) ;
#823 =( NAMED_UNIT ( * ) PLANE_ANGLE_UNIT ( ) SI_UNIT ( $, .RADIAN. ) );
#824 = VERTEX_POINT ( 'NONE', #1507 ) ;
#825 = CARTESIAN_POINT ( 'NONE',  ( 0.7500000000000000000, 1.600000000000000089, 0.05000000000000000278 ) ) ;
#826 = LINE ( 'NONE', #74, #1235 ) ;
#827 = DIRECTION ( 'NONE',  ( 0.0000000000000000000, -4.440892098500999885E-16, -1.000000000000000000 ) ) ;
#828 = ADVANCED_FACE ( 'NONE', ( #1402 ), #1519, .F. ) ;
#829 = ORIENTED_EDGE ( 'NONE', *, *, #1128, .F. ) ;
#830 = CARTESIAN_POINT ( 'NONE',  ( -0.2999999999999999889, -1.600000000000000089, 5.329070518200999688E-16 ) ) ;
#831 = ORIENTED_EDGE ( 'NONE', *, *, #365, .T. ) ;
#832 = DIRECTION ( 'NONE',  ( -1.000000000000000000, 0.0000000000000000000, 0.0000000000000000000 ) ) ;
#833 = LINE ( 'NONE', #401, #274 ) ;
#834 = ORIENTED_EDGE ( 'NONE', *, *, #1255, .T. ) ;
#835 = DIRECTION ( 'NONE',  ( -5.051619526262000422E-34, -6.109302364573000570E-31, 1.000000000000000000 ) ) ;
#836 = PRODUCT_DEFINITION_SHAPE ( 'NONE', 'NONE',  #569 ) ;
#837 = AXIS2_PLACEMENT_3D ( 'NONE', #531, #1397, #509 ) ;
#838 = DIRECTION ( 'NONE',  ( 0.0000000000000000000, -1.000000000000000000, 3.330669073875000249E-16 ) ) ;
#839 =( GEOMETRIC_REPRESENTATION_CONTEXT ( 3 ) GLOBAL_UNCERTAINTY_ASSIGNED_CONTEXT ( ( #812 ) ) GLOBAL_UNIT_ASSIGNED_CONTEXT ( ( #652, #1394, #406 ) ) REPRESENTATION_CONTEXT ( 'NONE', 'WORKASPACE' ) );
#840 = CARTESIAN_POINT ( 'NONE',  ( -0.8000000000000000444, 1.600000000000000089, 0.5999999999999999778 ) ) ;
#841 = AXIS2_PLACEMENT_3D ( 'NONE', #1474, #1102, #101 ) ;
#842 = VECTOR ( 'NONE', #1376, 1000.000000000000000 ) ;
#843 = EDGE_LOOP ( 'NONE', ( #130, #103, #1293, #1560 ) ) ;
#844 = CARTESIAN_POINT ( 'NONE',  ( 0.7500000000000000000, 1.600000000000000089, 0.5500000000000000444 ) ) ;
#845 = EDGE_CURVE ( 'NONE', #912, #1296, #125, .T. ) ;
#846 = CARTESIAN_POINT ( 'NONE',  ( -0.8000000000000000444, -1.600000000000000089, 0.5500000000000000444 ) ) ;
#847 = ORIENTED_EDGE ( 'NONE', *, *, #1199, .T. ) ;
#848 = LINE ( 'NONE', #840, #1210 ) ;
#849 = CARTESIAN_POINT ( 'NONE',  ( 0.8000000000000000444, -1.600000000000000089, 0.5500000000000000444 ) ) ;
#850 = EDGE_LOOP ( 'NONE', ( #870, #1253, #1352, #255 ) ) ;
#851 = CARTESIAN_POINT ( 'NONE',  ( 0.8000000000000000444, -1.600000000000000089, 5.329070518200999688E-16 ) ) ;
#852 = EDGE_CURVE ( 'NONE', #1103, #1246, #860, .T. ) ;
#853 = DIRECTION ( 'NONE',  ( 0.0000000000000000000, 2.220446049250000002E-16, 1.000000000000000000 ) ) ;
#854 = ORIENTED_EDGE ( 'NONE', *, *, #191, .F. ) ;
#855 = DIRECTION ( 'NONE',  ( 1.000000000000000000, 0.0000000000000000000, 0.0000000000000000000 ) ) ;
#856 = DIRECTION ( 'NONE',  ( -1.000000000000000000, 0.0000000000000000000, 0.0000000000000000000 ) ) ;
#857 = FACE_OUTER_BOUND ( 'NONE', #1323, .T. ) ;
#858 = ORIENTED_EDGE ( 'NONE', *, *, #561, .T. ) ;
#859 = CARTESIAN_POINT ( 'NONE',  ( 0.8000000000000000444, 1.600000000000000089, 0.5500000000000000444 ) ) ;
#860 = LINE ( 'NONE', #740, #373 ) ;
#861 = EDGE_CURVE ( 'NONE', #145, #346, #1256, .T. ) ;
#862 = AXIS2_PLACEMENT_3D ( 'NONE', #1100, #1224, #974 ) ;
#863 = ORIENTED_EDGE ( 'NONE', *, *, #951, .T. ) ;
#864 = CARTESIAN_POINT ( 'NONE',  ( 0.2999999999999999889, 1.600000000000000089, -5.329070518200999688E-16 ) ) ;
#865 = ADVANCED_FACE ( 'NONE', ( #622 ), #512, .T. ) ;
#866 = CARTESIAN_POINT ( 'NONE',  ( 0.8000000000000000444, 1.600000000000000089, -5.329070518200999688E-16 ) ) ;
#867 = VECTOR ( 'NONE', #808, 1000.000000000000000 ) ;
#868 = CARTESIAN_POINT ( 'NONE',  ( -0.2999999999999999889, -1.600000000000000089, 0.05000000000000000278 ) ) ;
#869 = VECTOR ( 'NONE', #89, 1000.000000000000000 ) ;
#870 = ORIENTED_EDGE ( 'NONE', *, *, #1390, .T. ) ;
#871 = MECHANICAL_DESIGN_GEOMETRIC_PRESENTATION_REPRESENTATION (  '', ( #582 ), #173 ) ;
#872 = CARTESIAN_POINT ( 'NONE',  ( -0.7500000000000000000, -1.600000000000000089, 0.05000000000000000278 ) ) ;
#873 = DIRECTION ( 'NONE',  ( 0.0000000000000000000, 1.000000000000000000, -3.330669073875000249E-16 ) ) ;
#874 = ORIENTED_EDGE ( 'NONE', *, *, #1277, .T. ) ;
#875 = LINE ( 'NONE', #265, #370 ) ;
#876 = CARTESIAN_POINT ( 'NONE',  ( -0.7500000000000000000, 1.600000000000000089, 0.05000000000000000278 ) ) ;
#877 = CARTESIAN_POINT ( 'NONE',  ( 0.8000000000000000444, 1.600000000000000089, 0.5999999999999999778 ) ) ;
#878 = ADVANCED_FACE ( 'NONE', ( #1377 ), #272, .F. ) ;
#879 = VERTEX_POINT ( 'NONE', #881 ) ;
#880 = LINE ( 'NONE', #24, #69 ) ;
#881 = CARTESIAN_POINT ( 'NONE',  ( 0.5500000000000000444, 1.600000000000000089, 0.5999999999999999778 ) ) ;
#882 = ORIENTED_EDGE ( 'NONE', *, *, #906, .T. ) ;
#883 = FILL_AREA_STYLE_COLOUR ( '', #1447 ) ;
#884 = DIRECTION ( 'NONE',  ( -1.000000000000000000, 0.0000000000000000000, 0.0000000000000000000 ) ) ;
#885 = CARTESIAN_POINT ( 'NONE',  ( 0.2999999999999999889, 1.600000000000000089, 0.05000000000000000278 ) ) ;
#886 = EDGE_LOOP ( 'NONE', ( #1375, #1575, #458, #648, #690, #543 ) ) ;
#887 = DIRECTION ( 'NONE',  ( 1.000000000000000000, 0.0000000000000000000, 0.0000000000000000000 ) ) ;
#888 = DIRECTION ( 'NONE',  ( 1.000000000000000000, 0.0000000000000000000, 0.0000000000000000000 ) ) ;
#889 = ORIENTED_EDGE ( 'NONE', *, *, #804, .T. ) ;
#890 = CARTESIAN_POINT ( 'NONE',  ( -0.5500000000000000444, 1.574999999999999956, 0.5999999999999999778 ) ) ;
#891 = CARTESIAN_POINT ( 'NONE',  ( -0.5500000000000000444, 1.600000000000000089, 0.5999999999999999778 ) ) ;
#892 = COLOUR_RGB ( '',0.9921568627450980671, 0.9921568627450980671, 0.9921568627450980671 ) ;
#893 = VECTOR ( 'NONE', #853, 1000.000000000000000 ) ;
#894 = ORIENTED_EDGE ( 'NONE', *, *, #505, .F. ) ;
#895 = DIRECTION ( 'NONE',  ( 1.000000000000000000, 0.0000000000000000000, 0.0000000000000000000 ) ) ;
#896 = AXIS2_PLACEMENT_3D ( 'NONE', #483, #280, #887 ) ;
#897 = UNCERTAINTY_MEASURE_WITH_UNIT (LENGTH_MEASURE( 1.000000000000000082E-05 ), #398, 'distance_accuracy_value', 'NONE');
#898 = VECTOR ( 'NONE', #1494, 1000.000000000000000 ) ;
#899 = LINE ( 'NONE', #133, #1508 ) ;
#900 = ORIENTED_EDGE ( 'NONE', *, *, #845, .T. ) ;
#901 = DIRECTION ( 'NONE',  ( 0.0000000000000000000, -1.000000000000000000, 3.330669073875000249E-16 ) ) ;
#902 = DIRECTION ( 'NONE',  ( -1.000000000000000000, 0.0000000000000000000, 0.0000000000000000000 ) ) ;
#903 = LINE ( 'NONE', #386, #417 ) ;
#904 = ORIENTED_EDGE ( 'NONE', *, *, #1606, .F. ) ;
#905 = CARTESIAN_POINT ( 'NONE',  ( -1.025000000000000133, -1.574999999999999956, 0.5999999999999999778 ) ) ;
#906 = EDGE_CURVE ( 'NONE', #769, #1534, #899, .T. ) ;
#907 = DIRECTION ( 'NONE',  ( 0.0000000000000000000, -1.000000000000000000, 3.330669073875000249E-16 ) ) ;
#908 = EDGE_CURVE ( 'NONE', #60, #769, #159, .T. ) ;
#909 = ORIENTED_EDGE ( 'NONE', *, *, #1042, .T. ) ;
#910 =( NAMED_UNIT ( * ) SI_UNIT ( $, .STERADIAN. ) SOLID_ANGLE_UNIT ( ) );
#911 = PLANE ( 'NONE',  #1338 ) ;
#912 = VERTEX_POINT ( 'NONE', #650 ) ;
#913 = DIRECTION ( 'NONE',  ( -5.051619526262000422E-34, -6.109302364573000570E-31, 1.000000000000000000 ) ) ;
#914 = ADVANCED_FACE ( 'NONE', ( #773 ), #246, .F. ) ;
#915 = ORIENTED_EDGE ( 'NONE', *, *, #732, .T. ) ;
#916 = DIRECTION ( 'NONE',  ( 0.0000000000000000000, 3.330669073875000249E-16, 1.000000000000000000 ) ) ;
#917 = ADVANCED_FACE ( 'NONE', ( #1154 ), #33, .F. ) ;
#918 = FILL_AREA_STYLE_COLOUR ( '', #929 ) ;
#919 = DIRECTION ( 'NONE',  ( 0.0000000000000000000, -1.000000000000000000, 3.330669073875000249E-16 ) ) ;
#920 = AXIS2_PLACEMENT_3D ( 'NONE', #784, #523, #22 ) ;
#921 = VERTEX_POINT ( 'NONE', #152 ) ;
#922 = AXIS2_PLACEMENT_3D ( 'NONE', #558, #661, #185 ) ;
#923 = AXIS2_PLACEMENT_3D ( 'NONE', #1599, #87, #1203 ) ;
#924 = CARTESIAN_POINT ( 'NONE',  ( -0.8000000000000000444, 0.02500000000000000139, 0.5999999999999999778 ) ) ;
#925 = VECTOR ( 'NONE', #124, 1000.000000000000000 ) ;
#926 = VECTOR ( 'NONE', #1048, 1000.000000000000000 ) ;
#927 = ORIENTED_EDGE ( 'NONE', *, *, #1367, .F. ) ;
#928 = LINE ( 'NONE', #1430, #1211 ) ;
#929 = COLOUR_RGB ( '',0.1921568627450980227, 0.1921568627450980227, 0.1921568627450980227 ) ;
#930 = CARTESIAN_POINT ( 'NONE',  ( -0.5500000000000000444, 1.600000000000000089, 0.5999999999999999778 ) ) ;
#931 = DIRECTION ( 'NONE',  ( 1.000000000000000000, 0.0000000000000000000, 0.0000000000000000000 ) ) ;
#932 = ADVANCED_FACE ( 'NONE', ( #1268 ), #1384, .T. ) ;
#933 = ORIENTED_EDGE ( 'NONE', *, *, #796, .F. ) ;
#934 = DIRECTION ( 'NONE',  ( -1.000000000000000000, 0.0000000000000000000, 0.0000000000000000000 ) ) ;
#935 = VERTEX_POINT ( 'NONE', #364 ) ;
#936 = LINE ( 'NONE', #411, #527 ) ;
#937 =( LENGTH_UNIT ( ) NAMED_UNIT ( * ) SI_UNIT ( .MILLI., .METRE. ) );
#938 = CARTESIAN_POINT ( 'NONE',  ( -0.5500000000000000444, 1.600000000000000089, 0.5999999999999999778 ) ) ;
#939 = DIRECTION ( 'NONE',  ( -1.000000000000000000, 0.0000000000000000000, 0.0000000000000000000 ) ) ;
#940 = EDGE_CURVE ( 'NONE', #735, #613, #493, .T. ) ;
#941 = ORIENTED_EDGE ( 'NONE', *, *, #591, .T. ) ;
#942 = EDGE_CURVE ( 'NONE', #879, #595, #734, .T. ) ;
#943 = CARTESIAN_POINT ( 'NONE',  ( -0.2999999999999999889, 1.600000000000000089, 0.05000000000000000278 ) ) ;
#944 = VERTEX_POINT ( 'NONE', #1171 ) ;
#945 = CARTESIAN_POINT ( 'NONE',  ( -1.500000000000000000, -1.574999999999999956, 0.5500000000000000444 ) ) ;
#946 = PRESENTATION_STYLE_ASSIGNMENT (( #1334 ) ) ;
#947 = DIRECTION ( 'NONE',  ( 1.000000000000000000, 0.0000000000000000000, 0.0000000000000000000 ) ) ;
#948 = CARTESIAN_POINT ( 'NONE',  ( -0.7500000000000000000, 1.574999999999999956, 0.5500000000000000444 ) ) ;
#949 = ORIENTED_EDGE ( 'NONE', *, *, #1562, .F. ) ;
#950 = UNCERTAINTY_MEASURE_WITH_UNIT (LENGTH_MEASURE( 1.000000000000000082E-05 ), #1327, 'distance_accuracy_value', 'NONE');
#951 = EDGE_CURVE ( 'NONE', #418, #1091, #1416, .T. ) ;
#952 = DIRECTION ( 'NONE',  ( 0.0000000000000000000, -1.000000000000000000, 3.330669073875000249E-16 ) ) ;
#953 = PRESENTATION_LAYER_ASSIGNMENT (  '', '', ( #34 ) ) ;
#954 = VECTOR ( 'NONE', #1087, 1000.000000000000000 ) ;
#955 = ORIENTED_EDGE ( 'NONE', *, *, #1042, .F. ) ;
#956 = ADVANCED_FACE ( 'NONE', ( #1050 ), #1066, .T. ) ;
#957 = CARTESIAN_POINT ( 'NONE',  ( -0.8000000000000000444, -0.02500000000000000139, 0.5749999999999999556 ) ) ;
#958 = AXIS2_PLACEMENT_3D ( 'NONE', #257, #751, #1141 ) ;
#959 = AXIS2_PLACEMENT_3D ( 'NONE', #1542, #163, #48 ) ;
#960 = CARTESIAN_POINT ( 'NONE',  ( 0.5500000000000000444, 1.600000000000000089, 0.5999999999999999778 ) ) ;
#961 = FACE_OUTER_BOUND ( 'NONE', #199, .T. ) ;
#962 = ORIENTED_EDGE ( 'NONE', *, *, #621, .T. ) ;
#963 = CARTESIAN_POINT ( 'NONE',  ( -0.5500000000000000444, -1.574999999999999956, 0.5500000000000000444 ) ) ;
#964 = ORIENTED_EDGE ( 'NONE', *, *, #665, .F. ) ;
#965 = DIRECTION ( 'NONE',  ( 0.0000000000000000000, -1.000000000000000000, 3.330669073875000249E-16 ) ) ;
#966 = ADVANCED_FACE ( 'NONE', ( #1177 ), #1559, .F. ) ;
#967 = FACE_OUTER_BOUND ( 'NONE', #1173, .T. ) ;
#968 = DIRECTION ( 'NONE',  ( -1.000000000000000000, 0.0000000000000000000, 0.0000000000000000000 ) ) ;
#969 = VERTEX_POINT ( 'NONE', #1434 ) ;
#970 = DIRECTION ( 'NONE',  ( 1.000000000000000000, 0.0000000000000000000, 0.0000000000000000000 ) ) ;
#971 = CARTESIAN_POINT ( 'NONE',  ( 0.7500000000000000000, -1.574999999999999956, 0.5500000000000000444 ) ) ;
#972 =( NAMED_UNIT ( * ) SI_UNIT ( $, .STERADIAN. ) SOLID_ANGLE_UNIT ( ) );
#973 = CARTESIAN_POINT ( 'NONE',  ( 0.5500000000000000444, 1.600000000000000089, 0.5999999999999999778 ) ) ;
#974 = DIRECTION ( 'NONE',  ( 0.0000000000000000000, -1.000000000000000000, 3.330669073875000249E-16 ) ) ;
#975 =( NAMED_UNIT ( * ) SI_UNIT ( $, .STERADIAN. ) SOLID_ANGLE_UNIT ( ) );
#976 = DIRECTION ( 'NONE',  ( 0.0000000000000000000, 3.330669073875000249E-16, 1.000000000000000000 ) ) ;
#977 = VECTOR ( 'NONE', #1536, 1000.000000000000000 ) ;
#978 = CARTESIAN_POINT ( 'NONE',  ( 0.5500000000000000444, -1.600000000000000089, 0.5500000000000000444 ) ) ;
#979 = AXIS2_PLACEMENT_3D ( 'NONE', #200, #435, #166 ) ;
#980 = AXIS2_PLACEMENT_3D ( 'NONE', #1629, #1535, #1001 ) ;
#981 = EDGE_CURVE ( 'NONE', #593, #346, #1057, .T. ) ;
#982 = EDGE_LOOP ( 'NONE', ( #955, #1126, #181, #1411 ) ) ;
#983 = PRESENTATION_LAYER_ASSIGNMENT (  '', '', ( #794 ) ) ;
#984 = EDGE_CURVE ( 'NONE', #201, #746, #428, .T. ) ;
#985 = DIRECTION ( 'NONE',  ( 0.0000000000000000000, -3.330669073875000249E-16, -1.000000000000000000 ) ) ;
#986 = CARTESIAN_POINT ( 'NONE',  ( 0.5500000000000000444, 1.600000000000000089, 0.5500000000000000444 ) ) ;
#987 = ORIENTED_EDGE ( 'NONE', *, *, #75, .T. ) ;
#988 = CARTESIAN_POINT ( 'NONE',  ( 0.7500000000000000000, 1.600000000000000089, 0.05000000000000000278 ) ) ;
#989 = DIRECTION ( 'NONE',  ( -2.433209236776999870E-18, 1.000000000000000000, -3.970222857247000111E-16 ) ) ;
#990 = PLANE ( 'NONE',  #1003 ) ;
#991 = ORIENTED_EDGE ( 'NONE', *, *, #1466, .F. ) ;
#992 = LINE ( 'NONE', #872, #147 ) ;
#993 = EDGE_CURVE ( 'NONE', #184, #118, #52, .T. ) ;
#994 = LINE ( 'NONE', #700, #501 ) ;
#995 = ADVANCED_FACE ( 'NONE', ( #1185 ), #539, .F. ) ;
#996 = ORIENTED_EDGE ( 'NONE', *, *, #984, .F. ) ;
#997 = DIRECTION ( 'NONE',  ( 0.0000000000000000000, 3.330669073875000249E-16, 1.000000000000000000 ) ) ;
#998 = CARTESIAN_POINT ( 'NONE',  ( 0.6567307692309999334, 1.600000000000000089, 0.2471153846150000166 ) ) ;
#999 = VERTEX_POINT ( 'NONE', #924 ) ;
#1000 = ORIENTED_EDGE ( 'NONE', *, *, #1199, .F. ) ;
#1001 = DIRECTION ( 'NONE',  ( -1.000000000000000000, 0.0000000000000000000, 0.0000000000000000000 ) ) ;
#1002 = DIRECTION ( 'NONE',  ( -1.000000000000000000, 0.0000000000000000000, 0.0000000000000000000 ) ) ;
#1003 = AXIS2_PLACEMENT_3D ( 'NONE', #369, #497, #110 ) ;
#1004 = EDGE_CURVE ( 'NONE', #1337, #598, #1428, .T. ) ;
#1005 = VERTEX_POINT ( 'NONE', #563 ) ;
#1006 = PRESENTATION_STYLE_ASSIGNMENT (( #1529 ) ) ;
#1007 = VECTOR ( 'NONE', #1344, 1000.000000000000000 ) ;
#1008 = PLANE ( 'NONE',  #958 ) ;
#1009 = LINE ( 'NONE', #340, #1089 ) ;
#1010 = ORIENTED_EDGE ( 'NONE', *, *, #290, .F. ) ;
#1011 = CARTESIAN_POINT ( 'NONE',  ( -0.5500000000000000444, -0.02500000000000000139, 0.5500000000000000444 ) ) ;
#1012 = LINE ( 'NONE', #375, #1085 ) ;
#1013 = EDGE_LOOP ( 'NONE', ( #400, #629, #1510, #126 ) ) ;
#1014 = PLANE ( 'NONE',  #574 ) ;
#1015 = EDGE_CURVE ( 'NONE', #205, #1577, #1315, .T. ) ;
#1016 = CARTESIAN_POINT ( 'NONE',  ( 0.4749999999999999778, -0.02500000000000000139, 0.5999999999999999778 ) ) ;
#1017 = LINE ( 'NONE', #885, #1563 ) ;
#1018 = ORIENTED_EDGE ( 'NONE', *, *, #164, .F. ) ;
#1019 = CARTESIAN_POINT ( 'NONE',  ( 0.8000000000000000444, 1.600000000000000089, 0.5500000000000000444 ) ) ;
#1020 = CARTESIAN_POINT ( 'NONE',  ( -0.2999999999999999889, 1.600000000000000089, 0.05000000000000000278 ) ) ;
#1021 = VERTEX_POINT ( 'NONE', #798 ) ;
#1022 = CARTESIAN_POINT ( 'NONE',  ( 0.7500000000000000000, 1.600000000000000089, 0.05000000000000000278 ) ) ;
#1023 = LINE ( 'NONE', #1530, #898 ) ;
#1024 = DIRECTION ( 'NONE',  ( 0.0000000000000000000, 3.330669073875000249E-16, 1.000000000000000000 ) ) ;
#1025 = VERTEX_POINT ( 'NONE', #1441 ) ;
#1026 = PLANE ( 'NONE',  #980 ) ;
#1027 = DIRECTION ( 'NONE',  ( 1.000000000000000000, 0.0000000000000000000, 0.0000000000000000000 ) ) ;
#1028 = ORIENTED_EDGE ( 'NONE', *, *, #1401, .T. ) ;
#1029 = CARTESIAN_POINT ( 'NONE',  ( -0.5500000000000000444, 1.600000000000000089, 0.5999999999999999778 ) ) ;
#1030 = PLANE ( 'NONE',  #920 ) ;
#1031 = ADVANCED_FACE ( 'NONE', ( #805 ), #71, .F. ) ;
#1032 = ORIENTED_EDGE ( 'NONE', *, *, #1111, .T. ) ;
#1033 = LINE ( 'NONE', #810, #790 ) ;
#1034 = UNCERTAINTY_MEASURE_WITH_UNIT (LENGTH_MEASURE( 1.000000000000000082E-05 ), #937, 'distance_accuracy_value', 'NONE');
#1035 = EDGE_CURVE ( 'NONE', #60, #944, #556, .T. ) ;
#1036 = VECTOR ( 'NONE', #1167, 1000.000000000000000 ) ;
#1037 = CARTESIAN_POINT ( 'NONE',  ( -0.5000000000000000000, -1.600000000000000089, 0.6500000000000000222 ) ) ;
#1038 = EDGE_LOOP ( 'NONE', ( #1275, #1382, #68, #1, #1472, #390 ) ) ;
#1039 = FACE_OUTER_BOUND ( 'NONE', #377, .T. ) ;
#1040 = CARTESIAN_POINT ( 'NONE',  ( 0.3283653846150000333, -1.600000000000000089, 0.5500000000000000444 ) ) ;
#1041 = ORIENTED_EDGE ( 'NONE', *, *, #490, .T. ) ;
#1042 = EDGE_CURVE ( 'NONE', #201, #184, #814, .T. ) ;
#1043 = ADVANCED_FACE ( 'NONE', ( #1292 ), #689, .F. ) ;
#1044 = FILL_AREA_STYLE_COLOUR ( '', #1365 ) ;
#1045 = ORIENTED_EDGE ( 'NONE', *, *, #1553, .T. ) ;
#1046 = CARTESIAN_POINT ( 'NONE',  ( 0.5500000000000000444, -0.02500000000000000139, 0.5999999999999999778 ) ) ;
#1047 = PRESENTATION_STYLE_ASSIGNMENT (( #776 ) ) ;
#1048 = DIRECTION ( 'NONE',  ( 0.0000000000000000000, -1.000000000000000000, 3.330669073875000249E-16 ) ) ;
#1049 = ORIENTED_EDGE ( 'NONE', *, *, #273, .T. ) ;
#1050 = FACE_OUTER_BOUND ( 'NONE', #1165, .T. ) ;
#1051 = ORIENTED_EDGE ( 'NONE', *, *, #142, .F. ) ;
#1052 = PLANE ( 'NONE',  #922 ) ;
#1053 = CARTESIAN_POINT ( 'NONE',  ( 0.5500000000000000444, -1.574999999999999956, 0.5999999999999999778 ) ) ;
#1054 = ORIENTED_EDGE ( 'NONE', *, *, #1080, .T. ) ;
#1055 = MECHANICAL_DESIGN_GEOMETRIC_PRESENTATION_REPRESENTATION (  '', ( #34 ), #1083 ) ;
#1056 = VECTOR ( 'NONE', #528, 1000.000000000000000 ) ;
#1057 = LINE ( 'NONE', #678, #1482 ) ;
#1058 = VECTOR ( 'NONE', #1093, 1000.000000000000000 ) ;
#1059 = EDGE_LOOP ( 'NONE', ( #909, #327, #294, #237, #1417 ) ) ;
#1060 = CARTESIAN_POINT ( 'NONE',  ( -0.8000000000000000444, 0.02500000000000000139, 0.5749999999999999556 ) ) ;
#1061 = DIRECTION ( 'NONE',  ( 0.0000000000000000000, -3.330669073875000249E-16, -1.000000000000000000 ) ) ;
#1062 = EDGE_CURVE ( 'NONE', #1238, #720, #1546, .T. ) ;
#1063 = CARTESIAN_POINT ( 'NONE',  ( 0.7500000000000000000, 1.600000000000000089, 0.5500000000000000444 ) ) ;
#1064 = ORIENTED_EDGE ( 'NONE', *, *, #461, .T. ) ;
#1065 = UNCERTAINTY_MEASURE_WITH_UNIT (LENGTH_MEASURE( 1.000000000000000082E-05 ), #47, 'distance_accuracy_value', 'NONE');
#1066 = PLANE ( 'NONE',  #1262 ) ;
#1067 = ORIENTED_EDGE ( 'NONE', *, *, #589, .T. ) ;
#1068 = LINE ( 'NONE', #1571, #5 ) ;
#1069 = MANIFOLD_SOLID_BREP ( 'R0612__ERJB2__By-Panasonic.STEP[3]', #423 ) ;
#1070 = CARTESIAN_POINT ( 'NONE',  ( -0.8000000000000000444, -1.600000000000000089, 5.329070518200999688E-16 ) ) ;
#1071 = CARTESIAN_POINT ( 'NONE',  ( 0.2999999999999999889, 1.600000000000000089, 0.05000000000000000278 ) ) ;
#1072 = ADVANCED_FACE ( 'NONE', ( #1347 ), #532, .F. ) ;
#1073 = VERTEX_POINT ( 'NONE', #963 ) ;
#1074 = ORIENTED_EDGE ( 'NONE', *, *, #1081, .F. ) ;
#1075 = PLANE ( 'NONE',  #1108 ) ;
#1076 = DIRECTION ( 'NONE',  ( 1.000000000000000000, 0.0000000000000000000, 0.0000000000000000000 ) ) ;
#1077 = DIRECTION ( 'NONE',  ( -5.051619526262000422E-34, -6.109302364573000570E-31, 1.000000000000000000 ) ) ;
#1078 = FACE_OUTER_BOUND ( 'NONE', #843, .T. ) ;
#1079 = ORIENTED_EDGE ( 'NONE', *, *, #717, .T. ) ;
#1080 = EDGE_CURVE ( 'NONE', #346, #118, #212, .T. ) ;
#1081 = EDGE_CURVE ( 'NONE', #797, #429, #85, .T. ) ;
#1082 = DIRECTION ( 'NONE',  ( -1.000000000000000000, 0.0000000000000000000, 0.0000000000000000000 ) ) ;
#1083 =( GEOMETRIC_REPRESENTATION_CONTEXT ( 3 ) GLOBAL_UNCERTAINTY_ASSIGNED_CONTEXT ( ( #897 ) ) GLOBAL_UNIT_ASSIGNED_CONTEXT ( ( #398, #644, #1412 ) ) REPRESENTATION_CONTEXT ( 'NONE', 'WORKASPACE' ) );
#1084 = EDGE_CURVE ( 'NONE', #664, #1433, #1452, .T. ) ;
#1085 = VECTOR ( 'NONE', #756, 1000.000000000000000 ) ;
#1086 = ORIENTED_EDGE ( 'NONE', *, *, #533, .F. ) ;
#1087 = DIRECTION ( 'NONE',  ( 0.0000000000000000000, -2.220446049250000002E-16, -1.000000000000000000 ) ) ;
#1088 = AXIS2_PLACEMENT_3D ( 'NONE', #1461, #334, #827 ) ;
#1089 = VECTOR ( 'NONE', #172, 1000.000000000000000 ) ;
#1090 = COLOUR_RGB ( '',0.8470588235294117530, 0.8470588235294117530, 0.8470588235294117530 ) ;
#1091 = VERTEX_POINT ( 'NONE', #95 ) ;
#1092 = LINE ( 'NONE', #1104, #62 ) ;
#1093 = DIRECTION ( 'NONE',  ( 0.0000000000000000000, -1.000000000000000000, 3.330669073875000249E-16 ) ) ;
#1094 = EDGE_LOOP ( 'NONE', ( #1479, #1160, #134, #107 ) ) ;
#1095 = FACE_OUTER_BOUND ( 'NONE', #1603, .T. ) ;
#1096 = CARTESIAN_POINT ( 'NONE',  ( 2.730056617930999948E-17, 1.812395008661000059E-16, 0.5500000000000000444 ) ) ;
#1097 = ADVANCED_FACE ( 'NONE', ( #1604 ), #466, .F. ) ;
#1098 = ORIENTED_EDGE ( 'NONE', *, *, #1035, .T. ) ;
#1099 = DIRECTION ( 'NONE',  ( 0.0000000000000000000, 3.330669073875000249E-16, 1.000000000000000000 ) ) ;
#1100 = CARTESIAN_POINT ( 'NONE',  ( -0.7500000000000000000, 1.600000000000000089, 0.5500000000000000444 ) ) ;
#1101 = LINE ( 'NONE', #851, #1396 ) ;
#1102 = DIRECTION ( 'NONE',  ( -0.0000000000000000000, 1.000000000000000000, 0.0000000000000000000 ) ) ;
#1103 = VERTEX_POINT ( 'NONE', #1490 ) ;
#1104 = CARTESIAN_POINT ( 'NONE',  ( 0.8000000000000000444, 2.220446049249999755E-16, 0.5500000000000000444 ) ) ;
#1105 = FACE_OUTER_BOUND ( 'NONE', #31, .T. ) ;
#1106 = VECTOR ( 'NONE', #1368, 1000.000000000000000 ) ;
#1107 = LINE ( 'NONE', #235, #324 ) ;
#1108 = AXIS2_PLACEMENT_3D ( 'NONE', #1282, #793, #1294 ) ;
#1109 = CARTESIAN_POINT ( 'NONE',  ( -0.5500000000000000444, 1.600000000000000089, 0.5500000000000000444 ) ) ;
#1110 = DIRECTION ( 'NONE',  ( 0.0000000000000000000, -2.220446049250000002E-16, -1.000000000000000000 ) ) ;
#1111 = EDGE_CURVE ( 'NONE', #912, #797, #1314, .T. ) ;
#1112 = ORIENTED_EDGE ( 'NONE', *, *, #561, .F. ) ;
#1113 = ORIENTED_EDGE ( 'NONE', *, *, #1381, .F. ) ;
#1114 = DIRECTION ( 'NONE',  ( 1.000000000000000000, 0.0000000000000000000, 0.0000000000000000000 ) ) ;
#1115 = CARTESIAN_POINT ( 'NONE',  ( -0.7500000000000000000, 0.02500000000000000139, 0.5500000000000000444 ) ) ;
#1116 = CARTESIAN_POINT ( 'NONE',  ( 0.8000000000000000444, -0.02500000000000000139, 0.5749999999999999556 ) ) ;
#1117 = LINE ( 'NONE', #1379, #662 ) ;
#1118 = ORIENTED_EDGE ( 'NONE', *, *, #1207, .T. ) ;
#1119 = ADVANCED_FACE ( 'NONE', ( #1582 ), #474, .F. ) ;
#1120 = ORIENTED_EDGE ( 'NONE', *, *, #813, .T. ) ;
#1121 = CARTESIAN_POINT ( 'NONE',  ( -0.8000000000000000444, 1.600000000000000089, 0.5999999999999999778 ) ) ;
#1122 = CARTESIAN_POINT ( 'NONE',  ( 0.5500000000000000444, 1.600000000000000089, 0.5500000000000000444 ) ) ;
#1123 = ORIENTED_EDGE ( 'NONE', *, *, #441, .F. ) ;
#1124 = FILL_AREA_STYLE ('',( #883 ) ) ;
#1125 = CARTESIAN_POINT ( 'NONE',  ( 0.8000000000000000444, -1.600000000000000089, 0.5999999999999999778 ) ) ;
#1126 = ORIENTED_EDGE ( 'NONE', *, *, #984, .T. ) ;
#1127 = EDGE_LOOP ( 'NONE', ( #317, #494, #1202, #476, #45, #329 ) ) ;
#1128 = EDGE_CURVE ( 'NONE', #15, #1448, #1463, .T. ) ;
#1129 = LINE ( 'NONE', #270, #1234 ) ;
#1130 = EDGE_CURVE ( 'NONE', #1217, #1547, #583, .T. ) ;
#1131 = DIRECTION ( 'NONE',  ( -1.000000000000000000, 0.0000000000000000000, 0.0000000000000000000 ) ) ;
#1132 = VECTOR ( 'NONE', #1252, 1000.000000000000000 ) ;
#1133 = VERTEX_POINT ( 'NONE', #844 ) ;
#1134 = CARTESIAN_POINT ( 'NONE',  ( -0.7500000000000000000, 1.600000000000000089, 0.5500000000000000444 ) ) ;
#1135 = DIRECTION ( 'NONE',  ( -1.000000000000000000, 0.0000000000000000000, 0.0000000000000000000 ) ) ;
#1136 = ORIENTED_EDGE ( 'NONE', *, *, #635, .T. ) ;
#1137 = DIRECTION ( 'NONE',  ( 0.0000000000000000000, -1.000000000000000000, 3.330669073875000249E-16 ) ) ;
#1138 = DIRECTION ( 'NONE',  ( -1.000000000000000000, 0.0000000000000000000, 0.0000000000000000000 ) ) ;
#1139 = ORIENTED_EDGE ( 'NONE', *, *, #1466, .T. ) ;
#1140 = LINE ( 'NONE', #1147, #526 ) ;
#1141 = DIRECTION ( 'NONE',  ( 0.0000000000000000000, -3.330669073875000249E-16, -1.000000000000000000 ) ) ;
#1142 = CARTESIAN_POINT ( 'NONE',  ( 0.5500000000000000444, -1.574999999999999956, 0.5500000000000000444 ) ) ;
#1143 = ORIENTED_EDGE ( 'NONE', *, *, #174, .T. ) ;
#1144 = CARTESIAN_POINT ( 'NONE',  ( -0.8000000000000000444, -1.574999999999999956, 0.5500000000000000444 ) ) ;
#1145 = CARTESIAN_POINT ( 'NONE',  ( 0.5000000000000000000, 1.600000000000000089, 0.5999999999999999778 ) ) ;
#1146 = ORIENTED_EDGE ( 'NONE', *, *, #1330, .T. ) ;
#1147 = CARTESIAN_POINT ( 'NONE',  ( -0.7500000000000000000, 1.600000000000000089, 0.05000000000000000278 ) ) ;
#1148 = ADVANCED_FACE ( 'NONE', ( #1095 ), #100, .T. ) ;
#1149 = SURFACE_STYLE_USAGE ( .BOTH. , #1421 ) ;
#1150 = DIRECTION ( 'NONE',  ( -1.000000000000000000, -2.433209236776999870E-18, -5.051619526262000422E-34 ) ) ;
#1151 = ADVANCED_FACE ( 'NONE', ( #721 ), #596, .T. ) ;
#1152 = ORIENTED_EDGE ( 'NONE', *, *, #692, .T. ) ;
#1153 = LINE ( 'NONE', #32, #1186 ) ;
#1154 = FACE_OUTER_BOUND ( 'NONE', #1287, .T. ) ;
#1155 = ORIENTED_EDGE ( 'NONE', *, *, #684, .F. ) ;
#1156 = CARTESIAN_POINT ( 'NONE',  ( -0.7500000000000000000, -0.02500000000000000139, 0.5500000000000000444 ) ) ;
#1157 = VECTOR ( 'NONE', #1336, 1000.000000000000000 ) ;
#1158 = VECTOR ( 'NONE', #934, 1000.000000000000000 ) ;
#1159 = EDGE_CURVE ( 'NONE', #189, #1588, #1101, .T. ) ;
#1160 = ORIENTED_EDGE ( 'NONE', *, *, #515, .T. ) ;
#1161 = AXIS2_PLACEMENT_3D ( 'NONE', #1591, #1473, #452 ) ;
#1162 = CLOSED_SHELL ( 'NONE', ( #1151, #865, #251, #1478, #932, #1388 ) ) ;
#1163 = ADVANCED_FACE ( 'NONE', ( #727 ), #1230, .T. ) ;
#1164 = DIRECTION ( 'NONE',  ( 0.0000000000000000000, 3.330669073875000249E-16, 1.000000000000000000 ) ) ;
#1165 = EDGE_LOOP ( 'NONE', ( #410, #510, #1620, #1407 ) ) ;
#1166 = CARTESIAN_POINT ( 'NONE',  ( -0.7500000000000000000, -1.600000000000000089, 0.5500000000000000444 ) ) ;
#1167 = DIRECTION ( 'NONE',  ( 0.0000000000000000000, -1.000000000000000000, 3.330669073875000249E-16 ) ) ;
#1168 = CARTESIAN_POINT ( 'NONE',  ( -0.5000000000000000000, 1.600000000000000089, 0.6500000000000000222 ) ) ;
#1169 = ORIENTED_EDGE ( 'NONE', *, *, #1432, .T. ) ;
#1170 = EDGE_CURVE ( 'NONE', #1588, #598, #253, .T. ) ;
#1171 = CARTESIAN_POINT ( 'NONE',  ( -0.2999999999999999889, -1.600000000000000089, 0.05000000000000000278 ) ) ;
#1172 = EDGE_CURVE ( 'NONE', #450, #1176, #641, .T. ) ;
#1173 = EDGE_LOOP ( 'NONE', ( #607, #1229, #1237, #358, #138 ) ) ;
#1174 = LINE ( 'NONE', #55, #1589 ) ;
#1175 = FACE_OUTER_BOUND ( 'NONE', #1094, .T. ) ;
#1176 = VERTEX_POINT ( 'NONE', #1254 ) ;
#1177 = FACE_OUTER_BOUND ( 'NONE', #1517, .T. ) ;
#1178 = ORIENTED_EDGE ( 'NONE', *, *, #1574, .F. ) ;
#1179 = PLANE ( 'NONE',  #787 ) ;
#1180 = LINE ( 'NONE', #302, #245 ) ;
#1181 = DIRECTION ( 'NONE',  ( 1.000000000000000000, 0.0000000000000000000, 0.0000000000000000000 ) ) ;
#1182 = ORIENTED_EDGE ( 'NONE', *, *, #348, .F. ) ;
#1183 = VECTOR ( 'NONE', #419, 1000.000000000000000 ) ;
#1184 = MECHANICAL_DESIGN_GEOMETRIC_PRESENTATION_REPRESENTATION (  '', ( #396 ), #221 ) ;
#1185 = FACE_OUTER_BOUND ( 'NONE', #58, .T. ) ;
#1186 = VECTOR ( 'NONE', #703, 1000.000000000000000 ) ;
#1187 = ORIENTED_EDGE ( 'NONE', *, *, #1454, .T. ) ;
#1188 = LINE ( 'NONE', #535, #1506 ) ;
#1189 = LINE ( 'NONE', #1445, #1257 ) ;
#1190 = PLANE ( 'NONE',  #1088 ) ;
#1191 = VERTEX_POINT ( 'NONE', #1497 ) ;
#1192 = UNCERTAINTY_MEASURE_WITH_UNIT (LENGTH_MEASURE( 1.000000000000000082E-05 ), #63, 'distance_accuracy_value', 'NONE');
#1193 = DIRECTION ( 'NONE',  ( 0.0000000000000000000, 1.000000000000000000, 0.0000000000000000000 ) ) ;
#1194 = ORIENTED_EDGE ( 'NONE', *, *, #861, .F. ) ;
#1195 = DIRECTION ( 'NONE',  ( -1.000000000000000000, 0.0000000000000000000, 0.0000000000000000000 ) ) ;
#1196 = SHAPE_DEFINITION_REPRESENTATION ( #836, #1291 ) ;
#1197 = DIRECTION ( 'NONE',  ( 0.0000000000000000000, -3.330669073875000249E-16, -1.000000000000000000 ) ) ;
#1198 = DIRECTION ( 'NONE',  ( 0.0000000000000000000, 3.330669073875000249E-16, 1.000000000000000000 ) ) ;
#1199 = EDGE_CURVE ( 'NONE', #1238, #1073, #1505, .T. ) ;
#1200 = ORIENTED_EDGE ( 'NONE', *, *, #1330, .F. ) ;
#1201 = DIRECTION ( 'NONE',  ( 0.0000000000000000000, -1.000000000000000000, 2.220446049250000002E-16 ) ) ;
#1202 = ORIENTED_EDGE ( 'NONE', *, *, #41, .T. ) ;
#1203 = DIRECTION ( 'NONE',  ( 0.0000000000000000000, 0.0000000000000000000, 1.000000000000000000 ) ) ;
#1204 = DIRECTION ( 'NONE',  ( 0.0000000000000000000, 2.220446049250000002E-16, 1.000000000000000000 ) ) ;
#1205 = CARTESIAN_POINT ( 'NONE',  ( 0.2999999999999999889, 1.600000000000000089, -5.329070518200999688E-16 ) ) ;
#1206 = ORIENTED_EDGE ( 'NONE', *, *, #1410, .T. ) ;
#1207 = EDGE_CURVE ( 'NONE', #1005, #1448, #519, .T. ) ;
#1208 = VECTOR ( 'NONE', #1024, 1000.000000000000000 ) ;
#1209 = DIRECTION ( 'NONE',  ( 0.0000000000000000000, -1.000000000000000000, 3.330669073875000249E-16 ) ) ;
#1210 = VECTOR ( 'NONE', #477, 1000.000000000000000 ) ;
#1211 = VECTOR ( 'NONE', #1195, 1000.000000000000000 ) ;
#1212 = CARTESIAN_POINT ( 'NONE',  ( 0.5500000000000000444, -0.02500000000000000139, 0.5500000000000000444 ) ) ;
#1213 = PRESENTATION_LAYER_ASSIGNMENT (  '', '', ( #396 ) ) ;
#1214 = MECHANICAL_DESIGN_GEOMETRIC_PRESENTATION_REPRESENTATION (  '', ( #794 ), #328 ) ;
#1215 = ORIENTED_EDGE ( 'NONE', *, *, #174, .F. ) ;
#1216 = CARTESIAN_POINT ( 'NONE',  ( -0.8000000000000000444, -0.02500000000000000139, 0.5500000000000000444 ) ) ;
#1217 = VERTEX_POINT ( 'NONE', #859 ) ;
#1218 = ADVANCED_FACE ( 'NONE', ( #372 ), #1383, .F. ) ;
#1219 = DIRECTION ( 'NONE',  ( 0.0000000000000000000, -2.220446049250000002E-16, -1.000000000000000000 ) ) ;
#1220 = EDGE_CURVE ( 'NONE', #598, #610, #630, .T. ) ;
#1221 = PLANE ( 'NONE',  #711 ) ;
#1222 = ORIENTED_EDGE ( 'NONE', *, *, #461, .F. ) ;
#1223 = DIRECTION ( 'NONE',  ( 0.0000000000000000000, -1.000000000000000000, -6.109302364573000570E-31 ) ) ;
#1224 = DIRECTION ( 'NONE',  ( 0.0000000000000000000, 3.330669073875000249E-16, 1.000000000000000000 ) ) ;
#1225 = LINE ( 'NONE', #1483, #144 ) ;
#1226 = EDGE_CURVE ( 'NONE', #232, #786, #992, .T. ) ;
#1227 = DIRECTION ( 'NONE',  ( 0.0000000000000000000, -1.000000000000000000, 3.330669073875000249E-16 ) ) ;
#1228 = ORIENTED_EDGE ( 'NONE', *, *, #981, .F. ) ;
#1229 = ORIENTED_EDGE ( 'NONE', *, *, #767, .T. ) ;
#1230 = CYLINDRICAL_SURFACE ( 'NONE', #896, 0.05000000000000002359 ) ;
#1231 = DIRECTION ( 'NONE',  ( 0.0000000000000000000, -1.000000000000000000, -6.109302364573000570E-31 ) ) ;
#1232 = VECTOR ( 'NONE', #748, 1000.000000000000000 ) ;
#1233 = CARTESIAN_POINT ( 'NONE',  ( 0.7500000000000000000, 1.600000000000000089, 0.5500000000000000444 ) ) ;
#1234 = VECTOR ( 'NONE', #3, 1000.000000000000000 ) ;
#1235 = VECTOR ( 'NONE', #559, 1000.000000000000000 ) ;
#1236 = MECHANICAL_DESIGN_GEOMETRIC_PRESENTATION_REPRESENTATION (  '', ( #426 ), #634 ) ;
#1237 = ORIENTED_EDGE ( 'NONE', *, *, #348, .T. ) ;
#1238 = VERTEX_POINT ( 'NONE', #1011 ) ;
#1239 = LINE ( 'NONE', #382, #925 ) ;
#1240 = CARTESIAN_POINT ( 'NONE',  ( -0.5500000000000000444, 1.600000000000000089, 0.5500000000000000444 ) ) ;
#1241 = ORIENTED_EDGE ( 'NONE', *, *, #412, .T. ) ;
#1242 = CARTESIAN_POINT ( 'NONE',  ( -0.8000000000000000444, 1.574999999999999956, 0.5999999999999999778 ) ) ;
#1243 = DIRECTION ( 'NONE',  ( 0.0000000000000000000, -1.000000000000000000, 3.330669073875000249E-16 ) ) ;
#1244 = PLANE ( 'NONE',  #862 ) ;
#1245 = EDGE_CURVE ( 'NONE', #1217, #247, #491, .T. ) ;
#1246 = VERTEX_POINT ( 'NONE', #511 ) ;
#1247 = DIRECTION ( 'NONE',  ( 0.0000000000000000000, -1.000000000000000000, 3.330669073875000249E-16 ) ) ;
#1248 = DIRECTION ( 'NONE',  ( 0.0000000000000000000, 0.0000000000000000000, 1.000000000000000000 ) ) ;
#1249 = ORIENTED_EDGE ( 'NONE', *, *, #1574, .T. ) ;
#1250 = DIRECTION ( 'NONE',  ( 0.0000000000000000000, -1.000000000000000000, 3.330669073875000249E-16 ) ) ;
#1251 = CARTESIAN_POINT ( 'NONE',  ( -0.7500000000000000000, 1.600000000000000089, 0.05000000000000000278 ) ) ;
#1252 = DIRECTION ( 'NONE',  ( 0.0000000000000000000, -1.000000000000000000, 3.330669073875000249E-16 ) ) ;
#1253 = ORIENTED_EDGE ( 'NONE', *, *, #1170, .T. ) ;
#1254 = CARTESIAN_POINT ( 'NONE',  ( -0.8000000000000000444, -1.574999999999999956, 0.5999999999999999778 ) ) ;
#1255 = EDGE_CURVE ( 'NONE', #1133, #660, #1129, .T. ) ;
#1256 = LINE ( 'NONE', #1527, #1313 ) ;
#1257 = VECTOR ( 'NONE', #702, 1000.000000000000000 ) ;
#1258 = ORIENTED_EDGE ( 'NONE', *, *, #1035, .F. ) ;
#1259 = DIRECTION ( 'NONE',  ( 1.000000000000000000, 0.0000000000000000000, 0.0000000000000000000 ) ) ;
#1260 = AXIS2_PLACEMENT_3D ( 'NONE', #1233, #1099, #1609 ) ;
#1261 = DIRECTION ( 'NONE',  ( -1.000000000000000000, 0.0000000000000000000, 0.0000000000000000000 ) ) ;
#1262 = AXIS2_PLACEMENT_3D ( 'NONE', #671, #913, #190 ) ;
#1263 = DIRECTION ( 'NONE',  ( 0.0000000000000000000, 3.330669073875000249E-16, 1.000000000000000000 ) ) ;
#1264 = AXIS2_PLACEMENT_3D ( 'NONE', #459, #1201, #970 ) ;
#1265 = VERTEX_POINT ( 'NONE', #1144 ) ;
#1266 = DIRECTION ( 'NONE',  ( 0.0000000000000000000, 1.000000000000000000, -3.330669073875000249E-16 ) ) ;
#1267 = ADVANCED_FACE ( 'NONE', ( #764 ), #1622, .F. ) ;
#1268 = FACE_OUTER_BOUND ( 'NONE', #1385, .T. ) ;
#1269 = VERTEX_POINT ( 'NONE', #1518 ) ;
#1270 =( NAMED_UNIT ( * ) PLANE_ANGLE_UNIT ( ) SI_UNIT ( $, .RADIAN. ) );
#1271 = CARTESIAN_POINT ( 'NONE',  ( -0.7500000000000000000, 1.600000000000000089, 0.5500000000000000444 ) ) ;
#1272 = ORIENTED_EDGE ( 'NONE', *, *, #755, .T. ) ;
#1273 = CARTESIAN_POINT ( 'NONE',  ( -0.5500000000000000444, 1.600000000000000089, 0.5500000000000000444 ) ) ;
#1274 = DIRECTION ( 'NONE',  ( 0.0000000000000000000, 1.000000000000000000, 0.0000000000000000000 ) ) ;
#1275 = ORIENTED_EDGE ( 'NONE', *, *, #441, .T. ) ;
#1276 = DIRECTION ( 'NONE',  ( 0.0000000000000000000, -1.000000000000000000, 3.330669073875000249E-16 ) ) ;
#1277 = EDGE_CURVE ( 'NONE', #610, #726, #1239, .T. ) ;
#1278 = DIRECTION ( 'NONE',  ( 0.0000000000000000000, -3.970222857247000111E-16, -1.000000000000000000 ) ) ;
#1279 = ORIENTED_EDGE ( 'NONE', *, *, #453, .T. ) ;
#1280 = CARTESIAN_POINT ( 'NONE',  ( 0.5500000000000000444, 1.600000000000000089, 0.5500000000000000444 ) ) ;
#1281 = ORIENTED_EDGE ( 'NONE', *, *, #345, .F. ) ;
#1282 = CARTESIAN_POINT ( 'NONE',  ( 1.500000000000000000, -0.02500000000000000139, 0.5500000000000000444 ) ) ;
#1283 = CARTESIAN_POINT ( 'NONE',  ( -0.3283653846150000333, -1.600000000000000089, 0.5500000000000000444 ) ) ;
#1284 = CARTESIAN_POINT ( 'NONE',  ( 0.8000000000000000444, -1.574999999999999956, 0.5999999999999999778 ) ) ;
#1285 = VECTOR ( 'NONE', #758, 1000.000000000000000 ) ;
#1286 = EDGE_CURVE ( 'NONE', #746, #921, #880, .T. ) ;
#1287 = EDGE_LOOP ( 'NONE', ( #882, #1403, #581, #469, #72, #1079, #436, #894 ) ) ;
#1288 = VECTOR ( 'NONE', #1438, 1000.000000000000000 ) ;
#1289 = AXIS2_PLACEMENT_3D ( 'NONE', #567, #1077, #1585 ) ;
#1290 = VECTOR ( 'NONE', #856, 1000.000000000000000 ) ;
#1291 = ADVANCED_BREP_SHAPE_REPRESENTATION ( 'C978040B-5F73-439A-AA8D-AB607383B45A', ( #504, #1618, #1069, #1610, #1453 ), #1485 ) ;
#1292 = FACE_OUTER_BOUND ( 'NONE', #1335, .T. ) ;
#1293 = ORIENTED_EDGE ( 'NONE', *, *, #1498, .F. ) ;
#1294 = DIRECTION ( 'NONE',  ( -1.000000000000000000, 0.0000000000000000000, 0.0000000000000000000 ) ) ;
#1295 = LINE ( 'NONE', #1070, #1370 ) ;
#1296 = VERTEX_POINT ( 'NONE', #1400 ) ;
#1297 = EDGE_CURVE ( 'NONE', #593, #154, #363, .T. ) ;
#1298 = DIRECTION ( 'NONE',  ( 0.0000000000000000000, -1.000000000000000000, 3.330669073875000249E-16 ) ) ;
#1299 = ORIENTED_EDGE ( 'NONE', *, *, #742, .F. ) ;
#1300 = FACE_OUTER_BOUND ( 'NONE', #670, .T. ) ;
#1301 = CARTESIAN_POINT ( 'NONE',  ( -0.8000000000000000444, 0.02500000000000000139, 0.5500000000000000444 ) ) ;
#1302 = FACE_OUTER_BOUND ( 'NONE', #749, .T. ) ;
#1303 = CARTESIAN_POINT ( 'NONE',  ( -0.8000000000000000444, 1.600000000000000089, 0.5999999999999999778 ) ) ;
#1304 = ORIENTED_EDGE ( 'NONE', *, *, #331, .F. ) ;
#1305 = EDGE_CURVE ( 'NONE', #1265, #1577, #772, .T. ) ;
#1306 = DIRECTION ( 'NONE',  ( 0.0000000000000000000, -1.000000000000000000, 3.330669073875000249E-16 ) ) ;
#1307 = VERTEX_POINT ( 'NONE', #614 ) ;
#1308 = CARTESIAN_POINT ( 'NONE',  ( -0.7500000000000000000, -1.600000000000000089, 0.05000000000000000278 ) ) ;
#1309 = DIRECTION ( 'NONE',  ( 0.0000000000000000000, 0.0000000000000000000, 1.000000000000000000 ) ) ;
#1310 = PLANE ( 'NONE',  #737 ) ;
#1311 = CARTESIAN_POINT ( 'NONE',  ( -0.5500000000000000444, 1.600000000000000089, 0.5500000000000000444 ) ) ;
#1312 = EDGE_LOOP ( 'NONE', ( #949, #1399, #264, #672 ) ) ;
#1313 = VECTOR ( 'NONE', #768, 1000.000000000000000 ) ;
#1314 = CIRCLE ( 'NONE', #1264, 0.05000000000000002359 ) ;
#1315 = LINE ( 'NONE', #44, #65 ) ;
#1316 = ORIENTED_EDGE ( 'NONE', *, *, #122, .F. ) ;
#1317 = DIRECTION ( 'NONE',  ( 1.000000000000000000, 0.0000000000000000000, 0.0000000000000000000 ) ) ;
#1318 = ADVANCED_FACE ( 'NONE', ( #242 ), #1026, .F. ) ;
#1319 = FACE_OUTER_BOUND ( 'NONE', #1312, .T. ) ;
#1320 = CARTESIAN_POINT ( 'NONE',  ( 0.8000000000000000444, 1.574999999999999956, 0.5749999999999999556 ) ) ;
#1321 = ORIENTED_EDGE ( 'NONE', *, *, #908, .F. ) ;
#1322 = DIRECTION ( 'NONE',  ( 0.0000000000000000000, -2.220446049250000002E-16, -1.000000000000000000 ) ) ;
#1323 = EDGE_LOOP ( 'NONE', ( #1241, #803, #79, #1495 ) ) ;
#1324 = CARTESIAN_POINT ( 'NONE',  ( -0.8000000000000000444, -1.600000000000000089, 5.329070518200999688E-16 ) ) ;
#1325 = EDGE_CURVE ( 'NONE', #1176, #1021, #739, .T. ) ;
#1326 = APPLICATION_CONTEXT ( 'automotive_design' ) ;
#1327 =( LENGTH_UNIT ( ) NAMED_UNIT ( * ) SI_UNIT ( .MILLI., .METRE. ) );
#1328 = ORIENTED_EDGE ( 'NONE', *, *, #515, .F. ) ;
#1329 = LINE ( 'NONE', #209, #1513 ) ;
#1330 = EDGE_CURVE ( 'NONE', #1597, #1005, #1153, .T. ) ;
#1331 = LINE ( 'NONE', #1205, #869 ) ;
#1332 = ORIENTED_EDGE ( 'NONE', *, *, #345, .T. ) ;
#1333 = CARTESIAN_POINT ( 'NONE',  ( -0.2999999999999999889, -1.600000000000000089, 5.329070518200999688E-16 ) ) ;
#1334 = SURFACE_STYLE_USAGE ( .BOTH. , #314 ) ;
#1335 = EDGE_LOOP ( 'NONE', ( #1503, #778, #207, #1200 ) ) ;
#1336 = DIRECTION ( 'NONE',  ( 0.0000000000000000000, 2.220446049250000002E-16, 1.000000000000000000 ) ) ;
#1337 = VERTEX_POINT ( 'NONE', #1071 ) ;
#1338 = AXIS2_PLACEMENT_3D ( 'NONE', #777, #663, #1278 ) ;
#1339 = EDGE_CURVE ( 'NONE', #303, #247, #1580, .T. ) ;
#1340 = DIRECTION ( 'NONE',  ( 0.0000000000000000000, 3.330669073875000249E-16, 1.000000000000000000 ) ) ;
#1341 = AXIS2_PLACEMENT_3D ( 'NONE', #281, #873, #503 ) ;
#1342 = DIRECTION ( 'NONE',  ( 0.0000000000000000000, -1.000000000000000000, 3.330669073875000249E-16 ) ) ;
#1343 = VECTOR ( 'NONE', #1181, 1000.000000000000000 ) ;
#1344 = DIRECTION ( 'NONE',  ( 0.0000000000000000000, -3.330669073875000249E-16, -1.000000000000000000 ) ) ;
#1345 = ORIENTED_EDGE ( 'NONE', *, *, #1062, .F. ) ;
#1346 = ADVANCED_FACE ( 'NONE', ( #432 ), #325, .F. ) ;
#1347 = FACE_OUTER_BOUND ( 'NONE', #1439, .T. ) ;
#1348 = EDGE_CURVE ( 'NONE', #1360, #613, #1033, .T. ) ;
#1349 = FACE_OUTER_BOUND ( 'NONE', #886, .T. ) ;
#1350 = EDGE_LOOP ( 'NONE', ( #699, #150, #165, #77 ) ) ;
#1351 = CARTESIAN_POINT ( 'NONE',  ( -0.5000000000000000000, 1.600000000000000089, 0.5999999999999999778 ) ) ;
#1352 = ORIENTED_EDGE ( 'NONE', *, *, #1004, .F. ) ;
#1353 = ORIENTED_EDGE ( 'NONE', *, *, #981, .T. ) ;
#1354 = DIRECTION ( 'NONE',  ( -1.000000000000000000, 0.0000000000000000000, 0.0000000000000000000 ) ) ;
#1355 = ADVANCED_FACE ( 'NONE', ( #695 ), #525, .F. ) ;
#1356 = PLANE ( 'NONE',  #923 ) ;
#1357 = CARTESIAN_POINT ( 'NONE',  ( -0.5500000000000000444, 1.574999999999999956, 0.5500000000000000444 ) ) ;
#1358 = DIRECTION ( 'NONE',  ( 0.0000000000000000000, -1.000000000000000000, 3.330669073875000249E-16 ) ) ;
#1359 = ORIENTED_EDGE ( 'NONE', *, *, #942, .T. ) ;
#1360 = VERTEX_POINT ( 'NONE', #948 ) ;
#1361 = DIRECTION ( 'NONE',  ( 1.000000000000000000, 0.0000000000000000000, 0.0000000000000000000 ) ) ;
#1362 = VECTOR ( 'NONE', #608, 1000.000000000000000 ) ;
#1363 = CARTESIAN_POINT ( 'NONE',  ( -0.5500000000000000444, 0.02500000000000000139, 0.5999999999999999778 ) ) ;
#1364 = EDGE_CURVE ( 'NONE', #1021, #1073, #1446, .T. ) ;
#1365 = COLOUR_RGB ( '',0.8470588235294117530, 0.8470588235294117530, 0.8470588235294117530 ) ;
#1366 = ORIENTED_EDGE ( 'NONE', *, *, #591, .F. ) ;
#1367 = EDGE_CURVE ( 'NONE', #1500, #472, #204, .T. ) ;
#1368 = DIRECTION ( 'NONE',  ( 0.0000000000000000000, -1.000000000000000000, 3.330669073875000249E-16 ) ) ;
#1369 = VECTOR ( 'NONE', #895, 1000.000000000000000 ) ;
#1370 = VECTOR ( 'NONE', #333, 1000.000000000000000 ) ;
#1371 = ADVANCED_FACE ( 'NONE', ( #1078 ), #1586, .T. ) ;
#1372 = CARTESIAN_POINT ( 'NONE',  ( 0.8000000000000000444, 0.02500000000000000139, 0.5749999999999999556 ) ) ;
#1373 = VECTOR ( 'NONE', #1243, 1000.000000000000000 ) ;
#1374 = DIRECTION ( 'NONE',  ( -1.000000000000000000, 0.0000000000000000000, 0.0000000000000000000 ) ) ;
#1375 = ORIENTED_EDGE ( 'NONE', *, *, #1454, .F. ) ;
#1376 = DIRECTION ( 'NONE',  ( 0.0000000000000000000, -1.000000000000000000, -6.109302364573000570E-31 ) ) ;
#1377 = FACE_OUTER_BOUND ( 'NONE', #1425, .T. ) ;
#1378 = ORIENTED_EDGE ( 'NONE', *, *, #385, .T. ) ;
#1379 = CARTESIAN_POINT ( 'NONE',  ( -0.5500000000000000444, 1.600000000000000089, 0.5999999999999999778 ) ) ;
#1380 = DIRECTION ( 'NONE',  ( 0.0000000000000000000, -1.000000000000000000, 3.330669073875000249E-16 ) ) ;
#1381 = EDGE_CURVE ( 'NONE', #472, #999, #448, .T. ) ;
#1382 = ORIENTED_EDGE ( 'NONE', *, *, #332, .T. ) ;
#1383 = PLANE ( 'NONE',  #198 ) ;
#1384 = PLANE ( 'NONE',  #788 ) ;
#1385 = EDGE_LOOP ( 'NONE', ( #1455, #858, #863, #427 ) ) ;
#1386 = CARTESIAN_POINT ( 'NONE',  ( -0.7500000000000000000, 1.600000000000000089, 0.5500000000000000444 ) ) ;
#1387 = CARTESIAN_POINT ( 'NONE',  ( -0.8000000000000000444, -1.574999999999999956, 0.5749999999999999556 ) ) ;
#1388 = ADVANCED_FACE ( 'NONE', ( #961 ), #1190, .F. ) ;
#1389 = DIRECTION ( 'NONE',  ( 0.0000000000000000000, 2.220446049250000002E-16, 1.000000000000000000 ) ) ;
#1390 = EDGE_CURVE ( 'NONE', #167, #1588, #1331, .T. ) ;
#1391 = DIRECTION ( 'NONE',  ( 1.000000000000000000, 0.0000000000000000000, 0.0000000000000000000 ) ) ;
#1392 = VECTOR ( 'NONE', #343, 1000.000000000000000 ) ;
#1393 = EDGE_LOOP ( 'NONE', ( #1032, #240, #1528, #831, #521, #269 ) ) ;
#1394 =( NAMED_UNIT ( * ) PLANE_ANGLE_UNIT ( ) SI_UNIT ( $, .RADIAN. ) );
#1395 = VECTOR ( 'NONE', #838, 1000.000000000000000 ) ;
#1396 = VECTOR ( 'NONE', #1354, 1000.000000000000000 ) ;
#1397 = DIRECTION ( 'NONE',  ( 0.0000000000000000000, 1.000000000000000000, -2.220446049250000002E-16 ) ) ;
#1398 = AXIS2_PLACEMENT_3D ( 'NONE', #1251, #21, #1514 ) ;
#1399 = ORIENTED_EDGE ( 'NONE', *, *, #153, .T. ) ;
#1400 = CARTESIAN_POINT ( 'NONE',  ( 0.5000000000000000000, -1.600000000000000089, 0.6500000000000000222 ) ) ;
#1401 = EDGE_CURVE ( 'NONE', #1577, #1073, #1470, .T. ) ;
#1402 = FACE_OUTER_BOUND ( 'NONE', #1468, .T. ) ;
#1403 = ORIENTED_EDGE ( 'NONE', *, *, #1498, .T. ) ;
#1404 = PRESENTATION_STYLE_ASSIGNMENT (( #161 ) ) ;
#1405 =( NAMED_UNIT ( * ) PLANE_ANGLE_UNIT ( ) SI_UNIT ( $, .RADIAN. ) );
#1406 = DIRECTION ( 'NONE',  ( 0.0000000000000000000, -1.000000000000000000, 3.330669073875000249E-16 ) ) ;
#1407 = ORIENTED_EDGE ( 'NONE', *, *, #1600, .T. ) ;
#1408 = LINE ( 'NONE', #288, #529 ) ;
#1409 = CARTESIAN_POINT ( 'NONE',  ( -0.5500000000000000444, -0.02500000000000000139, 0.5500000000000000444 ) ) ;
#1410 = EDGE_CURVE ( 'NONE', #1217, #112, #1596, .T. ) ;
#1411 = ORIENTED_EDGE ( 'NONE', *, *, #993, .F. ) ;
#1412 =( NAMED_UNIT ( * ) SI_UNIT ( $, .STERADIAN. ) SOLID_ANGLE_UNIT ( ) );
#1413 = EDGE_CURVE ( 'NONE', #921, #145, #833, .T. ) ;
#1414 = FACE_OUTER_BOUND ( 'NONE', #275, .T. ) ;
#1415 = ORIENTED_EDGE ( 'NONE', *, *, #453, .F. ) ;
#1416 = LINE ( 'NONE', #304, #1158 ) ;
#1417 = ORIENTED_EDGE ( 'NONE', *, *, #611, .T. ) ;
#1418 = LINE ( 'NONE', #547, #498 ) ;
#1419 = EDGE_CURVE ( 'NONE', #1091, #35, #1408, .T. ) ;
#1420 = VECTOR ( 'NONE', #639, 1000.000000000000000 ) ;
#1421 = SURFACE_SIDE_STYLE ('',( #179 ) ) ;
#1422 = LINE ( 'NONE', #795, #222 ) ;
#1423 = VECTOR ( 'NONE', #916, 1000.000000000000000 ) ;
#1424 = EDGE_CURVE ( 'NONE', #1632, #709, #188, .T. ) ;
#1425 = EDGE_LOOP ( 'NONE', ( #822, #1098, #557, #454 ) ) ;
#1426 = VECTOR ( 'NONE', #985, 1000.000000000000000 ) ;
#1427 = VECTOR ( 'NONE', #421, 1000.000000000000000 ) ;
#1428 = LINE ( 'NONE', #182, #447 ) ;
#1429 = ORIENTED_EDGE ( 'NONE', *, *, #309, .T. ) ;
#1430 = CARTESIAN_POINT ( 'NONE',  ( 1.500000000000000000, 1.574999999999999956, 0.5500000000000000444 ) ) ;
#1431 = PLANE ( 'NONE',  #449 ) ;
#1432 = EDGE_CURVE ( 'NONE', #746, #726, #66, .T. ) ;
#1433 = VERTEX_POINT ( 'NONE', #316 ) ;
#1434 = CARTESIAN_POINT ( 'NONE',  ( -0.5500000000000000444, 1.600000000000000089, 0.5999999999999999778 ) ) ;
#1435 = ORIENTED_EDGE ( 'NONE', *, *, #1286, .T. ) ;
#1436 = DIRECTION ( 'NONE',  ( 0.0000000000000000000, -2.220446049250000002E-16, -1.000000000000000000 ) ) ;
#1437 = DIRECTION ( 'NONE',  ( -1.000000000000000000, 0.0000000000000000000, 0.0000000000000000000 ) ) ;
#1438 = DIRECTION ( 'NONE',  ( 0.0000000000000000000, -1.000000000000000000, 3.330669073875000249E-16 ) ) ;
#1439 = EDGE_LOOP ( 'NONE', ( #1182, #1378, #320, #1316 ) ) ;
#1440 = EDGE_CURVE ( 'NONE', #205, #381, #478, .T. ) ;
#1441 = CARTESIAN_POINT ( 'NONE',  ( 0.8000000000000000444, 0.02500000000000000139, 0.5500000000000000444 ) ) ;
#1442 = EDGE_CURVE ( 'NONE', #1265, #774, #148, .T. ) ;
#1443 = ORIENTED_EDGE ( 'NONE', *, *, #75, .F. ) ;
#1444 = DIRECTION ( 'NONE',  ( 0.0000000000000000000, -3.330669073875000249E-16, -1.000000000000000000 ) ) ;
#1445 = CARTESIAN_POINT ( 'NONE',  ( -0.7500000000000000000, 1.600000000000000089, 0.5500000000000000444 ) ) ;
#1446 = LINE ( 'NONE', #1573, #422 ) ;
#1447 = COLOUR_RGB ( '',0.9058823529411764719, 0.9058823529411764719, 0.9058823529411764719 ) ;
#1448 = VERTEX_POINT ( 'NONE', #617 ) ;
#1449 = AXIS2_PLACEMENT_3D ( 'NONE', #1122, #6, #1274 ) ;
#1450 = AXIS2_PLACEMENT_3D ( 'NONE', #1613, #1340, #588 ) ;
#1451 = VECTOR ( 'NONE', #1380, 1000.000000000000000 ) ;
#1452 = LINE ( 'NONE', #227, #349 ) ;
#1453 = AXIS2_PLACEMENT_3D ( 'NONE', #1607, #1309, #1076 ) ;
#1454 = EDGE_CURVE ( 'NONE', #42, #189, #600, .T. ) ;
#1455 = ORIENTED_EDGE ( 'NONE', *, *, #290, .T. ) ;
#1456 = DIRECTION ( 'NONE',  ( 0.0000000000000000000, -1.000000000000000000, 3.330669073875000249E-16 ) ) ;
#1457 = SURFACE_STYLE_FILL_AREA ( #566 ) ;
#1458 = ADVANCED_FACE ( 'NONE', ( #379 ), #1008, .F. ) ;
#1459 = ORIENTED_EDGE ( 'NONE', *, *, #1080, .F. ) ;
#1460 = DIRECTION ( 'NONE',  ( 0.0000000000000000000, -1.000000000000000000, 3.330669073875000249E-16 ) ) ;
#1461 = CARTESIAN_POINT ( 'NONE',  ( -1.387778780781000401E-17, -1.600000000000000089, 0.2999999999999999889 ) ) ;
#1462 = EDGE_LOOP ( 'NONE', ( #655, #123, #433, #854 ) ) ;
#1463 = LINE ( 'NONE', #1481, #550 ) ;
#1464 = ORIENTED_EDGE ( 'NONE', *, *, #1533, .T. ) ;
#1465 = CARTESIAN_POINT ( 'NONE',  ( 2.730056617930999948E-17, 1.600000000000000089, 0.5500000000000000444 ) ) ;
#1466 = EDGE_CURVE ( 'NONE', #824, #753, #1626, .T. ) ;
#1467 = PRODUCT_CONTEXT ( 'NONE', #1326, 'mechanical' ) ;
#1468 = EDGE_LOOP ( 'NONE', ( #392, #1594, #297, #1366, #219 ) ) ;
#1469 = CARTESIAN_POINT ( 'NONE',  ( 0.8000000000000000444, 1.600000000000000089, -5.329070518200999688E-16 ) ) ;
#1470 = LINE ( 'NONE', #649, #374 ) ;
#1471 = EDGE_CURVE ( 'NONE', #1025, #1103, #239, .T. ) ;
#1472 = ORIENTED_EDGE ( 'NONE', *, *, #1410, .F. ) ;
#1473 = DIRECTION ( 'NONE',  ( 0.0000000000000000000, -3.330669073875000249E-16, -1.000000000000000000 ) ) ;
#1474 = CARTESIAN_POINT ( 'NONE',  ( -1.178434876327000113E-17, 1.600000000000000089, 0.5988662248599999627 ) ) ;
#1475 = FILL_AREA_STYLE_COLOUR ( '', #13 ) ;
#1476 = ORIENTED_EDGE ( 'NONE', *, *, #1381, .T. ) ;
#1477 = DIRECTION ( 'NONE',  ( 0.0000000000000000000, -1.000000000000000000, 3.330669073875000249E-16 ) ) ;
#1478 = ADVANCED_FACE ( 'NONE', ( #360 ), #1502, .T. ) ;
#1479 = ORIENTED_EDGE ( 'NONE', *, *, #742, .T. ) ;
#1480 = VECTOR ( 'NONE', #495, 1000.000000000000000 ) ;
#1481 = CARTESIAN_POINT ( 'NONE',  ( 0.7500000000000000000, 1.600000000000000089, 0.5500000000000000444 ) ) ;
#1482 = VECTOR ( 'NONE', #1298, 1000.000000000000000 ) ;
#1483 = CARTESIAN_POINT ( 'NONE',  ( -0.7500000000000000000, 1.600000000000000089, 0.5500000000000000444 ) ) ;
#1484 = VECTOR ( 'NONE', #1219, 1000.000000000000000 ) ;
#1485 =( GEOMETRIC_REPRESENTATION_CONTEXT ( 3 ) GLOBAL_UNCERTAINTY_ASSIGNED_CONTEXT ( ( #1192 ) ) GLOBAL_UNIT_ASSIGNED_CONTEXT ( ( #63, #1405, #592 ) ) REPRESENTATION_CONTEXT ( 'NONE', 'WORKASPACE' ) );
#1486 = ORIENTED_EDGE ( 'NONE', *, *, #412, .F. ) ;
#1487 = CARTESIAN_POINT ( 'NONE',  ( -0.8000000000000000444, 0.8000000000000000444, 0.5500000000000000444 ) ) ;
#1488 = EDGE_CURVE ( 'NONE', #720, #1021, #1117, .T. ) ;
#1489 = CARTESIAN_POINT ( 'NONE',  ( 0.7500000000000000000, 1.574999999999999956, 0.5500000000000000444 ) ) ;
#1490 = CARTESIAN_POINT ( 'NONE',  ( 0.8000000000000000444, 0.02500000000000000139, 0.5999999999999999778 ) ) ;
#1491 = LINE ( 'NONE', #1333, #893 ) ;
#1492 = EDGE_LOOP ( 'NONE', ( #1028, #696, #640, #99, #231 ) ) ;
#1493 = LINE ( 'NONE', #470, #761 ) ;
#1494 = DIRECTION ( 'NONE',  ( 1.000000000000000000, 0.0000000000000000000, 0.0000000000000000000 ) ) ;
#1495 = ORIENTED_EDGE ( 'NONE', *, *, #680, .F. ) ;
#1496 = VERTEX_POINT ( 'NONE', #249 ) ;
#1497 = CARTESIAN_POINT ( 'NONE',  ( 0.5500000000000000444, -1.600000000000000089, 0.5999999999999999778 ) ) ;
#1498 = EDGE_CURVE ( 'NONE', #1534, #1360, #1619, .T. ) ;
#1499 = FACE_OUTER_BOUND ( 'NONE', #226, .T. ) ;
#1500 = VERTEX_POINT ( 'NONE', #890 ) ;
#1501 = FACE_OUTER_BOUND ( 'NONE', #850, .T. ) ;
#1502 = PLANE ( 'NONE',  #1398 ) ;
#1503 = ORIENTED_EDGE ( 'NONE', *, *, #1531, .F. ) ;
#1504 = ORIENTED_EDGE ( 'NONE', *, *, #533, .T. ) ;
#1505 = LINE ( 'NONE', #1273, #1615 ) ;
#1506 = VECTOR ( 'NONE', #1436, 1000.000000000000000 ) ;
#1507 = CARTESIAN_POINT ( 'NONE',  ( -0.8000000000000000444, 1.600000000000000089, -5.329070518200999688E-16 ) ) ;
#1508 = VECTOR ( 'NONE', #254, 1000.000000000000000 ) ;
#1509 = EDGE_CURVE ( 'NONE', #1091, #664, #128, .T. ) ;
#1510 = ORIENTED_EDGE ( 'NONE', *, *, #490, .F. ) ;
#1511 = DIRECTION ( 'NONE',  ( -0.0000000000000000000, 1.000000000000000000, 0.0000000000000000000 ) ) ;
#1512 = VECTOR ( 'NONE', #638, 1000.000000000000000 ) ;
#1513 = VECTOR ( 'NONE', #1204, 1000.000000000000000 ) ;
#1514 = DIRECTION ( 'NONE',  ( 0.0000000000000000000, 0.0000000000000000000, 1.000000000000000000 ) ) ;
#1515 = PRESENTATION_LAYER_ASSIGNMENT (  '', '', ( #582 ) ) ;
#1516 = CYLINDRICAL_SURFACE ( 'NONE', #837, 0.05000000000000002359 ) ;
#1517 = EDGE_LOOP ( 'NONE', ( #305, #1520, #1139, #585, #415, #619, #807, #1136, #705, #941, #1113, #1429 ) ) ;
#1518 = CARTESIAN_POINT ( 'NONE',  ( 0.7500000000000000000, 1.600000000000000089, 0.05000000000000000278 ) ) ;
#1519 = PLANE ( 'NONE',  #1341 ) ;
#1520 = ORIENTED_EDGE ( 'NONE', *, *, #405, .T. ) ;
#1521 = PLANE ( 'NONE',  #731 ) ;
#1522 = EDGE_CURVE ( 'NONE', #824, #616, #733, .T. ) ;
#1523 = CARTESIAN_POINT ( 'NONE',  ( 0.8000000000000000444, -0.02500000000000000139, 0.5999999999999999778 ) ) ;
#1524 = ADVANCED_FACE ( 'NONE', ( #744 ), #479, .T. ) ;
#1525 = EDGE_LOOP ( 'NONE', ( #1018, #86, #1206, #1332 ) ) ;
#1526 = CARTESIAN_POINT ( 'NONE',  ( -1.500000000000000000, 0.02500000000000000139, 0.5500000000000000444 ) ) ;
#1527 = CARTESIAN_POINT ( 'NONE',  ( -0.4749999999999999778, -1.574999999999999956, 0.5999999999999999778 ) ) ;
#1528 = ORIENTED_EDGE ( 'NONE', *, *, #645, .T. ) ;
#1529 = SURFACE_STYLE_USAGE ( .BOTH. , #637 ) ;
#1530 = CARTESIAN_POINT ( 'NONE',  ( -1.500000000000000000, 0.02500000000000000139, 0.5500000000000000444 ) ) ;
#1531 = EDGE_CURVE ( 'NONE', #15, #1597, #120, .T. ) ;
#1532 = DIRECTION ( 'NONE',  ( 0.0000000000000000000, -1.000000000000000000, 3.330669073875000249E-16 ) ) ;
#1533 = EDGE_CURVE ( 'NONE', #720, #450, #508, .T. ) ;
#1534 = VERTEX_POINT ( 'NONE', #1386 ) ;
#1535 = DIRECTION ( 'NONE',  ( 0.0000000000000000000, -1.000000000000000000, 3.330669073875000249E-16 ) ) ;
#1536 = DIRECTION ( 'NONE',  ( 0.0000000000000000000, 3.330669073875000249E-16, 1.000000000000000000 ) ) ;
#1537 = VECTOR ( 'NONE', #997, 1000.000000000000000 ) ;
#1538 = ORIENTED_EDGE ( 'NONE', *, *, #1553, .F. ) ;
#1539 = FACE_OUTER_BOUND ( 'NONE', #1393, .T. ) ;
#1540 = FILL_AREA_STYLE_COLOUR ( '', #1090 ) ;
#1541 = VECTOR ( 'NONE', #568, 1000.000000000000000 ) ;
#1542 = CARTESIAN_POINT ( 'NONE',  ( 0.5000000000000000000, -1.600000000000000089, 0.5999999999999999778 ) ) ;
#1543 = VECTOR ( 'NONE', #37, 1000.000000000000000 ) ;
#1544 = ORIENTED_EDGE ( 'NONE', *, *, #816, .F. ) ;
#1545 = CARTESIAN_POINT ( 'NONE',  ( 0.3283653846150000333, 1.600000000000000089, 0.5500000000000000444 ) ) ;
#1546 = LINE ( 'NONE', #1409, #196 ) ;
#1547 = VERTEX_POINT ( 'NONE', #866 ) ;
#1548 = LINE ( 'NONE', #256, #1480 ) ;
#1549 =( NAMED_UNIT ( * ) SI_UNIT ( $, .STERADIAN. ) SOLID_ANGLE_UNIT ( ) );
#1550 = FACE_OUTER_BOUND ( 'NONE', #23, .T. ) ;
#1551 = ORIENTED_EDGE ( 'NONE', *, *, #1488, .T. ) ;
#1552 = FILL_AREA_STYLE ('',( #1044 ) ) ;
#1553 = EDGE_CURVE ( 'NONE', #1238, #205, #266, .T. ) ;
#1554 = ORIENTED_EDGE ( 'NONE', *, *, #942, .F. ) ;
#1555 = LINE ( 'NONE', #1561, #1183 ) ;
#1556 = CARTESIAN_POINT ( 'NONE',  ( -0.7500000000000000000, -1.574999999999999956, 0.5500000000000000444 ) ) ;
#1557 = PLANE ( 'NONE',  #140 ) ;
#1558 = ORIENTED_EDGE ( 'NONE', *, *, #1471, .T. ) ;
#1559 = PLANE ( 'NONE',  #548 ) ;
#1560 = ORIENTED_EDGE ( 'NONE', *, *, #228, .F. ) ;
#1561 = CARTESIAN_POINT ( 'NONE',  ( -0.5000000000000000000, 1.600000000000000089, 0.6500000000000000222 ) ) ;
#1562 = EDGE_CURVE ( 'NONE', #1448, #1025, #1023, .T. ) ;
#1563 = VECTOR ( 'NONE', #278, 1000.000000000000000 ) ;
#1564 = LINE ( 'NONE', #424, #90 ) ;
#1565 = VECTOR ( 'NONE', #1131, 1000.000000000000000 ) ;
#1566 = ORIENTED_EDGE ( 'NONE', *, *, #96, .F. ) ;
#1567 = VECTOR ( 'NONE', #1114, 1000.000000000000000 ) ;
#1568 = AXIS2_PLACEMENT_3D ( 'NONE', #998, #989, #368 ) ;
#1569 = DIRECTION ( 'NONE',  ( 0.0000000000000000000, 0.0000000000000000000, 1.000000000000000000 ) ) ;
#1570 = ORIENTED_EDGE ( 'NONE', *, *, #1630, .F. ) ;
#1571 = CARTESIAN_POINT ( 'NONE',  ( 1.500000000000000000, -0.02500000000000000139, 0.5500000000000000444 ) ) ;
#1572 = DIRECTION ( 'NONE',  ( 0.0000000000000000000, 1.000000000000000000, 0.0000000000000000000 ) ) ;
#1573 = CARTESIAN_POINT ( 'NONE',  ( -0.5500000000000000444, -1.574999999999999956, 0.5500000000000000444 ) ) ;
#1574 = EDGE_CURVE ( 'NONE', #969, #797, #549, .T. ) ;
#1575 = ORIENTED_EDGE ( 'NONE', *, *, #96, .T. ) ;
#1576 = DIRECTION ( 'NONE',  ( 1.000000000000000000, 0.0000000000000000000, 0.0000000000000000000 ) ) ;
#1577 = VERTEX_POINT ( 'NONE', #1556 ) ;
#1578 = CARTESIAN_POINT ( 'NONE',  ( -0.2999999999999999889, 1.600000000000000089, -5.329070518200999688E-16 ) ) ;
#1579 = DIRECTION ( 'NONE',  ( 1.000000000000000000, -2.433209236776999870E-18, 5.051619526262000422E-34 ) ) ;
#1580 = LINE ( 'NONE', #1320, #1541 ) ;
#1581 = ORIENTED_EDGE ( 'NONE', *, *, #356, .T. ) ;
#1582 = FACE_OUTER_BOUND ( 'NONE', #1462, .T. ) ;
#1583 = VERTEX_POINT ( 'NONE', #801 ) ;
#1584 = LINE ( 'NONE', #1060, #1423 ) ;
#1585 = DIRECTION ( 'NONE',  ( 0.0000000000000000000, -1.000000000000000000, -6.109302364573000570E-31 ) ) ;
#1586 = PLANE ( 'NONE',  #326 ) ;
#1587 = AXIS2_PLACEMENT_3D ( 'NONE', #1271, #1263, #1406 ) ;
#1588 = VERTEX_POINT ( 'NONE', #300 ) ;
#1589 = VECTOR ( 'NONE', #541, 1000.000000000000000 ) ;
#1590 = VECTOR ( 'NONE', #1137, 1000.000000000000000 ) ;
#1591 = CARTESIAN_POINT ( 'NONE',  ( 0.2999999999999999889, 1.600000000000000089, 0.05000000000000000278 ) ) ;
#1592 = ORIENTED_EDGE ( 'NONE', *, *, #635, .F. ) ;
#1593 = DIRECTION ( 'NONE',  ( -5.051619526262000422E-34, -6.109302364573000570E-31, 1.000000000000000000 ) ) ;
#1594 = ORIENTED_EDGE ( 'NONE', *, *, #273, .F. ) ;
#1595 = LINE ( 'NONE', #719, #1612 ) ;
#1596 = LINE ( 'NONE', #1545, #579 ) ;
#1597 = VERTEX_POINT ( 'NONE', #292 ) ;
#1598 = DIRECTION ( 'NONE',  ( 0.0000000000000000000, -3.330669073875000249E-16, -1.000000000000000000 ) ) ;
#1599 = CARTESIAN_POINT ( 'NONE',  ( 0.8000000000000000444, 1.600000000000000089, 0.5999999999999999778 ) ) ;
#1600 = EDGE_CURVE ( 'NONE', #774, #786, #674, .T. ) ;
#1601 = ORIENTED_EDGE ( 'NONE', *, *, #443, .F. ) ;
#1602 = DIRECTION ( 'NONE',  ( 0.0000000000000000000, -1.000000000000000000, 2.220446049250000002E-16 ) ) ;
#1603 = EDGE_LOOP ( 'NONE', ( #337, #1169, #1566, #1415 ) ) ;
#1604 = FACE_OUTER_BOUND ( 'NONE', #562, .T. ) ;
#1605 = DIRECTION ( 'NONE',  ( -2.433209236776999870E-18, 1.000000000000000000, -3.970222857247000111E-16 ) ) ;
#1606 = EDGE_CURVE ( 'NONE', #969, #1307, #28, .T. ) ;
#1607 = CARTESIAN_POINT ( 'NONE',  ( 0.0000000000000000000, 0.0000000000000000000, 0.0000000000000000000 ) ) ;
#1608 = ORIENTED_EDGE ( 'NONE', *, *, #1606, .T. ) ;
#1609 = DIRECTION ( 'NONE',  ( 0.0000000000000000000, -1.000000000000000000, 3.330669073875000249E-16 ) ) ;
#1610 = MANIFOLD_SOLID_BREP ( 'R0612__ERJB2__By-Panasonic.STEP[4]', #94 ) ;
#1611 = CARTESIAN_POINT ( 'NONE',  ( -0.7500000000000000000, 1.600000000000000089, 0.5500000000000000444 ) ) ;
#1612 = VECTOR ( 'NONE', #743, 1000.000000000000000 ) ;
#1613 = CARTESIAN_POINT ( 'NONE',  ( -0.7500000000000000000, 1.600000000000000089, 0.5500000000000000444 ) ) ;
#1614 = AXIS2_PLACEMENT_3D ( 'NONE', #78, #666, #907 ) ;
#1615 = VECTOR ( 'NONE', #1247, 1000.000000000000000 ) ;
#1616 = DIRECTION ( 'NONE',  ( 0.0000000000000000000, -1.000000000000000000, -6.109302364573000570E-31 ) ) ;
#1617 = PLANE ( 'NONE',  #194 ) ;
#1618 = MANIFOLD_SOLID_BREP ( 'R0612__ERJB2__By-Panasonic.STEP[2]', #171 ) ;
#1619 = LINE ( 'NONE', #1134, #70 ) ;
#1620 = ORIENTED_EDGE ( 'NONE', *, *, #1442, .T. ) ;
#1621 = ORIENTED_EDGE ( 'NONE', *, *, #1015, .F. ) ;
#1622 = PLANE ( 'NONE',  #603 ) ;
#1623 = CARTESIAN_POINT ( 'NONE',  ( 0.5500000000000000444, 1.574999999999999956, 0.5500000000000000444 ) ) ;
#1624 = ORIENTED_EDGE ( 'NONE', *, *, #1533, .F. ) ;
#1625 = CARTESIAN_POINT ( 'NONE',  ( -0.8000000000000000444, -0.02500000000000000139, 0.5999999999999999778 ) ) ;
#1626 = LINE ( 'NONE', #487, #244 ) ;
#1627 = ORIENTED_EDGE ( 'NONE', *, *, #861, .T. ) ;
#1628 = ORIENTED_EDGE ( 'NONE', *, *, #1630, .T. ) ;
#1629 = CARTESIAN_POINT ( 'NONE',  ( 1.500000000000000000, -0.02500000000000000139, 0.5500000000000000444 ) ) ;
#1630 = EDGE_CURVE ( 'NONE', #595, #1296, #522, .T. ) ;
#1631 = CARTESIAN_POINT ( 'NONE',  ( -0.7500000000000000000, 1.600000000000000089, 0.05000000000000000278 ) ) ;
#1632 = VERTEX_POINT ( 'NONE', #1301 ) ;
#1633 = SURFACE_STYLE_FILL_AREA ( #1124 ) ;
#1634 = DIRECTION ( 'NONE',  ( 0.0000000000000000000, -1.000000000000000000, -6.109302364573000570E-31 ) ) ;
ENDSEC;
END-ISO-10303-21;
