ISO-10303-21;
HEADER;
FILE_DESCRIPTION (( 'STEP AP214' ),
    '1' );
FILE_NAME ('8F9143C3-0923-43CF-B089-6E86E5796502.STEP',
    '2026-03-31T10:06:34',
    ( '' ),
    ( '' ),
    'SwSTEP 2.0',
    'SolidWorks 2022',
    '' );
FILE_SCHEMA (( 'AUTOMOTIVE_DESIGN' ));
ENDSEC;

DATA;
#1 = EDGE_LOOP ( 'NONE', ( #1405, #1164, #61, #619, #1214, #698, #1701, #1528, #1223, #469, #307, #588 ) ) ;
#2 = LINE ( 'NONE', #1746, #358 ) ;
#3 = FACE_OUTER_BOUND ( 'NONE', #1308, .T. ) ;
#4 = ORIENTED_EDGE ( 'NONE', *, *, #473, .T. ) ;
#5 = CARTESIAN_POINT ( 'NONE',  ( 3.299999999999999822, 1.500000000000000000, 1.500000000000000000 ) ) ;
#6 = ADVANCED_FACE ( 'NONE', ( #1532 ), #852, .T. ) ;
#7 = DIRECTION ( 'NONE',  ( 0.7071067811865482389, 0.0000000000000000000, -0.7071067811865466846 ) ) ;
#8 = EDGE_CURVE ( 'NONE', #1182, #151, #546, .T. ) ;
#9 = ORIENTED_EDGE ( 'NONE', *, *, #1551, .T. ) ;
#10 = CARTESIAN_POINT ( 'NONE',  ( -3.299999999999999822, 1.500000000000000000, 0.0000000000000000000 ) ) ;
#11 = ORIENTED_EDGE ( 'NONE', *, *, #50, .F. ) ;
#12 = VECTOR ( 'NONE', #651, 1000.000000000000000 ) ;
#13 = LINE ( 'NONE', #1186, #495 ) ;
#14 = FILL_AREA_STYLE_COLOUR ( '', #992 ) ;
#15 = AXIS2_PLACEMENT_3D ( 'NONE', #201, #738, #1268 ) ;
#16 = VECTOR ( 'NONE', #1579, 1000.000000000000000 ) ;
#17 = DIRECTION ( 'NONE',  ( 0.7071067811865481278, 0.0000000000000000000, -0.7071067811865467956 ) ) ;
#18 = EDGE_CURVE ( 'NONE', #31, #247, #1031, .T. ) ;
#19 = ORIENTED_EDGE ( 'NONE', *, *, #575, .T. ) ;
#20 = PLANE ( 'NONE',  #529 ) ;
#21 = CARTESIAN_POINT ( 'NONE',  ( -3.299999999999999822, -3.100000000000000089, 0.0000000000000000000 ) ) ;
#22 = DIRECTION ( 'NONE',  ( -1.000000000000000000, 0.0000000000000000000, 0.0000000000000000000 ) ) ;
#23 = DIRECTION ( 'NONE',  ( 0.0000000000000000000, 0.0000000000000000000, 1.000000000000000000 ) ) ;
#24 = PLANE ( 'NONE',  #298 ) ;
#25 = ADVANCED_FACE ( 'NONE', ( #1289 ), #1280, .F. ) ;
#26 = ORIENTED_EDGE ( 'NONE', *, *, #1562, .F. ) ;
#27 = DIRECTION ( 'NONE',  ( 0.0000000000000000000, 0.0000000000000000000, 1.000000000000000000 ) ) ;
#28 = DIRECTION ( 'NONE',  ( 0.0000000000000000000, 0.0000000000000000000, 1.000000000000000000 ) ) ;
#29 = EDGE_CURVE ( 'NONE', #404, #1665, #1442, .T. ) ;
#30 = FACE_OUTER_BOUND ( 'NONE', #1637, .T. ) ;
#31 = VERTEX_POINT ( 'NONE', #514 ) ;
#32 = CARTESIAN_POINT ( 'NONE',  ( -3.299999999999999822, -1.500000000000000000, 1.500000000000000000 ) ) ;
#33 = APPLICATION_PROTOCOL_DEFINITION ( 'draft international standard', 'automotive_design', 1998, #491 ) ;
#34 = EDGE_LOOP ( 'NONE', ( #194, #479, #709, #721 ) ) ;
#35 = CARTESIAN_POINT ( 'NONE',  ( 2.550000000000000266, -2.775557561562889872E-16, 0.0000000000000000000 ) ) ;
#36 = ORIENTED_EDGE ( 'NONE', *, *, #18, .T. ) ;
#37 = EDGE_CURVE ( 'NONE', #1376, #1010, #769, .T. ) ;
#38 = CARTESIAN_POINT ( 'NONE',  ( 3.299999999999999822, 1.500000000000000000, 0.0000000000000000000 ) ) ;
#39 = CARTESIAN_POINT ( 'NONE',  ( 3.200000000000000178, -1.500000000000000000, 1.500000000000000000 ) ) ;
#40 = FACE_OUTER_BOUND ( 'NONE', #1295, .T. ) ;
#41 = VECTOR ( 'NONE', #538, 1000.000000000000000 ) ;
#42 = ORIENTED_EDGE ( 'NONE', *, *, #279, .T. ) ;
#43 = DIRECTION ( 'NONE',  ( 0.7071067811865475727, 0.7071067811865475727, 0.0000000000000000000 ) ) ;
#44 = ORIENTED_EDGE ( 'NONE', *, *, #138, .T. ) ;
#45 = VECTOR ( 'NONE', #1172, 1000.000000000000000 ) ;
#46 = FACE_OUTER_BOUND ( 'NONE', #697, .T. ) ;
#47 = VERTEX_POINT ( 'NONE', #486 ) ;
#48 =( GEOMETRIC_REPRESENTATION_CONTEXT ( 3 ) GLOBAL_UNCERTAINTY_ASSIGNED_CONTEXT ( ( #1023 ) ) GLOBAL_UNIT_ASSIGNED_CONTEXT ( ( #570, #1082, #960 ) ) REPRESENTATION_CONTEXT ( 'NONE', 'WORKASPACE' ) );
#49 = DIRECTION ( 'NONE',  ( -1.000000000000000000, 0.0000000000000000000, 0.0000000000000000000 ) ) ;
#50 = EDGE_CURVE ( 'NONE', #532, #1010, #641, .T. ) ;
#51 = CARTESIAN_POINT ( 'NONE',  ( 3.200000000000000178, -1.500000000000000000, 0.0000000000000000000 ) ) ;
#52 = CARTESIAN_POINT ( 'NONE',  ( 2.550000000000000266, -2.775557561562889872E-16, 0.1000000000000000056 ) ) ;
#53 = DIRECTION ( 'NONE',  ( -9.251858538542969116E-17, -1.000000000000000000, 0.0000000000000000000 ) ) ;
#54 = EDGE_CURVE ( 'NONE', #845, #99, #1724, .T. ) ;
#55 = ORIENTED_EDGE ( 'NONE', *, *, #1399, .F. ) ;
#56 = CYLINDRICAL_SURFACE ( 'NONE', #502, 0.5000000000000000000 ) ;
#57 = EDGE_LOOP ( 'NONE', ( #173, #1721, #997, #1025, #1002, #985, #428, #581 ) ) ;
#58 = DIRECTION ( 'NONE',  ( 0.0000000000000000000, 0.0000000000000000000, 1.000000000000000000 ) ) ;
#59 = EDGE_CURVE ( 'NONE', #88, #444, #383, .T. ) ;
#60 = EDGE_LOOP ( 'NONE', ( #1100, #775, #501, #1512 ) ) ;
#61 = ORIENTED_EDGE ( 'NONE', *, *, #1466, .T. ) ;
#62 = DIRECTION ( 'NONE',  ( -9.251858538542969116E-17, 1.000000000000000000, 0.0000000000000000000 ) ) ;
#63 = CARTESIAN_POINT ( 'NONE',  ( 3.100000000000000089, 0.7500000000000000000, 0.1000000000000000056 ) ) ;
#64 = DIRECTION ( 'NONE',  ( 0.0000000000000000000, 0.0000000000000000000, 1.000000000000000000 ) ) ;
#65 = CARTESIAN_POINT ( 'NONE',  ( 2.799999999999999822, -3.600000000000000089, 0.0000000000000000000 ) ) ;
#66 = FACE_OUTER_BOUND ( 'NONE', #1586, .T. ) ;
#67 = AXIS2_PLACEMENT_3D ( 'NONE', #52, #1296, #1432 ) ;
#68 = EDGE_CURVE ( 'NONE', #436, #295, #1351, .T. ) ;
#69 = CIRCLE ( 'NONE', #548, 0.5000000000000000000 ) ;
#70 = CIRCLE ( 'NONE', #300, 0.5000000000000000000 ) ;
#71 = SURFACE_STYLE_USAGE ( .BOTH. , #1700 ) ;
#72 = VECTOR ( 'NONE', #517, 1000.000000000000000 ) ;
#73 = DIRECTION ( 'NONE',  ( 0.0000000000000000000, 0.0000000000000000000, 1.000000000000000000 ) ) ;
#74 = DIRECTION ( 'NONE',  ( 0.0000000000000000000, 0.0000000000000000000, 1.000000000000000000 ) ) ;
#75 = ORIENTED_EDGE ( 'NONE', *, *, #1062, .F. ) ;
#76 = CARTESIAN_POINT ( 'NONE',  ( 2.799999999999999822, -3.100000000000000089, 3.000000000000000000 ) ) ;
#77 = VERTEX_POINT ( 'NONE', #1061 ) ;
#78 = EDGE_CURVE ( 'NONE', #904, #411, #787, .T. ) ;
#79 =( LENGTH_UNIT ( ) NAMED_UNIT ( * ) SI_UNIT ( .MILLI., .METRE. ) );
#80 = ORIENTED_EDGE ( 'NONE', *, *, #1551, .F. ) ;
#81 = EDGE_CURVE ( 'NONE', #1258, #168, #1608, .T. ) ;
#82 = DIRECTION ( 'NONE',  ( 1.000000000000000000, 0.0000000000000000000, 0.0000000000000000000 ) ) ;
#83 = LINE ( 'NONE', #1552, #1712 ) ;
#84 = ORIENTED_EDGE ( 'NONE', *, *, #1638, .F. ) ;
#85 = CARTESIAN_POINT ( 'NONE',  ( -3.299999999999999822, 3.600000000000000089, 3.000000000000000000 ) ) ;
#86 = CARTESIAN_POINT ( 'NONE',  ( -3.299999999999999822, -1.500000000000000000, 1.500000000000000000 ) ) ;
#87 = ORIENTED_EDGE ( 'NONE', *, *, #81, .T. ) ;
#88 = VERTEX_POINT ( 'NONE', #796 ) ;
#89 = DIRECTION ( 'NONE',  ( 0.0000000000000000000, 1.000000000000000000, 0.0000000000000000000 ) ) ;
#90 = CARTESIAN_POINT ( 'NONE',  ( 2.799999999999999822, 3.100000000000000089, 0.0000000000000000000 ) ) ;
#91 = EDGE_CURVE ( 'NONE', #159, #31, #274, .T. ) ;
#92 = FACE_OUTER_BOUND ( 'NONE', #1104, .T. ) ;
#93 = ORIENTED_EDGE ( 'NONE', *, *, #1495, .T. ) ;
#94 = DIRECTION ( 'NONE',  ( 0.7071067811865475727, -0.7071067811865475727, 0.0000000000000000000 ) ) ;
#95 = ORIENTED_EDGE ( 'NONE', *, *, #139, .T. ) ;
#96 = VECTOR ( 'NONE', #1238, 1000.000000000000000 ) ;
#97 = SURFACE_STYLE_USAGE ( .BOTH. , #509 ) ;
#98 = VECTOR ( 'NONE', #62, 1000.000000000000000 ) ;
#99 = VERTEX_POINT ( 'NONE', #1733 ) ;
#100 = VECTOR ( 'NONE', #311, 1000.000000000000000 ) ;
#101 = DIRECTION ( 'NONE',  ( -1.000000000000000000, 0.0000000000000000000, 0.0000000000000000000 ) ) ;
#102 = CIRCLE ( 'NONE', #831, 0.2000000000000000666 ) ;
#103 = EDGE_CURVE ( 'NONE', #1645, #1204, #606, .T. ) ;
#104 = EDGE_LOOP ( 'NONE', ( #1196, #677, #1161, #199 ) ) ;
#105 = CARTESIAN_POINT ( 'NONE',  ( -3.100000000000000089, 0.7500000000000000000, 0.2000000000000000111 ) ) ;
#106 = CARTESIAN_POINT ( 'NONE',  ( 3.299999999999999822, 1.500000000000000000, 0.0000000000000000000 ) ) ;
#107 = ORIENTED_EDGE ( 'NONE', *, *, #855, .T. ) ;
#108 = CARTESIAN_POINT ( 'NONE',  ( -3.100000000000000089, 1.500000000000000000, 0.2000000000000000111 ) ) ;
#109 = EDGE_CURVE ( 'NONE', #980, #1667, #540, .T. ) ;
#110 = ORIENTED_EDGE ( 'NONE', *, *, #1594, .F. ) ;
#111 = CARTESIAN_POINT ( 'NONE',  ( -3.299999999999999822, 3.100000000000000089, 0.0000000000000000000 ) ) ;
#112 = CYLINDRICAL_SURFACE ( 'NONE', #271, 0.5000000000000000000 ) ;
#113 = ORIENTED_EDGE ( 'NONE', *, *, #535, .F. ) ;
#114 = DIRECTION ( 'NONE',  ( 0.0000000000000000000, 0.0000000000000000000, -1.000000000000000000 ) ) ;
#115 = ORIENTED_EDGE ( 'NONE', *, *, #880, .T. ) ;
#116 = CARTESIAN_POINT ( 'NONE',  ( -3.299999999999999822, 1.500000000000000000, 0.1000000000000000056 ) ) ;
#117 = EDGE_CURVE ( 'NONE', #1630, #1402, #1624, .T. ) ;
#118 = DIRECTION ( 'NONE',  ( 0.0000000000000000000, 0.0000000000000000000, -1.000000000000000000 ) ) ;
#119 = VERTEX_POINT ( 'NONE', #1176 ) ;
#120 = CARTESIAN_POINT ( 'NONE',  ( 3.200000000000000178, 0.7500000000000000000, 0.2000000000000000111 ) ) ;
#121 = SURFACE_STYLE_USAGE ( .BOTH. , #1625 ) ;
#122 = FACE_OUTER_BOUND ( 'NONE', #338, .T. ) ;
#123 = DIRECTION ( 'NONE',  ( -1.000000000000000000, 0.0000000000000000000, 0.0000000000000000000 ) ) ;
#124 = EDGE_CURVE ( 'NONE', #151, #159, #1489, .T. ) ;
#125 = ORIENTED_EDGE ( 'NONE', *, *, #958, .F. ) ;
#126 = LINE ( 'NONE', #794, #1163 ) ;
#127 = CARTESIAN_POINT ( 'NONE',  ( -3.299999999999999822, -1.600000000000000089, 0.0000000000000000000 ) ) ;
#128 = AXIS2_PLACEMENT_3D ( 'NONE', #108, #237, #1309 ) ;
#129 = VECTOR ( 'NONE', #1717, 1000.000000000000000 ) ;
#130 = ORIENTED_EDGE ( 'NONE', *, *, #555, .F. ) ;
#131 = DIRECTION ( 'NONE',  ( 0.0000000000000000000, 0.0000000000000000000, 1.000000000000000000 ) ) ;
#132 = DIRECTION ( 'NONE',  ( 0.0000000000000000000, 0.0000000000000000000, 1.000000000000000000 ) ) ;
#133 = VECTOR ( 'NONE', #1228, 1000.000000000000000 ) ;
#134 = AXIS2_PLACEMENT_3D ( 'NONE', #679, #1198, #1339 ) ;
#135 = CYLINDRICAL_SURFACE ( 'NONE', #1389, 0.2000000000000000666 ) ;
#136 = DIRECTION ( 'NONE',  ( 1.000000000000000000, 0.0000000000000000000, 0.0000000000000000000 ) ) ;
#137 = ORIENTED_EDGE ( 'NONE', *, *, #109, .T. ) ;
#138 = EDGE_CURVE ( 'NONE', #375, #680, #13, .T. ) ;
#139 = EDGE_CURVE ( 'NONE', #411, #161, #260, .T. ) ;
#140 = EDGE_CURVE ( 'NONE', #1415, #1376, #1496, .T. ) ;
#141 = ORIENTED_EDGE ( 'NONE', *, *, #768, .T. ) ;
#142 = CYLINDRICAL_SURFACE ( 'NONE', #1301, 0.2000000000000000666 ) ;
#143 = ORIENTED_EDGE ( 'NONE', *, *, #783, .F. ) ;
#144 = DIRECTION ( 'NONE',  ( 0.7071067811865482389, 0.0000000000000000000, -0.7071067811865466846 ) ) ;
#145 = CARTESIAN_POINT ( 'NONE',  ( 3.299999999999999822, 3.100000000000000089, 3.000000000000000000 ) ) ;
#146 = EDGE_CURVE ( 'NONE', #1577, #1184, #885, .T. ) ;
#147 = CARTESIAN_POINT ( 'NONE',  ( 2.799999999999999822, 3.600000000000000089, 0.0000000000000000000 ) ) ;
#148 = EDGE_LOOP ( 'NONE', ( #1165, #302, #733, #902 ) ) ;
#149 = CARTESIAN_POINT ( 'NONE',  ( 3.100000000000000089, 1.500000000000000000, 0.0000000000000000000 ) ) ;
#150 = PRESENTATION_STYLE_ASSIGNMENT (( #265 ) ) ;
#151 = VERTEX_POINT ( 'NONE', #933 ) ;
#152 = AXIS2_PLACEMENT_3D ( 'NONE', #1211, #1222, #17 ) ;
#153 = DIRECTION ( 'NONE',  ( -0.0000000000000000000, 1.000000000000000000, 0.0000000000000000000 ) ) ;
#154 = EDGE_CURVE ( 'NONE', #1407, #359, #683, .T. ) ;
#155 = VECTOR ( 'NONE', #863, 1000.000000000000000 ) ;
#156 = AXIS2_PLACEMENT_3D ( 'NONE', #1475, #910, #1605 ) ;
#157 = DIRECTION ( 'NONE',  ( 0.0000000000000000000, 0.0000000000000000000, 1.000000000000000000 ) ) ;
#158 =( GEOMETRIC_REPRESENTATION_CONTEXT ( 3 ) GLOBAL_UNCERTAINTY_ASSIGNED_CONTEXT ( ( #210 ) ) GLOBAL_UNIT_ASSIGNED_CONTEXT ( ( #1310, #1728, #1737 ) ) REPRESENTATION_CONTEXT ( 'NONE', 'WORKASPACE' ) );
#159 = VERTEX_POINT ( 'NONE', #147 ) ;
#160 = FACE_OUTER_BOUND ( 'NONE', #972, .T. ) ;
#161 = VERTEX_POINT ( 'NONE', #521 ) ;
#162 = FACE_OUTER_BOUND ( 'NONE', #315, .T. ) ;
#163 = DIRECTION ( 'NONE',  ( 0.0000000000000000000, 1.000000000000000000, 0.0000000000000000000 ) ) ;
#164 = DIRECTION ( 'NONE',  ( 0.0000000000000000000, 1.000000000000000000, 0.0000000000000000000 ) ) ;
#165 = ORIENTED_EDGE ( 'NONE', *, *, #511, .T. ) ;
#166 = DIRECTION ( 'NONE',  ( 0.0000000000000000000, 1.000000000000000000, 0.0000000000000000000 ) ) ;
#167 = VERTEX_POINT ( 'NONE', #1314 ) ;
#168 = VERTEX_POINT ( 'NONE', #1042 ) ;
#169 = PLANE ( 'NONE',  #1130 ) ;
#170 = CARTESIAN_POINT ( 'NONE',  ( 3.153553390593273775, 3.453553390593273598, 3.000000000000000000 ) ) ;
#171 = CARTESIAN_POINT ( 'NONE',  ( -1.800000000000000044, -1.500000000000000000, 0.0000000000000000000 ) ) ;
#172 = DIRECTION ( 'NONE',  ( 0.0000000000000000000, -1.000000000000000000, 0.0000000000000000000 ) ) ;
#173 = ORIENTED_EDGE ( 'NONE', *, *, #1503, .F. ) ;
#174 = EDGE_CURVE ( 'NONE', #1045, #1468, #1599, .T. ) ;
#175 = ORIENTED_EDGE ( 'NONE', *, *, #1520, .T. ) ;
#176 = CARTESIAN_POINT ( 'NONE',  ( 3.100000000000000089, -1.500000000000000000, 0.2000000000000000111 ) ) ;
#177 = DIRECTION ( 'NONE',  ( 0.0000000000000000000, -1.000000000000000000, 0.0000000000000000000 ) ) ;
#178 = LINE ( 'NONE', #1395, #857 ) ;
#179 = VECTOR ( 'NONE', #282, 1000.000000000000000 ) ;
#180 = DIRECTION ( 'NONE',  ( 0.0000000000000000000, -1.000000000000000000, 0.0000000000000000000 ) ) ;
#181 = VECTOR ( 'NONE', #464, 1000.000000000000000 ) ;
#182 = FACE_OUTER_BOUND ( 'NONE', #422, .T. ) ;
#183 = VECTOR ( 'NONE', #1294, 1000.000000000000000 ) ;
#184 = AXIS2_PLACEMENT_3D ( 'NONE', #649, #786, #1321 ) ;
#185 = FILL_AREA_STYLE_COLOUR ( '', #1282 ) ;
#186 = ORIENTED_EDGE ( 'NONE', *, *, #1616, .T. ) ;
#187 = DIRECTION ( 'NONE',  ( 9.251858538542969116E-17, -1.000000000000000000, 0.0000000000000000000 ) ) ;
#188 = EDGE_CURVE ( 'NONE', #640, #1182, #825, .T. ) ;
#189 = LINE ( 'NONE', #1123, #1597 ) ;
#190 = ADVANCED_FACE ( 'NONE', ( #30 ), #591, .T. ) ;
#191 = CARTESIAN_POINT ( 'NONE',  ( -3.200000000000000178, 1.500000000000000000, 0.1000000000000000056 ) ) ;
#192 = ORIENTED_EDGE ( 'NONE', *, *, #1181, .F. ) ;
#193 = DIRECTION ( 'NONE',  ( 0.0000000000000000000, 0.0000000000000000000, 1.000000000000000000 ) ) ;
#194 = ORIENTED_EDGE ( 'NONE', *, *, #880, .F. ) ;
#195 = LINE ( 'NONE', #206, #360 ) ;
#196 = CARTESIAN_POINT ( 'NONE',  ( 3.200000000000000178, -1.500000000000000000, 1.500000000000000000 ) ) ;
#197 = DIRECTION ( 'NONE',  ( 1.000000000000000000, 0.0000000000000000000, 0.0000000000000000000 ) ) ;
#198 = EDGE_CURVE ( 'NONE', #295, #1577, #465, .T. ) ;
#199 = ORIENTED_EDGE ( 'NONE', *, *, #1647, .T. ) ;
#200 = ORIENTED_EDGE ( 'NONE', *, *, #1382, .F. ) ;
#201 = CARTESIAN_POINT ( 'NONE',  ( 2.799999999999999822, 3.100000000000000089, 0.0000000000000000000 ) ) ;
#202 = VERTEX_POINT ( 'NONE', #821 ) ;
#203 = PLANE ( 'NONE',  #1686 ) ;
#204 = ORIENTED_EDGE ( 'NONE', *, *, #891, .F. ) ;
#205 = CARTESIAN_POINT ( 'NONE',  ( 3.299999999999999822, -1.600000000000000089, 0.0000000000000000000 ) ) ;
#206 = CARTESIAN_POINT ( 'NONE',  ( -2.475000000000000089, 1.600000000000000089, 0.0000000000000000000 ) ) ;
#207 = DIRECTION ( 'NONE',  ( 0.0000000000000000000, -1.000000000000000000, 0.0000000000000000000 ) ) ;
#208 = VERTEX_POINT ( 'NONE', #693 ) ;
#209 = DIRECTION ( 'NONE',  ( 0.0000000000000000000, -1.000000000000000000, 0.0000000000000000000 ) ) ;
#210 = UNCERTAINTY_MEASURE_WITH_UNIT (LENGTH_MEASURE( 1.000000000000000082E-05 ), #1310, 'distance_accuracy_value', 'NONE');
#211 = CARTESIAN_POINT ( 'NONE',  ( 3.200000000000000178, -1.500000000000000000, 0.2000000000000000111 ) ) ;
#212 = ADVANCED_FACE ( 'NONE', ( #850 ), #310, .T. ) ;
#213 = AXIS2_PLACEMENT_3D ( 'NONE', #1573, #898, #94 ) ;
#214 = ORIENTED_EDGE ( 'NONE', *, *, #1096, .T. ) ;
#215 = AXIS2_PLACEMENT_3D ( 'NONE', #1179, #998, #1736 ) ;
#216 = AXIS2_PLACEMENT_3D ( 'NONE', #1546, #593, #166 ) ;
#217 = ORIENTED_EDGE ( 'NONE', *, *, #1414, .T. ) ;
#218 = VECTOR ( 'NONE', #177, 1000.000000000000000 ) ;
#219 = DIRECTION ( 'NONE',  ( 0.7071067811865475727, -0.7071067811865475727, 0.0000000000000000000 ) ) ;
#220 =( GEOMETRIC_REPRESENTATION_CONTEXT ( 3 ) GLOBAL_UNCERTAINTY_ASSIGNED_CONTEXT ( ( #1425 ) ) GLOBAL_UNIT_ASSIGNED_CONTEXT ( ( #1618, #1491, #816 ) ) REPRESENTATION_CONTEXT ( 'NONE', 'WORKASPACE' ) );
#221 = ORIENTED_EDGE ( 'NONE', *, *, #355, .F. ) ;
#222 = CARTESIAN_POINT ( 'NONE',  ( -3.299999999999999822, 1.500000000000000000, 1.500000000000000000 ) ) ;
#223 = PRESENTATION_STYLE_ASSIGNMENT (( #97 ) ) ;
#224 = EDGE_CURVE ( 'NONE', #510, #463, #1348, .T. ) ;
#225 = VERTEX_POINT ( 'NONE', #700 ) ;
#226 = DIRECTION ( 'NONE',  ( -0.0000000000000000000, 1.000000000000000000, 0.0000000000000000000 ) ) ;
#227 = EDGE_CURVE ( 'NONE', #225, #602, #1219, .T. ) ;
#228 = CARTESIAN_POINT ( 'NONE',  ( -3.100000000000000089, -1.500000000000000000, 0.2000000000000000111 ) ) ;
#229 = LINE ( 'NONE', #106, #387 ) ;
#230 = ORIENTED_EDGE ( 'NONE', *, *, #320, .F. ) ;
#231 = DIRECTION ( 'NONE',  ( -1.000000000000000000, -9.251858538542969116E-17, 0.0000000000000000000 ) ) ;
#232 = ORIENTED_EDGE ( 'NONE', *, *, #1585, .T. ) ;
#233 = CARTESIAN_POINT ( 'NONE',  ( -4.799999999999999822, -1.500000000000000000, 0.0000000000000000000 ) ) ;
#234 = CARTESIAN_POINT ( 'NONE',  ( 3.170710678118654702, 0.7500000000000000000, 0.1292893218813452871 ) ) ;
#235 = LINE ( 'NONE', #222, #772 ) ;
#236 = ORIENTED_EDGE ( 'NONE', *, *, #8, .F. ) ;
#237 = DIRECTION ( 'NONE',  ( 0.0000000000000000000, 1.000000000000000000, 0.0000000000000000000 ) ) ;
#238 = AXIS2_PLACEMENT_3D ( 'NONE', #862, #1659, #707 ) ;
#239 = CARTESIAN_POINT ( 'NONE',  ( -3.200000000000000178, -1.500000000000000000, 1.500000000000000000 ) ) ;
#240 = CIRCLE ( 'NONE', #1623, 0.5000000000000000000 ) ;
#241 = ORIENTED_EDGE ( 'NONE', *, *, #1118, .F. ) ;
#242 = AXIS2_PLACEMENT_3D ( 'NONE', #344, #226, #1292 ) ;
#243 = DIRECTION ( 'NONE',  ( 0.0000000000000000000, 0.0000000000000000000, -1.000000000000000000 ) ) ;
#244 = VERTEX_POINT ( 'NONE', #1669 ) ;
#245 = EDGE_CURVE ( 'NONE', #1639, #602, #442, .T. ) ;
#246 = LINE ( 'NONE', #1433, #635 ) ;
#247 = VERTEX_POINT ( 'NONE', #299 ) ;
#248 = DIRECTION ( 'NONE',  ( 0.7071067811865475727, 0.7071067811865475727, 0.0000000000000000000 ) ) ;
#249 = ORIENTED_EDGE ( 'NONE', *, *, #812, .F. ) ;
#250 = DIRECTION ( 'NONE',  ( 0.0000000000000000000, 1.000000000000000000, 0.0000000000000000000 ) ) ;
#251 = ORIENTED_EDGE ( 'NONE', *, *, #894, .F. ) ;
#252 = SURFACE_STYLE_FILL_AREA ( #1068 ) ;
#253 = EDGE_CURVE ( 'NONE', #687, #167, #1069, .T. ) ;
#254 = VERTEX_POINT ( 'NONE', #1109 ) ;
#255 = CARTESIAN_POINT ( 'NONE',  ( -3.200000000000000178, 0.7500000000000000000, 0.2000000000000000111 ) ) ;
#256 = DIRECTION ( 'NONE',  ( 1.000000000000000000, 0.0000000000000000000, 0.0000000000000000000 ) ) ;
#257 = EDGE_LOOP ( 'NONE', ( #230, #1463, #498, #1735 ) ) ;
#258 = DIRECTION ( 'NONE',  ( 0.0000000000000000000, 0.0000000000000000000, 1.000000000000000000 ) ) ;
#259 = ORIENTED_EDGE ( 'NONE', *, *, #103, .F. ) ;
#260 = LINE ( 'NONE', #1331, #1416 ) ;
#261 = CARTESIAN_POINT ( 'NONE',  ( -1.699999999999999956, -1.600000000000000089, 0.1000000000000000056 ) ) ;
#262 = VERTEX_POINT ( 'NONE', #1229 ) ;
#263 = EDGE_CURVE ( 'NONE', #225, #615, #832, .T. ) ;
#264 = DIRECTION ( 'NONE',  ( 0.0000000000000000000, 0.0000000000000000000, -1.000000000000000000 ) ) ;
#265 = SURFACE_STYLE_USAGE ( .BOTH. , #1073 ) ;
#266 = ORIENTED_EDGE ( 'NONE', *, *, #1529, .T. ) ;
#267 = EDGE_CURVE ( 'NONE', #1290, #988, #178, .T. ) ;
#268 = AXIS2_PLACEMENT_3D ( 'NONE', #105, #209, #779 ) ;
#269 = VECTOR ( 'NONE', #654, 1000.000000000000000 ) ;
#270 = CARTESIAN_POINT ( 'NONE',  ( 0.0000000000000000000, -3.600000000000000089, 0.0000000000000000000 ) ) ;
#271 = AXIS2_PLACEMENT_3D ( 'NONE', #622, #485, #1168 ) ;
#272 = LINE ( 'NONE', #1337, #72 ) ;
#273 = CIRCLE ( 'NONE', #417, 0.5000000000000000000 ) ;
#274 = LINE ( 'NONE', #401, #438 ) ;
#275 = VECTOR ( 'NONE', #1620, 1000.000000000000000 ) ;
#276 = STYLED_ITEM ( 'NONE', ( #1257 ), #1687 ) ;
#277 = CARTESIAN_POINT ( 'NONE',  ( -2.799999999999999822, -3.100000000000000089, 3.000000000000000000 ) ) ;
#278 = ORIENTED_EDGE ( 'NONE', *, *, #526, .F. ) ;
#279 = EDGE_CURVE ( 'NONE', #532, #1415, #432, .T. ) ;
#280 = CARTESIAN_POINT ( 'NONE',  ( -1.699999999999999956, -1.600000000000000089, 0.0000000000000000000 ) ) ;
#281 = DIRECTION ( 'NONE',  ( 0.7071067811865481278, 0.0000000000000000000, -0.7071067811865467956 ) ) ;
#282 = DIRECTION ( 'NONE',  ( 1.000000000000000000, 0.0000000000000000000, 0.0000000000000000000 ) ) ;
#283 = CYLINDRICAL_SURFACE ( 'NONE', #152, 0.1000000000000000472 ) ;
#284 = DIRECTION ( 'NONE',  ( 1.000000000000000000, 0.0000000000000000000, 0.0000000000000000000 ) ) ;
#285 = ORIENTED_EDGE ( 'NONE', *, *, #1382, .T. ) ;
#286 = DIRECTION ( 'NONE',  ( 0.7071067811865481278, 0.0000000000000000000, -0.7071067811865467956 ) ) ;
#287 = EDGE_CURVE ( 'NONE', #202, #119, #1363, .T. ) ;
#288 = DIRECTION ( 'NONE',  ( 0.0000000000000000000, -1.000000000000000000, 0.0000000000000000000 ) ) ;
#289 = DIRECTION ( 'NONE',  ( 0.7071067811865475727, -0.7071067811865475727, 0.0000000000000000000 ) ) ;
#290 =( NAMED_UNIT ( * ) SI_UNIT ( $, .STERADIAN. ) SOLID_ANGLE_UNIT ( ) );
#291 = ORIENTED_EDGE ( 'NONE', *, *, #54, .T. ) ;
#292 = EDGE_CURVE ( 'NONE', #724, #594, #1525, .T. ) ;
#293 = DIRECTION ( 'NONE',  ( 0.0000000000000000000, 0.0000000000000000000, -1.000000000000000000 ) ) ;
#294 = ORIENTED_EDGE ( 'NONE', *, *, #349, .F. ) ;
#295 = VERTEX_POINT ( 'NONE', #1696 ) ;
#296 = DIRECTION ( 'NONE',  ( 1.000000000000000000, 0.0000000000000000000, 0.0000000000000000000 ) ) ;
#297 = CARTESIAN_POINT ( 'NONE',  ( 3.100000000000000089, -1.500000000000000000, 0.2000000000000000111 ) ) ;
#298 = AXIS2_PLACEMENT_3D ( 'NONE', #1642, #433, #835 ) ;
#299 = CARTESIAN_POINT ( 'NONE',  ( -2.799999999999999822, 3.600000000000000089, 3.000000000000000000 ) ) ;
#300 = AXIS2_PLACEMENT_3D ( 'NONE', #567, #708, #1660 ) ;
#301 = EDGE_CURVE ( 'NONE', #1283, #202, #367, .T. ) ;
#302 = ORIENTED_EDGE ( 'NONE', *, *, #812, .T. ) ;
#303 = CARTESIAN_POINT ( 'NONE',  ( -3.153553390593273775, 3.453553390593273598, 3.000000000000000000 ) ) ;
#304 = VECTOR ( 'NONE', #123, 1000.000000000000000 ) ;
#305 = ORIENTED_EDGE ( 'NONE', *, *, #227, .F. ) ;
#306 = CARTESIAN_POINT ( 'NONE',  ( -1.699999999999999956, 1.600000000000000089, 0.0000000000000000000 ) ) ;
#307 = ORIENTED_EDGE ( 'NONE', *, *, #399, .F. ) ;
#308 = CARTESIAN_POINT ( 'NONE',  ( 3.299999999999999822, -1.600000000000000089, 0.0000000000000000000 ) ) ;
#309 = FACE_OUTER_BOUND ( 'NONE', #1235, .T. ) ;
#310 = PLANE ( 'NONE',  #1477 ) ;
#311 = DIRECTION ( 'NONE',  ( 0.0000000000000000000, 1.000000000000000000, 0.0000000000000000000 ) ) ;
#312 = EDGE_CURVE ( 'NONE', #244, #225, #1007, .T. ) ;
#313 = ORIENTED_EDGE ( 'NONE', *, *, #928, .F. ) ;
#314 = DIRECTION ( 'NONE',  ( 0.0000000000000000000, 0.0000000000000000000, 1.000000000000000000 ) ) ;
#315 = EDGE_LOOP ( 'NONE', ( #456, #748, #625, #110 ) ) ;
#316 = LINE ( 'NONE', #1346, #1596 ) ;
#317 = CARTESIAN_POINT ( 'NONE',  ( 3.299999999999999822, -1.500000000000000000, 1.500000000000000000 ) ) ;
#318 = DIRECTION ( 'NONE',  ( -0.0000000000000000000, 1.000000000000000000, 0.0000000000000000000 ) ) ;
#319 = CARTESIAN_POINT ( 'NONE',  ( -3.299999999999999822, 3.100000000000000089, 3.000000000000000000 ) ) ;
#320 = EDGE_CURVE ( 'NONE', #1744, #1407, #767, .T. ) ;
#321 = ORIENTED_EDGE ( 'NONE', *, *, #103, .T. ) ;
#322 = CARTESIAN_POINT ( 'NONE',  ( -3.299999999999999822, -1.500000000000000000, 0.0000000000000000000 ) ) ;
#323 = EDGE_CURVE ( 'NONE', #262, #1630, #1332, .T. ) ;
#324 = ORIENTED_EDGE ( 'NONE', *, *, #1671, .F. ) ;
#325 = EDGE_CURVE ( 'NONE', #161, #1497, #1001, .T. ) ;
#326 = CARTESIAN_POINT ( 'NONE',  ( -3.200000000000000178, -1.500000000000000000, 0.0000000000000000000 ) ) ;
#327 = VECTOR ( 'NONE', #976, 1000.000000000000000 ) ;
#328 = CIRCLE ( 'NONE', #1710, 0.1000000000000000472 ) ;
#329 = PLANE ( 'NONE',  #665 ) ;
#330 = VECTOR ( 'NONE', #348, 1000.000000000000000 ) ;
#331 = AXIS2_PLACEMENT_3D ( 'NONE', #35, #314, #689 ) ;
#332 = ORIENTED_EDGE ( 'NONE', *, *, #335, .F. ) ;
#333 = DIRECTION ( 'NONE',  ( 0.0000000000000000000, 0.0000000000000000000, 1.000000000000000000 ) ) ;
#334 = LINE ( 'NONE', #523, #800 ) ;
#335 = EDGE_CURVE ( 'NONE', #404, #988, #1703, .T. ) ;
#336 = DIRECTION ( 'NONE',  ( 0.0000000000000000000, 0.0000000000000000000, 1.000000000000000000 ) ) ;
#337 = ORIENTED_EDGE ( 'NONE', *, *, #1071, .T. ) ;
#338 = EDGE_LOOP ( 'NONE', ( #948, #1226, #1171, #1719 ) ) ;
#339 = LINE ( 'NONE', #1374, #1132 ) ;
#340 = ORIENTED_EDGE ( 'NONE', *, *, #146, .T. ) ;
#341 = CARTESIAN_POINT ( 'NONE',  ( -3.299999999999999822, -0.7500000000000000000, 0.2000000000000000111 ) ) ;
#342 = ORIENTED_EDGE ( 'NONE', *, *, #1375, .F. ) ;
#343 = CARTESIAN_POINT ( 'NONE',  ( -4.799999999999999822, -1.500000000000000000, 0.1000000000000000056 ) ) ;
#344 = CARTESIAN_POINT ( 'NONE',  ( 3.299999999999999822, 1.600000000000000089, 0.0000000000000000000 ) ) ;
#345 = EDGE_CURVE ( 'NONE', #995, #396, #240, .T. ) ;
#346 = CARTESIAN_POINT ( 'NONE',  ( -3.100000000000000089, 1.500000000000000000, 0.2000000000000000111 ) ) ;
#347 = DIRECTION ( 'NONE',  ( 0.0000000000000000000, 0.0000000000000000000, 1.000000000000000000 ) ) ;
#348 = DIRECTION ( 'NONE',  ( 0.0000000000000000000, 0.0000000000000000000, -1.000000000000000000 ) ) ;
#349 = EDGE_CURVE ( 'NONE', #703, #759, #1012, .T. ) ;
#350 = ORIENTED_EDGE ( 'NONE', *, *, #1116, .T. ) ;
#351 = DIRECTION ( 'NONE',  ( -1.000000000000000000, 0.0000000000000000000, 0.0000000000000000000 ) ) ;
#352 = CARTESIAN_POINT ( 'NONE',  ( 2.799999999999999822, -3.100000000000000089, 0.0000000000000000000 ) ) ;
#353 = DIRECTION ( 'NONE',  ( 0.0000000000000000000, -1.000000000000000000, 0.0000000000000000000 ) ) ;
#354 = PLANE ( 'NONE',  #746 ) ;
#355 = EDGE_CURVE ( 'NONE', #1497, #869, #1287, .T. ) ;
#356 = ORIENTED_EDGE ( 'NONE', *, *, #140, .F. ) ;
#357 = VECTOR ( 'NONE', #1247, 1000.000000000000000 ) ;
#358 = VECTOR ( 'NONE', #934, 1000.000000000000000 ) ;
#359 = VERTEX_POINT ( 'NONE', #1011 ) ;
#360 = VECTOR ( 'NONE', #605, 1000.000000000000000 ) ;
#361 = AXIS2_PLACEMENT_3D ( 'NONE', #1191, #374, #248 ) ;
#362 = DIRECTION ( 'NONE',  ( 0.0000000000000000000, -1.000000000000000000, 0.0000000000000000000 ) ) ;
#363 = ORIENTED_EDGE ( 'NONE', *, *, #1181, .T. ) ;
#364 = EDGE_CURVE ( 'NONE', #444, #1033, #1430, .T. ) ;
#365 = FACE_OUTER_BOUND ( 'NONE', #1119, .T. ) ;
#366 = ORIENTED_EDGE ( 'NONE', *, *, #777, .F. ) ;
#367 = LINE ( 'NONE', #1438, #1450 ) ;
#368 = FACE_OUTER_BOUND ( 'NONE', #824, .T. ) ;
#369 = ORIENTED_EDGE ( 'NONE', *, *, #749, .T. ) ;
#370 = DIRECTION ( 'NONE',  ( 0.0000000000000000000, 0.0000000000000000000, -1.000000000000000000 ) ) ;
#371 = LINE ( 'NONE', #642, #608 ) ;
#372 = ORIENTED_EDGE ( 'NONE', *, *, #345, .F. ) ;
#373 = DIRECTION ( 'NONE',  ( 0.0000000000000000000, 1.000000000000000000, 0.0000000000000000000 ) ) ;
#374 = DIRECTION ( 'NONE',  ( 0.0000000000000000000, 0.0000000000000000000, -1.000000000000000000 ) ) ;
#375 = VERTEX_POINT ( 'NONE', #1267 ) ;
#376 = EDGE_CURVE ( 'NONE', #1407, #202, #878, .T. ) ;
#377 = DIRECTION ( 'NONE',  ( 0.0000000000000000000, 1.000000000000000000, 0.0000000000000000000 ) ) ;
#378 = DIRECTION ( 'NONE',  ( 0.0000000000000000000, -1.000000000000000000, 0.0000000000000000000 ) ) ;
#379 = ORIENTED_EDGE ( 'NONE', *, *, #1707, .T. ) ;
#380 = DIRECTION ( 'NONE',  ( 1.000000000000000000, 0.0000000000000000000, 0.0000000000000000000 ) ) ;
#381 = ORIENTED_EDGE ( 'NONE', *, *, #1008, .T. ) ;
#382 = LINE ( 'NONE', #1318, #716 ) ;
#383 = CIRCLE ( 'NONE', #1041, 0.5000000000000000000 ) ;
#384 = DIRECTION ( 'NONE',  ( -9.251858538542969116E-17, 1.000000000000000000, 0.0000000000000000000 ) ) ;
#385 = AXIS2_PLACEMENT_3D ( 'NONE', #1227, #28, #565 ) ;
#386 = ORIENTED_EDGE ( 'NONE', *, *, #1016, .T. ) ;
#387 = VECTOR ( 'NONE', #1043, 1000.000000000000000 ) ;
#388 = PLANE ( 'NONE',  #1249 ) ;
#389 = VECTOR ( 'NONE', #1093, 1000.000000000000000 ) ;
#390 = EDGE_CURVE ( 'NONE', #396, #1345, #681, .T. ) ;
#391 = CYLINDRICAL_SURFACE ( 'NONE', #609, 0.2000000000000000666 ) ;
#392 = ORIENTED_EDGE ( 'NONE', *, *, #777, .T. ) ;
#393 = CARTESIAN_POINT ( 'NONE',  ( 1.800000000000000044, -1.500000000000000000, 0.1000000000000000056 ) ) ;
#394 = DIRECTION ( 'NONE',  ( 0.0000000000000000000, 0.0000000000000000000, 1.000000000000000000 ) ) ;
#395 = FILL_AREA_STYLE ('',( #765 ) ) ;
#396 = VERTEX_POINT ( 'NONE', #1750 ) ;
#397 = CARTESIAN_POINT ( 'NONE',  ( -3.170710678118654702, -1.500000000000000000, 0.1292893218813452871 ) ) ;
#398 = LINE ( 'NONE', #925, #993 ) ;
#399 = EDGE_CURVE ( 'NONE', #1665, #714, #924, .T. ) ;
#400 = ORIENTED_EDGE ( 'NONE', *, *, #174, .F. ) ;
#401 = CARTESIAN_POINT ( 'NONE',  ( 2.799999999999999822, 3.600000000000000089, 0.0000000000000000000 ) ) ;
#402 = DIRECTION ( 'NONE',  ( -0.7071067811865475727, 0.7071067811865475727, 0.0000000000000000000 ) ) ;
#403 = DIRECTION ( 'NONE',  ( -0.0000000000000000000, 1.000000000000000000, 0.0000000000000000000 ) ) ;
#404 = VERTEX_POINT ( 'NONE', #280 ) ;
#405 = DIRECTION ( 'NONE',  ( 0.0000000000000000000, 0.0000000000000000000, 1.000000000000000000 ) ) ;
#406 = CARTESIAN_POINT ( 'NONE',  ( 2.799999999999999822, -3.100000000000000089, 3.000000000000000000 ) ) ;
#407 = CARTESIAN_POINT ( 'NONE',  ( -1.699999999999999956, 1.600000000000000089, 0.0000000000000000000 ) ) ;
#408 = CARTESIAN_POINT ( 'NONE',  ( -3.299999999999999822, 3.100000000000000089, 0.0000000000000000000 ) ) ;
#409 = EDGE_CURVE ( 'NONE', #1630, #1604, #1494, .T. ) ;
#410 = CARTESIAN_POINT ( 'NONE',  ( -1.800000000000000044, -1.500000000000000000, 0.0000000000000000000 ) ) ;
#411 = VERTEX_POINT ( 'NONE', #849 ) ;
#412 = VECTOR ( 'NONE', #187, 1000.000000000000000 ) ;
#413 = VECTOR ( 'NONE', #773, 1000.000000000000000 ) ;
#414 = AXIS2_PLACEMENT_3D ( 'NONE', #1679, #994, #844 ) ;
#415 = CARTESIAN_POINT ( 'NONE',  ( -3.153553390593273775, 3.453553390593273598, 0.0000000000000000000 ) ) ;
#416 = PLANE ( 'NONE',  #774 ) ;
#417 = AXIS2_PLACEMENT_3D ( 'NONE', #1077, #27, #1500 ) ;
#418 = VERTEX_POINT ( 'NONE', #819 ) ;
#419 = FACE_OUTER_BOUND ( 'NONE', #740, .T. ) ;
#420 = DIRECTION ( 'NONE',  ( -0.0000000000000000000, 1.000000000000000000, 0.0000000000000000000 ) ) ;
#421 = EDGE_CURVE ( 'NONE', #1693, #869, #316, .T. ) ;
#422 = EDGE_LOOP ( 'NONE', ( #929, #1656, #379, #1022 ) ) ;
#423 = DIRECTION ( 'NONE',  ( 0.0000000000000000000, 1.000000000000000000, 0.0000000000000000000 ) ) ;
#424 =( NAMED_UNIT ( * ) PLANE_ANGLE_UNIT ( ) SI_UNIT ( $, .RADIAN. ) );
#425 = CARTESIAN_POINT ( 'NONE',  ( -3.100000000000000089, -0.7500000000000000000, 0.2000000000000000111 ) ) ;
#426 = ORIENTED_EDGE ( 'NONE', *, *, #1731, .T. ) ;
#427 = PLANE ( 'NONE',  #1015 ) ;
#428 = ORIENTED_EDGE ( 'NONE', *, *, #1139, .F. ) ;
#429 = DIRECTION ( 'NONE',  ( 0.0000000000000000000, 1.000000000000000000, 0.0000000000000000000 ) ) ;
#430 = EDGE_CURVE ( 'NONE', #594, #1384, #589, .T. ) ;
#431 = LINE ( 'NONE', #959, #968 ) ;
#432 = LINE ( 'NONE', #1383, #96 ) ;
#433 = DIRECTION ( 'NONE',  ( -1.000000000000000000, 0.0000000000000000000, 0.0000000000000000000 ) ) ;
#434 = VERTEX_POINT ( 'NONE', #957 ) ;
#435 = LINE ( 'NONE', #572, #1540 ) ;
#436 = VERTEX_POINT ( 'NONE', #1380 ) ;
#437 = DIRECTION ( 'NONE',  ( 0.0000000000000000000, -1.000000000000000000, 0.0000000000000000000 ) ) ;
#438 = VECTOR ( 'NONE', #1210, 1000.000000000000000 ) ;
#439 = CARTESIAN_POINT ( 'NONE',  ( 3.299999999999999822, 3.600000000000000089, 0.0000000000000000000 ) ) ;
#440 = EDGE_CURVE ( 'NONE', #762, #505, #981, .T. ) ;
#441 = AXIS2_PLACEMENT_3D ( 'NONE', #753, #64, #1571 ) ;
#442 = LINE ( 'NONE', #460, #1387 ) ;
#443 = CIRCLE ( 'NONE', #892, 0.5000000000000000000 ) ;
#444 = VERTEX_POINT ( 'NONE', #21 ) ;
#445 = VECTOR ( 'NONE', #288, 1000.000000000000000 ) ;
#446 = CARTESIAN_POINT ( 'NONE',  ( -3.200000000000000178, 0.7500000000000000000, 0.1000000000000000056 ) ) ;
#447 = VECTOR ( 'NONE', #351, 1000.000000000000000 ) ;
#448 = ORIENTED_EDGE ( 'NONE', *, *, #1118, .T. ) ;
#449 = ORIENTED_EDGE ( 'NONE', *, *, #245, .F. ) ;
#450 = DIRECTION ( 'NONE',  ( 0.0000000000000000000, 1.000000000000000000, 0.0000000000000000000 ) ) ;
#451 = LINE ( 'NONE', #317, #1307 ) ;
#452 = DIRECTION ( 'NONE',  ( 1.000000000000000000, 0.0000000000000000000, 0.0000000000000000000 ) ) ;
#453 = EDGE_CURVE ( 'NONE', #520, #845, #557, .T. ) ;
#454 = ORIENTED_EDGE ( 'NONE', *, *, #978, .F. ) ;
#455 = CARTESIAN_POINT ( 'NONE',  ( 1.699999999999999956, -1.600000000000000089, 0.0000000000000000000 ) ) ;
#456 = ORIENTED_EDGE ( 'NONE', *, *, #1520, .F. ) ;
#457 = EDGE_CURVE ( 'NONE', #1458, #1009, #1044, .T. ) ;
#458 = DIRECTION ( 'NONE',  ( 0.0000000000000000000, 0.0000000000000000000, -1.000000000000000000 ) ) ;
#459 = FACE_OUTER_BOUND ( 'NONE', #60, .T. ) ;
#460 = CARTESIAN_POINT ( 'NONE',  ( -3.299999999999999822, 1.500000000000000000, 0.0000000000000000000 ) ) ;
#461 = FACE_OUTER_BOUND ( 'NONE', #893, .T. ) ;
#462 = EDGE_CURVE ( 'NONE', #1693, #1509, #468, .T. ) ;
#463 = VERTEX_POINT ( 'NONE', #1114 ) ;
#464 = DIRECTION ( 'NONE',  ( -1.000000000000000000, 0.0000000000000000000, 0.0000000000000000000 ) ) ;
#465 = LINE ( 'NONE', #842, #1330 ) ;
#466 = AXIS2_PLACEMENT_3D ( 'NONE', #951, #927, #7 ) ;
#467 = DIRECTION ( 'NONE',  ( 0.0000000000000000000, 0.0000000000000000000, 1.000000000000000000 ) ) ;
#468 = CIRCLE ( 'NONE', #860, 0.2000000000000000666 ) ;
#469 = ORIENTED_EDGE ( 'NONE', *, *, #971, .F. ) ;
#470 = CARTESIAN_POINT ( 'NONE',  ( -3.299999999999999822, -1.500000000000000000, 0.2000000000000000111 ) ) ;
#471 = VECTOR ( 'NONE', #755, 1000.000000000000000 ) ;
#472 = EDGE_LOOP ( 'NONE', ( #876, #1272, #778, #251 ) ) ;
#473 = EDGE_CURVE ( 'NONE', #1384, #359, #859, .T. ) ;
#474 = CARTESIAN_POINT ( 'NONE',  ( -3.100000000000000089, 1.500000000000000000, 0.0000000000000000000 ) ) ;
#475 = VERTEX_POINT ( 'NONE', #574 ) ;
#476 = LINE ( 'NONE', #1583, #1072 ) ;
#477 = ADVANCED_FACE ( 'NONE', ( #1668 ), #169, .F. ) ;
#478 = CARTESIAN_POINT ( 'NONE',  ( 3.299999999999999822, 3.100000000000000089, 0.0000000000000000000 ) ) ;
#479 = ORIENTED_EDGE ( 'NONE', *, *, #508, .F. ) ;
#480 = DIRECTION ( 'NONE',  ( 0.0000000000000000000, -1.000000000000000000, 0.0000000000000000000 ) ) ;
#481 = ORIENTED_EDGE ( 'NONE', *, *, #1038, .T. ) ;
#482 = LINE ( 'NONE', #734, #181 ) ;
#483 = LINE ( 'NONE', #1131, #1216 ) ;
#484 = ADVANCED_FACE ( 'NONE', ( #828 ), #1514, .T. ) ;
#485 = DIRECTION ( 'NONE',  ( 0.0000000000000000000, 0.0000000000000000000, -1.000000000000000000 ) ) ;
#486 = CARTESIAN_POINT ( 'NONE',  ( 3.100000000000000089, -1.500000000000000000, 0.1000000000000000056 ) ) ;
#487 = CARTESIAN_POINT ( 'NONE',  ( -3.299999999999999822, -1.800000000000000044, 0.1000000000000000056 ) ) ;
#488 = ORIENTED_EDGE ( 'NONE', *, *, #18, .F. ) ;
#489 = PLANE ( 'NONE',  #722 ) ;
#490 = EDGE_LOOP ( 'NONE', ( #1018, #1317, #670, #827 ) ) ;
#491 = APPLICATION_CONTEXT ( 'automotive_design' ) ;
#492 = CARTESIAN_POINT ( 'NONE',  ( -1.699999999999999956, -1.600000000000000089, 0.0000000000000000000 ) ) ;
#493 = DIRECTION ( 'NONE',  ( 0.0000000000000000000, -1.000000000000000000, 0.0000000000000000000 ) ) ;
#494 = ADVANCED_FACE ( 'NONE', ( #162 ), #699, .F. ) ;
#495 = VECTOR ( 'NONE', #813, 1000.000000000000000 ) ;
#496 = DIRECTION ( 'NONE',  ( 0.0000000000000000000, 0.0000000000000000000, -1.000000000000000000 ) ) ;
#497 = LINE ( 'NONE', #1297, #129 ) ;
#498 = ORIENTED_EDGE ( 'NONE', *, *, #301, .T. ) ;
#499 = VECTOR ( 'NONE', #1396, 1000.000000000000000 ) ;
#500 = AXIS2_PLACEMENT_3D ( 'NONE', #826, #423, #286 ) ;
#501 = ORIENTED_EDGE ( 'NONE', *, *, #864, .T. ) ;
#502 = AXIS2_PLACEMENT_3D ( 'NONE', #1692, #1548, #595 ) ;
#503 = PRODUCT_DEFINITION_FORMATION_WITH_SPECIFIED_SOURCE ( 'ANY', '', #1663, .NOT_KNOWN. ) ;
#504 = LINE ( 'NONE', #1302, #16 ) ;
#505 = VERTEX_POINT ( 'NONE', #1646 ) ;
#506 = CARTESIAN_POINT ( 'NONE',  ( 3.170710678118654702, -1.500000000000000000, 0.1292893218813452871 ) ) ;
#507 = ORIENTED_EDGE ( 'NONE', *, *, #37, .F. ) ;
#508 = EDGE_CURVE ( 'NONE', #1258, #262, #328, .T. ) ;
#509 = SURFACE_SIDE_STYLE ('',( #1611 ) ) ;
#510 = VERTEX_POINT ( 'NONE', #116 ) ;
#511 = EDGE_CURVE ( 'NONE', #1667, #1744, #1675, .T. ) ;
#512 = FACE_OUTER_BOUND ( 'NONE', #545, .T. ) ;
#513 = ORIENTED_EDGE ( 'NONE', *, *, #757, .F. ) ;
#514 = CARTESIAN_POINT ( 'NONE',  ( 2.799999999999999822, 3.600000000000000089, 3.000000000000000000 ) ) ;
#515 = ORIENTED_EDGE ( 'NONE', *, *, #1261, .F. ) ;
#516 = EDGE_CURVE ( 'NONE', #375, #1582, #482, .T. ) ;
#517 = DIRECTION ( 'NONE',  ( 1.000000000000000000, 0.0000000000000000000, 0.0000000000000000000 ) ) ;
#518 = ORIENTED_EDGE ( 'NONE', *, *, #1378, .F. ) ;
#519 = DIRECTION ( 'NONE',  ( 0.0000000000000000000, -1.000000000000000000, 0.0000000000000000000 ) ) ;
#520 = VERTEX_POINT ( 'NONE', #1727 ) ;
#521 = CARTESIAN_POINT ( 'NONE',  ( 3.200000000000000178, 1.500000000000000000, 1.500000000000000000 ) ) ;
#522 = EDGE_LOOP ( 'NONE', ( #84, #507, #596, #647, #204, #883, #1313, #55, #26, #1567, #932, #1749, #324, #372, #369, #766, #1368, #1522, #1285, #781 ) ) ;
#523 = CARTESIAN_POINT ( 'NONE',  ( -1.800000000000000044, 1.500000000000000000, 0.0000000000000000000 ) ) ;
#524 = CARTESIAN_POINT ( 'NONE',  ( 3.100000000000000089, 0.7500000000000000000, 0.2000000000000000111 ) ) ;
#525 = CIRCLE ( 'NONE', #215, 0.5000000000000000000 ) ;
#526 = EDGE_CURVE ( 'NONE', #1279, #1020, #1243, .T. ) ;
#527 = AXIS2_PLACEMENT_3D ( 'NONE', #1111, #1117, #1670 ) ;
#528 = FACE_OUTER_BOUND ( 'NONE', #57, .T. ) ;
#529 = AXIS2_PLACEMENT_3D ( 'NONE', #306, #839, #1103 ) ;
#530 = EDGE_CURVE ( 'NONE', #1009, #1258, #877, .T. ) ;
#531 = PRESENTATION_LAYER_ASSIGNMENT (  '', '', ( #276 ) ) ;
#532 = VERTEX_POINT ( 'NONE', #1170 ) ;
#533 = EDGE_CURVE ( 'NONE', #463, #1290, #382, .T. ) ;
#534 = ORIENTED_EDGE ( 'NONE', *, *, #323, .F. ) ;
#535 = EDGE_CURVE ( 'NONE', #1582, #1147, #790, .T. ) ;
#536 = CARTESIAN_POINT ( 'NONE',  ( -2.799999999999999822, -3.600000000000000089, 0.0000000000000000000 ) ) ;
#537 = DIRECTION ( 'NONE',  ( 0.0000000000000000000, -1.000000000000000000, 0.0000000000000000000 ) ) ;
#538 = DIRECTION ( 'NONE',  ( 0.0000000000000000000, 0.0000000000000000000, 1.000000000000000000 ) ) ;
#539 = ORIENTED_EDGE ( 'NONE', *, *, #1503, .T. ) ;
#540 = LINE ( 'NONE', #1067, #12 ) ;
#541 = CARTESIAN_POINT ( 'NONE',  ( -3.100000000000000089, -1.500000000000000000, 0.2000000000000000111 ) ) ;
#542 = EDGE_CURVE ( 'NONE', #436, #1184, #603, .T. ) ;
#543 = CARTESIAN_POINT ( 'NONE',  ( -2.799999999999999822, 3.100000000000000089, 0.0000000000000000000 ) ) ;
#544 = FILL_AREA_STYLE ('',( #1344 ) ) ;
#545 = EDGE_LOOP ( 'NONE', ( #637, #789, #217, #1519 ) ) ;
#546 = CIRCLE ( 'NONE', #1680, 0.5000000000000000000 ) ;
#547 = EDGE_CURVE ( 'NONE', #907, #404, #1685, .T. ) ;
#548 = AXIS2_PLACEMENT_3D ( 'NONE', #277, #1338, #815 ) ;
#549 = PLANE ( 'NONE',  #331 ) ;
#550 = CARTESIAN_POINT ( 'NONE',  ( 1.699999999999999956, -1.600000000000000089, 0.0000000000000000000 ) ) ;
#551 = AXIS2_PLACEMENT_3D ( 'NONE', #982, #101, #1613 ) ;
#552 = CARTESIAN_POINT ( 'NONE',  ( 2.850000000000000089, -1.500000000000000000, 0.1000000000000000056 ) ) ;
#553 = DIRECTION ( 'NONE',  ( 0.0000000000000000000, 0.0000000000000000000, -1.000000000000000000 ) ) ;
#554 = ORIENTED_EDGE ( 'NONE', *, *, #950, .T. ) ;
#555 = EDGE_CURVE ( 'NONE', #1667, #475, #476, .T. ) ;
#556 = DIRECTION ( 'NONE',  ( 0.0000000000000000000, -1.000000000000000000, 0.0000000000000000000 ) ) ;
#557 = LINE ( 'NONE', #1640, #963 ) ;
#558 = CYLINDRICAL_SURFACE ( 'NONE', #1601, 0.5000000000000000000 ) ;
#559 = CARTESIAN_POINT ( 'NONE',  ( 3.299999999999999822, 3.600000000000000089, 0.0000000000000000000 ) ) ;
#560 = ORIENTED_EDGE ( 'NONE', *, *, #592, .F. ) ;
#561 = CARTESIAN_POINT ( 'NONE',  ( -2.550000000000000266, -2.775557561562889872E-16, 0.0000000000000000000 ) ) ;
#562 = ORIENTED_EDGE ( 'NONE', *, *, #894, .T. ) ;
#563 = EDGE_CURVE ( 'NONE', #151, #247, #1591, .T. ) ;
#564 = EDGE_LOOP ( 'NONE', ( #1501, #1672, #623, #586 ) ) ;
#565 = DIRECTION ( 'NONE',  ( 1.000000000000000000, 0.0000000000000000000, 0.0000000000000000000 ) ) ;
#566 = CARTESIAN_POINT ( 'NONE',  ( -1.699999999999999956, 1.600000000000000089, 0.1000000000000000056 ) ) ;
#567 = CARTESIAN_POINT ( 'NONE',  ( 2.799999999999999822, 3.100000000000000089, 3.000000000000000000 ) ) ;
#568 = ORIENTED_EDGE ( 'NONE', *, *, #791, .F. ) ;
#569 = DIRECTION ( 'NONE',  ( 0.0000000000000000000, -1.000000000000000000, 0.0000000000000000000 ) ) ;
#570 =( LENGTH_UNIT ( ) NAMED_UNIT ( * ) SI_UNIT ( .MILLI., .METRE. ) );
#571 = ORIENTED_EDGE ( 'NONE', *, *, #1594, .T. ) ;
#572 = CARTESIAN_POINT ( 'NONE',  ( -3.299999999999999822, 3.600000000000000089, 0.0000000000000000000 ) ) ;
#573 = EDGE_LOOP ( 'NONE', ( #241, #1199, #618, #1699 ) ) ;
#574 = CARTESIAN_POINT ( 'NONE',  ( 3.299999999999999822, 1.600000000000000089, 0.1000000000000000056 ) ) ;
#575 = EDGE_CURVE ( 'NONE', #1033, #77, #525, .T. ) ;
#576 = AXIS2_PLACEMENT_3D ( 'NONE', #1603, #394, #597 ) ;
#577 = DIRECTION ( 'NONE',  ( 0.0000000000000000000, 1.000000000000000000, 0.0000000000000000000 ) ) ;
#578 = VECTOR ( 'NONE', #73, 1000.000000000000000 ) ;
#579 = CARTESIAN_POINT ( 'NONE',  ( 1.800000000000000044, 1.500000000000000000, 0.1000000000000000056 ) ) ;
#580 = MECHANICAL_DESIGN_GEOMETRIC_PRESENTATION_REPRESENTATION (  '', ( #1303 ), #966 ) ;
#581 = ORIENTED_EDGE ( 'NONE', *, *, #768, .F. ) ;
#582 = EDGE_CURVE ( 'NONE', #602, #1604, #334, .T. ) ;
#583 = CIRCLE ( 'NONE', #806, 0.2000000000000000666 ) ;
#584 = CARTESIAN_POINT ( 'NONE',  ( 2.799999999999999822, 3.100000000000000089, 0.0000000000000000000 ) ) ;
#585 = PRESENTATION_LAYER_ASSIGNMENT (  '', '', ( #942 ) ) ;
#586 = ORIENTED_EDGE ( 'NONE', *, *, #1731, .F. ) ;
#587 = CARTESIAN_POINT ( 'NONE',  ( 2.799999999999999822, 3.100000000000000089, 0.0000000000000000000 ) ) ;
#588 = ORIENTED_EDGE ( 'NONE', *, *, #891, .T. ) ;
#589 = LINE ( 'NONE', #308, #357 ) ;
#590 = FACE_OUTER_BOUND ( 'NONE', #685, .T. ) ;
#591 = PLANE ( 'NONE',  #1241 ) ;
#592 = EDGE_CURVE ( 'NONE', #615, #1402, #1408, .T. ) ;
#593 = DIRECTION ( 'NONE',  ( 1.000000000000000000, 0.0000000000000000000, 0.0000000000000000000 ) ) ;
#594 = VERTEX_POINT ( 'NONE', #205 ) ;
#595 = DIRECTION ( 'NONE',  ( -0.7071067811865475727, -0.7071067811865475727, 0.0000000000000000000 ) ) ;
#596 = ORIENTED_EDGE ( 'NONE', *, *, #1151, .T. ) ;
#597 = DIRECTION ( 'NONE',  ( 1.000000000000000000, 0.0000000000000000000, 0.0000000000000000000 ) ) ;
#598 = DIRECTION ( 'NONE',  ( 0.0000000000000000000, 0.0000000000000000000, -1.000000000000000000 ) ) ;
#599 = EDGE_CURVE ( 'NONE', #418, #854, #1034, .T. ) ;
#600 = ORIENTED_EDGE ( 'NONE', *, *, #253, .F. ) ;
#601 = CARTESIAN_POINT ( 'NONE',  ( 1.699999999999999956, 1.600000000000000089, 0.0000000000000000000 ) ) ;
#602 = VERTEX_POINT ( 'NONE', #915 ) ;
#603 = LINE ( 'NONE', #1273, #269 ) ;
#604 = ADVANCED_FACE ( 'NONE', ( #1459 ), #1047, .F. ) ;
#605 = DIRECTION ( 'NONE',  ( 1.000000000000000000, 0.0000000000000000000, 0.0000000000000000000 ) ) ;
#606 = CIRCLE ( 'NONE', #466, 0.2000000000000000666 ) ;
#607 = AXIS2_PLACEMENT_3D ( 'NONE', #346, #353, #1300 ) ;
#608 = VECTOR ( 'NONE', #1153, 1000.000000000000000 ) ;
#609 = AXIS2_PLACEMENT_3D ( 'NONE', #811, #250, #144 ) ;
#610 = MECHANICAL_DESIGN_GEOMETRIC_PRESENTATION_REPRESENTATION (  '', ( #970 ), #158 ) ;
#611 = CARTESIAN_POINT ( 'NONE',  ( 1.699999999999999956, -1.600000000000000089, 0.1000000000000000056 ) ) ;
#612 = ADVANCED_FACE ( 'NONE', ( #946 ), #135, .T. ) ;
#613 = ORIENTED_EDGE ( 'NONE', *, *, #1215, .T. ) ;
#614 = CARTESIAN_POINT ( 'NONE',  ( 3.100000000000000089, -1.500000000000000000, 0.2000000000000000111 ) ) ;
#615 = VERTEX_POINT ( 'NONE', #1056 ) ;
#616 = DIRECTION ( 'NONE',  ( -1.000000000000000000, 0.0000000000000000000, 0.0000000000000000000 ) ) ;
#617 = DIRECTION ( 'NONE',  ( -1.000000000000000000, 0.0000000000000000000, 0.0000000000000000000 ) ) ;
#618 = ORIENTED_EDGE ( 'NONE', *, *, #1016, .F. ) ;
#619 = ORIENTED_EDGE ( 'NONE', *, *, #1562, .T. ) ;
#620 = ADVANCED_FACE ( 'NONE', ( #671 ), #142, .T. ) ;
#621 = CARTESIAN_POINT ( 'NONE',  ( -2.799999999999999822, -3.600000000000000089, 0.0000000000000000000 ) ) ;
#622 = CARTESIAN_POINT ( 'NONE',  ( -2.799999999999999822, 3.100000000000000089, 0.0000000000000000000 ) ) ;
#623 = ORIENTED_EDGE ( 'NONE', *, *, #535, .T. ) ;
#624 = DIRECTION ( 'NONE',  ( -0.7071067811865475727, -0.7071067811865475727, 0.0000000000000000000 ) ) ;
#625 = ORIENTED_EDGE ( 'NONE', *, *, #301, .F. ) ;
#626 = DIRECTION ( 'NONE',  ( 0.7071067811865481278, 0.0000000000000000000, -0.7071067811865467956 ) ) ;
#627 = ORIENTED_EDGE ( 'NONE', *, *, #516, .F. ) ;
#628 = PRODUCT_DEFINITION ( 'UNKNOWN', '', #503, #1281 ) ;
#629 = DIRECTION ( 'NONE',  ( 0.0000000000000000000, 0.0000000000000000000, 1.000000000000000000 ) ) ;
#630 = PLANE ( 'NONE',  #861 ) ;
#631 = ADVANCED_FACE ( 'NONE', ( #3 ), #822, .T. ) ;
#632 = VECTOR ( 'NONE', #616, 1000.000000000000000 ) ;
#633 = AXIS2_PLACEMENT_3D ( 'NONE', #840, #1095, #458 ) ;
#634 = ORIENTED_EDGE ( 'NONE', *, *, #1585, .F. ) ;
#635 = VECTOR ( 'NONE', #617, 1000.000000000000000 ) ;
#636 = AXIS2_PLACEMENT_3D ( 'NONE', #1372, #1250, #943 ) ;
#637 = ORIENTED_EDGE ( 'NONE', *, *, #1676, .T. ) ;
#638 = PRESENTATION_LAYER_ASSIGNMENT (  '', '', ( #970 ) ) ;
#639 = FACE_OUTER_BOUND ( 'NONE', #1291, .T. ) ;
#640 = VERTEX_POINT ( 'NONE', #408 ) ;
#641 = LINE ( 'NONE', #65, #1740 ) ;
#642 = CARTESIAN_POINT ( 'NONE',  ( -3.299999999999999822, 3.600000000000000089, 0.0000000000000000000 ) ) ;
#643 = ADVANCED_FACE ( 'NONE', ( #1352 ), #1610, .T. ) ;
#644 = ORIENTED_EDGE ( 'NONE', *, *, #1323, .F. ) ;
#645 = DIRECTION ( 'NONE',  ( 0.0000000000000000000, 1.000000000000000000, 0.0000000000000000000 ) ) ;
#646 = CYLINDRICAL_SURFACE ( 'NONE', #1602, 0.5000000000000000000 ) ;
#647 = ORIENTED_EDGE ( 'NONE', *, *, #59, .T. ) ;
#648 = DIRECTION ( 'NONE',  ( 1.000000000000000000, 0.0000000000000000000, 0.0000000000000000000 ) ) ;
#649 = CARTESIAN_POINT ( 'NONE',  ( -3.299999999999999822, -3.600000000000000089, 0.0000000000000000000 ) ) ;
#650 = ORIENTED_EDGE ( 'NONE', *, *, #421, .F. ) ;
#651 = DIRECTION ( 'NONE',  ( 0.0000000000000000000, 0.0000000000000000000, -1.000000000000000000 ) ) ;
#652 = FACE_OUTER_BOUND ( 'NONE', #1192, .T. ) ;
#653 = EDGE_CURVE ( 'NONE', #1020, #208, #1334, .T. ) ;
#654 = DIRECTION ( 'NONE',  ( 0.0000000000000000000, 0.0000000000000000000, 1.000000000000000000 ) ) ;
#655 = CARTESIAN_POINT ( 'NONE',  ( 3.299999999999999822, -1.500000000000000000, 0.2000000000000000111 ) ) ;
#656 = LINE ( 'NONE', #1558, #1393 ) ;
#657 = ORIENTED_EDGE ( 'NONE', *, *, #117, .F. ) ;
#658 = CARTESIAN_POINT ( 'NONE',  ( -3.100000000000000089, 1.500000000000000000, 0.2000000000000000111 ) ) ;
#659 = LINE ( 'NONE', #1470, #1482 ) ;
#660 = ORIENTED_EDGE ( 'NONE', *, *, #78, .T. ) ;
#661 = CARTESIAN_POINT ( 'NONE',  ( -3.299999999999999822, 3.600000000000000089, 0.0000000000000000000 ) ) ;
#662 = DIRECTION ( 'NONE',  ( 0.0000000000000000000, -1.000000000000000000, 0.0000000000000000000 ) ) ;
#663 = VECTOR ( 'NONE', #1561, 1000.000000000000000 ) ;
#664 = VERTEX_POINT ( 'NONE', #809 ) ;
#665 = AXIS2_PLACEMENT_3D ( 'NONE', #977, #58, #973 ) ;
#666 = ADVANCED_FACE ( 'NONE', ( #1343 ), #1490, .T. ) ;
#667 = DIRECTION ( 'NONE',  ( 0.0000000000000000000, 0.0000000000000000000, -1.000000000000000000 ) ) ;
#668 = EDGE_LOOP ( 'NONE', ( #1538, #1322, #1485, #332 ) ) ;
#669 = CARTESIAN_POINT ( 'NONE',  ( 3.100000000000000089, -1.500000000000000000, 0.2000000000000000111 ) ) ;
#670 = ORIENTED_EDGE ( 'NONE', *, *, #325, .F. ) ;
#671 = FACE_OUTER_BOUND ( 'NONE', #940, .T. ) ;
#672 = PRODUCT_CONTEXT ( 'NONE', #491, 'mechanical' ) ;
#673 = ORIENTED_EDGE ( 'NONE', *, *, #253, .T. ) ;
#674 = CARTESIAN_POINT ( 'NONE',  ( 3.299999999999999822, 1.500000000000000000, 1.500000000000000000 ) ) ;
#675 = EDGE_CURVE ( 'NONE', #77, #1415, #69, .T. ) ;
#676 = DIRECTION ( 'NONE',  ( 0.0000000000000000000, -1.000000000000000000, 0.0000000000000000000 ) ) ;
#677 = ORIENTED_EDGE ( 'NONE', *, *, #440, .T. ) ;
#678 = CARTESIAN_POINT ( 'NONE',  ( 3.170710678118654702, 1.500000000000000000, 0.1292893218813452871 ) ) ;
#679 = CARTESIAN_POINT ( 'NONE',  ( -3.100000000000000089, -0.7500000000000000000, 0.2000000000000000111 ) ) ;
#680 = VERTEX_POINT ( 'NONE', #149 ) ;
#681 = LINE ( 'NONE', #1173, #938 ) ;
#682 = FACE_OUTER_BOUND ( 'NONE', #148, .T. ) ;
#683 = LINE ( 'NONE', #552, #1156 ) ;
#684 = DIRECTION ( 'NONE',  ( -0.7071067811865482389, 0.0000000000000000000, -0.7071067811865466846 ) ) ;
#685 = EDGE_LOOP ( 'NONE', ( #568, #426, #956, #1138, #600, #634, #95, #313, #1298, #259 ) ) ;
#686 = FACE_OUTER_BOUND ( 'NONE', #752, .T. ) ;
#687 = VERTEX_POINT ( 'NONE', #678 ) ;
#688 = VECTOR ( 'NONE', #1087, 1000.000000000000000 ) ;
#689 = DIRECTION ( 'NONE',  ( 1.000000000000000000, 0.0000000000000000000, 0.0000000000000000000 ) ) ;
#690 = DIRECTION ( 'NONE',  ( 0.0000000000000000000, 0.0000000000000000000, 1.000000000000000000 ) ) ;
#691 = VECTOR ( 'NONE', #132, 1000.000000000000000 ) ;
#692 = AXIS2_PLACEMENT_3D ( 'NONE', #1587, #648, #377 ) ;
#693 = CARTESIAN_POINT ( 'NONE',  ( -3.299999999999999822, 1.500000000000000000, 1.500000000000000000 ) ) ;
#694 = CIRCLE ( 'NONE', #1254, 0.5000000000000000000 ) ;
#695 = ORIENTED_EDGE ( 'NONE', *, *, #462, .F. ) ;
#696 = EDGE_CURVE ( 'NONE', #762, #510, #1205, .T. ) ;
#697 = EDGE_LOOP ( 'NONE', ( #1084, #1125, #571, #964 ) ) ;
#698 = ORIENTED_EDGE ( 'NONE', *, *, #224, .F. ) ;
#699 = PLANE ( 'NONE',  #385 ) ;
#700 = CARTESIAN_POINT ( 'NONE',  ( -1.800000000000000044, -1.500000000000000000, 0.0000000000000000000 ) ) ;
#701 = CARTESIAN_POINT ( 'NONE',  ( 1.800000000000000044, 1.500000000000000000, 0.0000000000000000000 ) ) ;
#702 = ADVANCED_FACE ( 'NONE', ( #686 ), #1629, .T. ) ;
#703 = VERTEX_POINT ( 'NONE', #303 ) ;
#704 = ORIENTED_EDGE ( 'NONE', *, *, #978, .T. ) ;
#705 = CARTESIAN_POINT ( 'NONE',  ( -3.100000000000000089, 1.500000000000000000, 0.2000000000000000111 ) ) ;
#706 = DIRECTION ( 'NONE',  ( 0.0000000000000000000, 0.0000000000000000000, -1.000000000000000000 ) ) ;
#707 = DIRECTION ( 'NONE',  ( 0.7071067811865481278, 0.0000000000000000000, -0.7071067811865467956 ) ) ;
#708 = DIRECTION ( 'NONE',  ( 0.0000000000000000000, 0.0000000000000000000, -1.000000000000000000 ) ) ;
#709 = ORIENTED_EDGE ( 'NONE', *, *, #530, .F. ) ;
#710 = CARTESIAN_POINT ( 'NONE',  ( 3.299999999999999822, 3.600000000000000089, 0.0000000000000000000 ) ) ;
#711 = EDGE_LOOP ( 'NONE', ( #1711, #214, #1256, #1050, #1178, #481, #1723, #93, #1113, #1326 ) ) ;
#712 = CARTESIAN_POINT ( 'NONE',  ( 3.241421356237309759, 1.500000000000000000, 0.05857864376269063950 ) ) ;
#713 = VECTOR ( 'NONE', #889, 1000.000000000000000 ) ;
#714 = VERTEX_POINT ( 'NONE', #1070 ) ;
#715 = ADVANCED_FACE ( 'NONE', ( #419 ), #283, .F. ) ;
#716 = VECTOR ( 'NONE', #1005, 1000.000000000000000 ) ;
#717 = PLANE ( 'NONE',  #636 ) ;
#718 = CIRCLE ( 'NONE', #1626, 0.1000000000000000472 ) ;
#719 = FACE_OUTER_BOUND ( 'NONE', #754, .T. ) ;
#720 = CIRCLE ( 'NONE', #500, 0.1000000000000000472 ) ;
#721 = ORIENTED_EDGE ( 'NONE', *, *, #457, .F. ) ;
#722 = AXIS2_PLACEMENT_3D ( 'NONE', #1057, #231, #384 ) ;
#723 = FACE_OUTER_BOUND ( 'NONE', #1040, .T. ) ;
#724 = VERTEX_POINT ( 'NONE', #1081 ) ;
#725 = SURFACE_STYLE_FILL_AREA ( #1271 ) ;
#726 = ORIENTED_EDGE ( 'NONE', *, *, #1466, .F. ) ;
#727 = LINE ( 'NONE', #871, #1628 ) ;
#728 = ADVANCED_FACE ( 'NONE', ( #1636 ), #24, .T. ) ;
#729 = DIRECTION ( 'NONE',  ( 0.0000000000000000000, 1.000000000000000000, 0.0000000000000000000 ) ) ;
#730 = LINE ( 'NONE', #478, #330 ) ;
#731 = ADVANCED_FACE ( 'NONE', ( #122 ), #329, .T. ) ;
#732 = LINE ( 'NONE', #996, #447 ) ;
#733 = ORIENTED_EDGE ( 'NONE', *, *, #1233, .T. ) ;
#734 = CARTESIAN_POINT ( 'NONE',  ( 4.799999999999999822, -1.500000000000000000, 0.0000000000000000000 ) ) ;
#735 = CARTESIAN_POINT ( 'NONE',  ( -3.299999999999999822, -3.100000000000000089, 0.0000000000000000000 ) ) ;
#736 = ORIENTED_EDGE ( 'NONE', *, *, #154, .T. ) ;
#737 = VERTEX_POINT ( 'NONE', #32 ) ;
#738 = DIRECTION ( 'NONE',  ( 0.0000000000000000000, 0.0000000000000000000, 1.000000000000000000 ) ) ;
#739 = ADVANCED_FACE ( 'NONE', ( #66 ), #853, .T. ) ;
#740 = EDGE_LOOP ( 'NONE', ( #808, #1066, #660, #232 ) ) ;
#741 = CARTESIAN_POINT ( 'NONE',  ( 3.299999999999999822, 1.500000000000000000, 0.0000000000000000000 ) ) ;
#742 = VECTOR ( 'NONE', #1454, 1000.000000000000000 ) ;
#743 = VECTOR ( 'NONE', #1266, 1000.000000000000000 ) ;
#744 = ORIENTED_EDGE ( 'NONE', *, *, #1607, .F. ) ;
#745 = LINE ( 'NONE', #1575, #1452 ) ;
#746 = AXIS2_PLACEMENT_3D ( 'NONE', #1589, #1564, #362 ) ;
#747 = AXIS2_PLACEMENT_3D ( 'NONE', #38, #1524, #895 ) ;
#748 = ORIENTED_EDGE ( 'NONE', *, *, #287, .F. ) ;
#749 = EDGE_CURVE ( 'NONE', #995, #520, #1255, .T. ) ;
#750 = AXIS2_PLACEMENT_3D ( 'NONE', #410, #420, #284 ) ;
#751 = FACE_OUTER_BOUND ( 'NONE', #913, .T. ) ;
#752 = EDGE_LOOP ( 'NONE', ( #192, #80, #858, #236 ) ) ;
#753 = CARTESIAN_POINT ( 'NONE',  ( -2.799999999999999822, 3.100000000000000089, 3.000000000000000000 ) ) ;
#754 = EDGE_LOOP ( 'NONE', ( #834, #1417, #1481, #4, #1505, #175, #137, #1578, #1653, #1027, #1609, #1556 ) ) ;
#755 = DIRECTION ( 'NONE',  ( 0.0000000000000000000, 0.0000000000000000000, -1.000000000000000000 ) ) ;
#756 = ORIENTED_EDGE ( 'NONE', *, *, #1661, .F. ) ;
#757 = EDGE_CURVE ( 'NONE', #1147, #1045, #1137, .T. ) ;
#758 = FACE_OUTER_BOUND ( 'NONE', #1112, .T. ) ;
#759 = VERTEX_POINT ( 'NONE', #319 ) ;
#760 = CARTESIAN_POINT ( 'NONE',  ( -3.100000000000000089, -1.500000000000000000, 0.1000000000000000056 ) ) ;
#761 = ADVANCED_FACE ( 'NONE', ( #723 ), #866, .T. ) ;
#762 = VERTEX_POINT ( 'NONE', #984 ) ;
#763 = CARTESIAN_POINT ( 'NONE',  ( -1.675000000000000044, -1.600000000000000089, 0.0000000000000000000 ) ) ;
#764 = ORIENTED_EDGE ( 'NONE', *, *, #533, .F. ) ;
#765 = FILL_AREA_STYLE_COLOUR ( '', #1513 ) ;
#766 = ORIENTED_EDGE ( 'NONE', *, *, #453, .T. ) ;
#767 = LINE ( 'NONE', #896, #1212 ) ;
#768 = EDGE_CURVE ( 'NONE', #793, #254, #1533, .T. ) ;
#769 = LINE ( 'NONE', #1145, #1127 ) ;
#770 = VECTOR ( 'NONE', #1444, 1000.000000000000000 ) ;
#771 = ORIENTED_EDGE ( 'NONE', *, *, #1252, .T. ) ;
#772 = VECTOR ( 'NONE', #380, 1000.000000000000000 ) ;
#773 = DIRECTION ( 'NONE',  ( -1.000000000000000000, 0.0000000000000000000, 0.0000000000000000000 ) ) ;
#774 = AXIS2_PLACEMENT_3D ( 'NONE', #550, #1097, #706 ) ;
#775 = ORIENTED_EDGE ( 'NONE', *, *, #542, .T. ) ;
#776 = AXIS2_PLACEMENT_3D ( 'NONE', #524, #1049, #626 ) ;
#777 = EDGE_CURVE ( 'NONE', #1604, #615, #339, .T. ) ;
#778 = ORIENTED_EDGE ( 'NONE', *, *, #1327, .F. ) ;
#779 = DIRECTION ( 'NONE',  ( -0.7071067811865481278, 0.0000000000000000000, -0.7071067811865467956 ) ) ;
#780 = CARTESIAN_POINT ( 'NONE',  ( -1.699999999999999956, 1.600000000000000089, 0.0000000000000000000 ) ) ;
#781 = ORIENTED_EDGE ( 'NONE', *, *, #68, .F. ) ;
#782 = CARTESIAN_POINT ( 'NONE',  ( 2.899999999999999911, 1.500000000000000000, 0.1000000000000000056 ) ) ;
#783 = EDGE_CURVE ( 'NONE', #1033, #759, #1690, .T. ) ;
#784 = ORIENTED_EDGE ( 'NONE', *, *, #59, .F. ) ;
#785 = CYLINDRICAL_SURFACE ( 'NONE', #156, 0.1000000000000000472 ) ;
#786 = DIRECTION ( 'NONE',  ( 1.000000000000000000, 0.0000000000000000000, 0.0000000000000000000 ) ) ;
#787 = LINE ( 'NONE', #120, #962 ) ;
#788 =( LENGTH_UNIT ( ) NAMED_UNIT ( * ) SI_UNIT ( .MILLI., .METRE. ) );
#789 = ORIENTED_EDGE ( 'NONE', *, *, #1517, .T. ) ;
#790 = LINE ( 'NONE', #1398, #98 ) ;
#791 = EDGE_CURVE ( 'NONE', #680, #1645, #1213, .T. ) ;
#792 = CYLINDRICAL_SURFACE ( 'NONE', #776, 0.1000000000000000472 ) ;
#793 = VERTEX_POINT ( 'NONE', #191 ) ;
#794 = CARTESIAN_POINT ( 'NONE',  ( -3.200000000000000178, -1.500000000000000000, 0.0000000000000000000 ) ) ;
#795 = DIRECTION ( 'NONE',  ( 0.0000000000000000000, 0.0000000000000000000, 1.000000000000000000 ) ) ;
#796 = CARTESIAN_POINT ( 'NONE',  ( -3.153553390593273775, -3.453553390593273598, 0.0000000000000000000 ) ) ;
#797 = LINE ( 'NONE', #407, #691 ) ;
#798 = CLOSED_SHELL ( 'NONE', ( #1193, #1726, #715, #728, #612, #631, #761, #731, #6, #1366, #1694, #1535 ) ) ;
#799 = DIRECTION ( 'NONE',  ( 0.0000000000000000000, -1.000000000000000000, 0.0000000000000000000 ) ) ;
#800 = VECTOR ( 'NONE', #1324, 1000.000000000000000 ) ;
#801 = ADVANCED_FACE ( 'NONE', ( #461 ), #1240, .F. ) ;
#802 = VECTOR ( 'NONE', #467, 1000.000000000000000 ) ;
#803 = VERTEX_POINT ( 'NONE', #470 ) ;
#804 = CIRCLE ( 'NONE', #829, 0.1000000000000000472 ) ;
#805 = DIRECTION ( 'NONE',  ( 0.0000000000000000000, 1.000000000000000000, 0.0000000000000000000 ) ) ;
#806 = AXIS2_PLACEMENT_3D ( 'NONE', #658, #805, #1448 ) ;
#807 = DIRECTION ( 'NONE',  ( 0.0000000000000000000, 0.0000000000000000000, 1.000000000000000000 ) ) ;
#808 = ORIENTED_EDGE ( 'NONE', *, *, #1108, .F. ) ;
#809 = CARTESIAN_POINT ( 'NONE',  ( -3.241421356237309759, -1.500000000000000000, 0.05857864376269063950 ) ) ;
#810 = ORIENTED_EDGE ( 'NONE', *, *, #1707, .F. ) ;
#811 = CARTESIAN_POINT ( 'NONE',  ( 3.100000000000000089, -0.7500000000000000000, 0.2000000000000000111 ) ) ;
#812 = EDGE_CURVE ( 'NONE', #724, #1619, #1664, .T. ) ;
#813 = DIRECTION ( 'NONE',  ( 0.0000000000000000000, 1.000000000000000000, 0.0000000000000000000 ) ) ;
#814 = DIRECTION ( 'NONE',  ( 0.0000000000000000000, 0.0000000000000000000, 1.000000000000000000 ) ) ;
#815 = DIRECTION ( 'NONE',  ( -0.7071067811865475727, -0.7071067811865475727, 0.0000000000000000000 ) ) ;
#816 =( NAMED_UNIT ( * ) SI_UNIT ( $, .STERADIAN. ) SOLID_ANGLE_UNIT ( ) );
#817 = EDGE_LOOP ( 'NONE', ( #11, #42, #974, #1122 ) ) ;
#818 = LINE ( 'NONE', #5, #1456 ) ;
#819 = CARTESIAN_POINT ( 'NONE',  ( -3.200000000000000178, -1.500000000000000000, 1.500000000000000000 ) ) ;
#820 = EDGE_CURVE ( 'NONE', #1335, #995, #730, .T. ) ;
#821 = CARTESIAN_POINT ( 'NONE',  ( 3.200000000000000178, -1.500000000000000000, 1.500000000000000000 ) ) ;
#822 = PLANE ( 'NONE',  #1566 ) ;
#823 = CARTESIAN_POINT ( 'NONE',  ( 3.200000000000000178, 1.500000000000000000, 0.1000000000000000056 ) ) ;
#824 = EDGE_LOOP ( 'NONE', ( #1461, #1453, #392, #1474 ) ) ;
#825 = CIRCLE ( 'NONE', #1101, 0.5000000000000000000 ) ;
#826 = CARTESIAN_POINT ( 'NONE',  ( 3.100000000000000089, 1.500000000000000000, 0.2000000000000000111 ) ) ;
#827 = ORIENTED_EDGE ( 'NONE', *, *, #139, .F. ) ;
#828 = FACE_OUTER_BOUND ( 'NONE', #1141, .T. ) ;
#829 = AXIS2_PLACEMENT_3D ( 'NONE', #669, #537, #1349 ) ;
#830 = CARTESIAN_POINT ( 'NONE',  ( -2.799999999999999822, -3.100000000000000089, 0.0000000000000000000 ) ) ;
#831 = AXIS2_PLACEMENT_3D ( 'NONE', #614, #1419, #1150 ) ;
#832 = LINE ( 'NONE', #171, #1622 ) ;
#833 = ADVANCED_FACE ( 'NONE', ( #1527 ), #1554, .F. ) ;
#834 = ORIENTED_EDGE ( 'NONE', *, *, #198, .F. ) ;
#835 = DIRECTION ( 'NONE',  ( 0.0000000000000000000, 0.0000000000000000000, 1.000000000000000000 ) ) ;
#836 = ADVANCED_FACE ( 'NONE', ( #182 ), #1403, .T. ) ;
#837 = ORIENTED_EDGE ( 'NONE', *, *, #117, .T. ) ;
#838 = PRODUCT_DEFINITION_SHAPE ( 'NONE', 'NONE',  #628 ) ;
#839 = DIRECTION ( 'NONE',  ( -1.000000000000000000, 0.0000000000000000000, 0.0000000000000000000 ) ) ;
#840 = CARTESIAN_POINT ( 'NONE',  ( -3.299999999999999822, 1.600000000000000089, 0.0000000000000000000 ) ) ;
#841 = CARTESIAN_POINT ( 'NONE',  ( -3.200000000000000178, 1.500000000000000000, 0.2000000000000000111 ) ) ;
#842 = CARTESIAN_POINT ( 'NONE',  ( 3.299999999999999822, -3.100000000000000089, 0.0000000000000000000 ) ) ;
#843 = CARTESIAN_POINT ( 'NONE',  ( -3.299999999999999822, -1.800000000000000044, 1.500000000000000000 ) ) ;
#844 = DIRECTION ( 'NONE',  ( 0.7071067811865482389, 0.0000000000000000000, -0.7071067811865466846 ) ) ;
#845 = VERTEX_POINT ( 'NONE', #1365 ) ;
#846 = ADVANCED_FACE ( 'NONE', ( #1032 ), #354, .F. ) ;
#847 = CARTESIAN_POINT ( 'NONE',  ( 1.800000000000000044, -1.500000000000000000, 0.0000000000000000000 ) ) ;
#848 = ORIENTED_EDGE ( 'NONE', *, *, #1269, .F. ) ;
#849 = CARTESIAN_POINT ( 'NONE',  ( 3.200000000000000178, 1.500000000000000000, 0.2000000000000000111 ) ) ;
#850 = FACE_OUTER_BOUND ( 'NONE', #1128, .T. ) ;
#851 = LINE ( 'NONE', #843, #155 ) ;
#852 = PLANE ( 'NONE',  #67 ) ;
#853 = CYLINDRICAL_SURFACE ( 'NONE', #1420, 0.5000000000000000000 ) ;
#854 = VERTEX_POINT ( 'NONE', #86 ) ;
#855 = EDGE_CURVE ( 'NONE', #1204, #1590, #229, .T. ) ;
#856 = LINE ( 'NONE', #322, #941 ) ;
#857 = VECTOR ( 'NONE', #1260, 1000.000000000000000 ) ;
#858 = ORIENTED_EDGE ( 'NONE', *, *, #563, .F. ) ;
#859 = LINE ( 'NONE', #1236, #1568 ) ;
#860 = AXIS2_PLACEMENT_3D ( 'NONE', #176, #450, #965 ) ;
#861 = AXIS2_PLACEMENT_3D ( 'NONE', #1715, #378, #243 ) ;
#862 = CARTESIAN_POINT ( 'NONE',  ( 3.100000000000000089, 1.500000000000000000, 0.2000000000000000111 ) ) ;
#863 = DIRECTION ( 'NONE',  ( 0.0000000000000000000, 1.000000000000000000, 0.0000000000000000000 ) ) ;
#864 = EDGE_CURVE ( 'NONE', #1184, #532, #443, .T. ) ;
#865 = ORIENTED_EDGE ( 'NONE', *, *, #390, .F. ) ;
#866 = PLANE ( 'NONE',  #216 ) ;
#867 = ORIENTED_EDGE ( 'NONE', *, *, #1375, .T. ) ;
#868 = LINE ( 'NONE', #341, #1110 ) ;
#869 = VERTEX_POINT ( 'NONE', #1014 ) ;
#870 = DIRECTION ( 'NONE',  ( -1.000000000000000000, 0.0000000000000000000, 0.0000000000000000000 ) ) ;
#871 = CARTESIAN_POINT ( 'NONE',  ( 3.241421356237309759, -0.7500000000000000000, 0.05857864376269061174 ) ) ;
#872 = ADVANCED_FACE ( 'NONE', ( #652 ), #881, .T. ) ;
#873 = ORIENTED_EDGE ( 'NONE', *, *, #864, .F. ) ;
#874 = ORIENTED_EDGE ( 'NONE', *, *, #1116, .F. ) ;
#875 = LINE ( 'NONE', #1284, #1360 ) ;
#876 = ORIENTED_EDGE ( 'NONE', *, *, #1414, .F. ) ;
#877 = LINE ( 'NONE', #255, #1418 ) ;
#878 = LINE ( 'NONE', #1409, #578 ) ;
#879 = CARTESIAN_POINT ( 'NONE',  ( -2.799999999999999822, -3.100000000000000089, 0.0000000000000000000 ) ) ;
#880 = EDGE_CURVE ( 'NONE', #262, #1458, #497, .T. ) ;
#881 = PLANE ( 'NONE',  #1355 ) ;
#882 = CARTESIAN_POINT ( 'NONE',  ( 3.299999999999999822, -1.500000000000000000, 0.0000000000000000000 ) ) ;
#883 = ORIENTED_EDGE ( 'NONE', *, *, #29, .F. ) ;
#884 = DIRECTION ( 'NONE',  ( 0.0000000000000000000, 0.0000000000000000000, 1.000000000000000000 ) ) ;
#885 = CIRCLE ( 'NONE', #1595, 0.5000000000000000000 ) ;
#886 = CARTESIAN_POINT ( 'NONE',  ( -3.299999999999999822, 1.600000000000000089, 0.0000000000000000000 ) ) ;
#887 = VECTOR ( 'NONE', #82, 1000.000000000000000 ) ;
#888 = ORIENTED_EDGE ( 'NONE', *, *, #188, .F. ) ;
#889 = DIRECTION ( 'NONE',  ( 0.0000000000000000000, 0.0000000000000000000, 1.000000000000000000 ) ) ;
#890 = DIRECTION ( 'NONE',  ( 0.7071067811865475727, -0.7071067811865475727, 0.0000000000000000000 ) ) ;
#891 = EDGE_CURVE ( 'NONE', #1665, #444, #371, .T. ) ;
#892 = AXIS2_PLACEMENT_3D ( 'NONE', #76, #1162, #890 ) ;
#893 = EDGE_LOOP ( 'NONE', ( #1340, #1175, #1465, #744 ) ) ;
#894 = EDGE_CURVE ( 'NONE', #208, #168, #235, .T. ) ;
#895 = DIRECTION ( 'NONE',  ( 1.000000000000000000, 0.0000000000000000000, 0.0000000000000000000 ) ) ;
#896 = CARTESIAN_POINT ( 'NONE',  ( 3.200000000000000178, 0.7500000000000000000, 0.1000000000000000056 ) ) ;
#897 = LINE ( 'NONE', #1431, #183 ) ;
#898 = DIRECTION ( 'NONE',  ( 0.0000000000000000000, 0.0000000000000000000, 1.000000000000000000 ) ) ;
#899 = DIRECTION ( 'NONE',  ( -1.000000000000000000, 0.0000000000000000000, 0.0000000000000000000 ) ) ;
#900 = VERTEX_POINT ( 'NONE', #506 ) ;
#901 = EDGE_CURVE ( 'NONE', #77, #88, #1306, .T. ) ;
#902 = ORIENTED_EDGE ( 'NONE', *, *, #430, .F. ) ;
#903 = CARTESIAN_POINT ( 'NONE',  ( 1.675000000000000044, -1.600000000000000089, 0.0000000000000000000 ) ) ;
#904 = VERTEX_POINT ( 'NONE', #211 ) ;
#905 = CARTESIAN_POINT ( 'NONE',  ( -3.200000000000000178, 1.500000000000000000, 0.0000000000000000000 ) ) ;
#906 = APPLICATION_CONTEXT ( 'automotive_design' ) ;
#907 = VERTEX_POINT ( 'NONE', #780 ) ;
#908 = CARTESIAN_POINT ( 'NONE',  ( -3.200000000000000178, -1.500000000000000000, 1.500000000000000000 ) ) ;
#909 = ADVANCED_FACE ( 'NONE', ( #1024 ), #1169, .F. ) ;
#910 = DIRECTION ( 'NONE',  ( 0.0000000000000000000, -1.000000000000000000, 0.0000000000000000000 ) ) ;
#911 = ORIENTED_EDGE ( 'NONE', *, *, #921, .F. ) ;
#912 = DIRECTION ( 'NONE',  ( -1.000000000000000000, 0.0000000000000000000, 0.0000000000000000000 ) ) ;
#913 = EDGE_LOOP ( 'NONE', ( #515, #291, #1530, #249 ) ) ;
#914 = AXIS2_PLACEMENT_3D ( 'NONE', #1516, #197, #164 ) ;
#915 = CARTESIAN_POINT ( 'NONE',  ( -1.800000000000000044, 1.500000000000000000, 0.0000000000000000000 ) ) ;
#916 = CIRCLE ( 'NONE', #1457, 0.5000000000000000000 ) ;
#917 = EDGE_LOOP ( 'NONE', ( #200, #1684, #1446, #613 ) ) ;
#918 =( GEOMETRIC_REPRESENTATION_CONTEXT ( 3 ) GLOBAL_UNCERTAINTY_ASSIGNED_CONTEXT ( ( #1263 ) ) GLOBAL_UNIT_ASSIGNED_CONTEXT ( ( #79, #1445, #1592 ) ) REPRESENTATION_CONTEXT ( 'NONE', 'WORKASPACE' ) );
#919 = CARTESIAN_POINT ( 'NONE',  ( -3.200000000000000178, 1.500000000000000000, 0.0000000000000000000 ) ) ;
#920 = CARTESIAN_POINT ( 'NONE',  ( -3.153553390593273775, 3.453553390593273598, 0.0000000000000000000 ) ) ;
#921 = EDGE_CURVE ( 'NONE', #505, #1716, #745, .T. ) ;
#922 = ORIENTED_EDGE ( 'NONE', *, *, #542, .F. ) ;
#923 = DIRECTION ( 'NONE',  ( 0.0000000000000000000, 0.0000000000000000000, 1.000000000000000000 ) ) ;
#924 = LINE ( 'NONE', #127, #1742 ) ;
#925 = CARTESIAN_POINT ( 'NONE',  ( 3.200000000000000178, 1.500000000000000000, 0.0000000000000000000 ) ) ;
#926 = ORIENTED_EDGE ( 'NONE', *, *, #335, .T. ) ;
#927 = DIRECTION ( 'NONE',  ( 0.0000000000000000000, -1.000000000000000000, 0.0000000000000000000 ) ) ;
#928 = EDGE_CURVE ( 'NONE', #1590, #161, #246, .T. ) ;
#929 = ORIENTED_EDGE ( 'NONE', *, *, #345, .T. ) ;
#930 = DIRECTION ( 'NONE',  ( -0.7071067811865482389, 0.0000000000000000000, -0.7071067811865466846 ) ) ;
#931 = CARTESIAN_POINT ( 'NONE',  ( 0.0000000000000000000, 0.0000000000000000000, 0.0000000000000000000 ) ) ;
#932 = ORIENTED_EDGE ( 'NONE', *, *, #8, .T. ) ;
#933 = CARTESIAN_POINT ( 'NONE',  ( -2.799999999999999822, 3.600000000000000089, 0.0000000000000000000 ) ) ;
#934 = DIRECTION ( 'NONE',  ( 0.0000000000000000000, 1.000000000000000000, 0.0000000000000000000 ) ) ;
#935 = VECTOR ( 'NONE', #1115, 1000.000000000000000 ) ;
#936 = ORIENTED_EDGE ( 'NONE', *, *, #146, .F. ) ;
#937 = CARTESIAN_POINT ( 'NONE',  ( 1.800000000000000044, -1.500000000000000000, 0.0000000000000000000 ) ) ;
#938 = VECTOR ( 'NONE', #405, 1000.000000000000000 ) ;
#939 = VECTOR ( 'NONE', #493, 1000.000000000000000 ) ;
#940 = EDGE_LOOP ( 'NONE', ( #278, #448, #1086, #961 ) ) ;
#941 = VECTOR ( 'NONE', #1121, 1000.000000000000000 ) ;
#942 = STYLED_ITEM ( 'NONE', ( #150 ), #949 ) ;
#943 = DIRECTION ( 'NONE',  ( 0.0000000000000000000, 0.0000000000000000000, -1.000000000000000000 ) ) ;
#944 = DIRECTION ( 'NONE',  ( 0.0000000000000000000, -1.000000000000000000, 0.0000000000000000000 ) ) ;
#945 = PRESENTATION_STYLE_ASSIGNMENT (( #121 ) ) ;
#946 = FACE_OUTER_BOUND ( 'NONE', #1288, .T. ) ;
#947 = CYLINDRICAL_SURFACE ( 'NONE', #134, 0.2000000000000000666 ) ;
#948 = ORIENTED_EDGE ( 'NONE', *, *, #1269, .T. ) ;
#949 = ADVANCED_BREP_SHAPE_REPRESENTATION ( '8F9143C3-0923-43CF-B089-6E86E5796502', ( #1037, #1687, #1697, #1019 ), #220 ) ;
#950 = EDGE_CURVE ( 'NONE', #463, #1098, #1315, .T. ) ;
#951 = CARTESIAN_POINT ( 'NONE',  ( 3.100000000000000089, 1.500000000000000000, 0.2000000000000000111 ) ) ;
#952 = CARTESIAN_POINT ( 'NONE',  ( 3.299999999999999822, 1.500000000000000000, 1.500000000000000000 ) ) ;
#953 = CARTESIAN_POINT ( 'NONE',  ( -3.299999999999999822, 1.500000000000000000, 0.0000000000000000000 ) ) ;
#954 = EDGE_LOOP ( 'NONE', ( #165, #1270, #736, #1627, #1588, #75, #1397, #130 ) ) ;
#955 = LINE ( 'NONE', #882, #1714 ) ;
#956 = ORIENTED_EDGE ( 'NONE', *, *, #757, .T. ) ;
#957 = CARTESIAN_POINT ( 'NONE',  ( -3.299999999999999822, -1.500000000000000000, 0.1000000000000000056 ) ) ;
#958 = EDGE_CURVE ( 'NONE', #475, #520, #1146, .T. ) ;
#959 = CARTESIAN_POINT ( 'NONE',  ( 3.299999999999999822, 3.600000000000000089, 3.000000000000000000 ) ) ;
#960 =( NAMED_UNIT ( * ) SI_UNIT ( $, .STERADIAN. ) SOLID_ANGLE_UNIT ( ) );
#961 = ORIENTED_EDGE ( 'NONE', *, *, #1676, .F. ) ;
#962 = VECTOR ( 'NONE', #1745, 1000.000000000000000 ) ;
#963 = VECTOR ( 'NONE', #49, 1000.000000000000000 ) ;
#964 = ORIENTED_EDGE ( 'NONE', *, *, #1224, .F. ) ;
#965 = DIRECTION ( 'NONE',  ( 0.7071067811865482389, 0.0000000000000000000, -0.7071067811865466846 ) ) ;
#966 =( GEOMETRIC_REPRESENTATION_CONTEXT ( 3 ) GLOBAL_UNCERTAINTY_ASSIGNED_CONTEXT ( ( #1385 ) ) GLOBAL_UNIT_ASSIGNED_CONTEXT ( ( #788, #424, #290 ) ) REPRESENTATION_CONTEXT ( 'NONE', 'WORKASPACE' ) );
#967 = CARTESIAN_POINT ( 'NONE',  ( -3.200000000000000178, 1.500000000000000000, 1.500000000000000000 ) ) ;
#968 = VECTOR ( 'NONE', #577, 1000.000000000000000 ) ;
#969 = DIRECTION ( 'NONE',  ( -0.7071067811865481278, 0.0000000000000000000, -0.7071067811865467956 ) ) ;
#970 = STYLED_ITEM ( 'NONE', ( #223 ), #1697 ) ;
#971 = EDGE_CURVE ( 'NONE', #714, #434, #1698, .T. ) ;
#972 = EDGE_LOOP ( 'NONE', ( #1356, #926, #1547, #1593 ) ) ;
#973 = DIRECTION ( 'NONE',  ( 1.000000000000000000, 0.0000000000000000000, 0.0000000000000000000 ) ) ;
#974 = ORIENTED_EDGE ( 'NONE', *, *, #140, .T. ) ;
#975 = DIRECTION ( 'NONE',  ( 0.0000000000000000000, 1.000000000000000000, 0.0000000000000000000 ) ) ;
#976 = DIRECTION ( 'NONE',  ( 1.000000000000000000, 0.0000000000000000000, 0.0000000000000000000 ) ) ;
#977 = CARTESIAN_POINT ( 'NONE',  ( 3.250000000000000000, 0.0000000000000000000, 1.500000000000000000 ) ) ;
#978 = EDGE_CURVE ( 'NONE', #1582, #1468, #1187, .T. ) ;
#979 = ORIENTED_EDGE ( 'NONE', *, *, #279, .F. ) ;
#980 = VERTEX_POINT ( 'NONE', #952 ) ;
#981 = LINE ( 'NONE', #1218, #688 ) ;
#982 = CARTESIAN_POINT ( 'NONE',  ( 3.200000000000000178, 1.500000000000000000, 0.0000000000000000000 ) ) ;
#983 = DIRECTION ( 'NONE',  ( 1.000000000000000000, 0.0000000000000000000, 0.0000000000000000000 ) ) ;
#984 = CARTESIAN_POINT ( 'NONE',  ( -3.299999999999999822, 1.500000000000000000, 1.500000000000000000 ) ) ;
#985 = ORIENTED_EDGE ( 'NONE', *, *, #971, .T. ) ;
#986 = DIRECTION ( 'NONE',  ( -0.0000000000000000000, 1.000000000000000000, 0.0000000000000000000 ) ) ;
#987 = CLOSED_SHELL ( 'NONE', ( #620, #1440, #25, #909, #1751, #1739, #1462, #846, #833, #1350, #1142, #643 ) ) ;
#988 = VERTEX_POINT ( 'NONE', #261 ) ;
#989 = DIRECTION ( 'NONE',  ( 0.0000000000000000000, 0.0000000000000000000, 1.000000000000000000 ) ) ;
#990 = AXIS2_PLACEMENT_3D ( 'NONE', #543, #293, #402 ) ;
#991 = LINE ( 'NONE', #63, #1190 ) ;
#992 = COLOUR_RGB ( '',0.6196078431372549211, 0.6196078431372549211, 0.6196078431372549211 ) ;
#993 = VECTOR ( 'NONE', #795, 1000.000000000000000 ) ;
#994 = DIRECTION ( 'NONE',  ( 0.0000000000000000000, -1.000000000000000000, 0.0000000000000000000 ) ) ;
#995 = VERTEX_POINT ( 'NONE', #1635 ) ;
#996 = CARTESIAN_POINT ( 'NONE',  ( -3.200000000000000178, -1.500000000000000000, 1.500000000000000000 ) ) ;
#997 = ORIENTED_EDGE ( 'NONE', *, *, #533, .T. ) ;
#998 = DIRECTION ( 'NONE',  ( 0.0000000000000000000, 0.0000000000000000000, 1.000000000000000000 ) ) ;
#999 = EDGE_CURVE ( 'NONE', #907, #1290, #797, .T. ) ;
#1000 = FACE_OUTER_BOUND ( 'NONE', #1545, .T. ) ;
#1001 = LINE ( 'NONE', #1550, #1188 ) ;
#1002 = ORIENTED_EDGE ( 'NONE', *, *, #1120, .T. ) ;
#1003 = DIRECTION ( 'NONE',  ( 0.0000000000000000000, 0.0000000000000000000, 1.000000000000000000 ) ) ;
#1004 = ORIENTED_EDGE ( 'NONE', *, *, #575, .F. ) ;
#1005 = DIRECTION ( 'NONE',  ( 1.000000000000000000, 0.0000000000000000000, 0.0000000000000000000 ) ) ;
#1006 = CARTESIAN_POINT ( 'NONE',  ( -2.799999999999999822, -3.600000000000000089, 3.000000000000000000 ) ) ;
#1007 = LINE ( 'NONE', #233, #663 ) ;
#1008 = EDGE_CURVE ( 'NONE', #47, #900, #804, .T. ) ;
#1009 = VERTEX_POINT ( 'NONE', #1220 ) ;
#1010 = VERTEX_POINT ( 'NONE', #1195 ) ;
#1011 = CARTESIAN_POINT ( 'NONE',  ( 3.299999999999999822, -1.500000000000000000, 0.1000000000000000056 ) ) ;
#1012 = CIRCLE ( 'NONE', #441, 0.5000000000000000000 ) ;
#1013 = CIRCLE ( 'NONE', #1244, 0.2000000000000000666 ) ;
#1014 = CARTESIAN_POINT ( 'NONE',  ( 3.299999999999999822, -1.500000000000000000, 1.500000000000000000 ) ) ;
#1015 = AXIS2_PLACEMENT_3D ( 'NONE', #1200, #1377, #1217 ) ;
#1016 = EDGE_CURVE ( 'NONE', #244, #1639, #2, .T. ) ;
#1017 = VECTOR ( 'NONE', #1336, 1000.000000000000000 ) ;
#1018 = ORIENTED_EDGE ( 'NONE', *, *, #78, .F. ) ;
#1019 = AXIS2_PLACEMENT_3D ( 'NONE', #931, #1473, #136 ) ;
#1020 = VERTEX_POINT ( 'NONE', #1479 ) ;
#1021 = DIRECTION ( 'NONE',  ( 1.000000000000000000, 0.0000000000000000000, 0.0000000000000000000 ) ) ;
#1022 = ORIENTED_EDGE ( 'NONE', *, *, #820, .T. ) ;
#1023 = UNCERTAINTY_MEASURE_WITH_UNIT (LENGTH_MEASURE( 1.000000000000000082E-05 ), #570, 'distance_accuracy_value', 'NONE');
#1024 = FACE_OUTER_BOUND ( 'NONE', #1729, .T. ) ;
#1025 = ORIENTED_EDGE ( 'NONE', *, *, #267, .T. ) ;
#1026 = EDGE_CURVE ( 'NONE', #803, #664, #1160, .T. ) ;
#1027 = ORIENTED_EDGE ( 'NONE', *, *, #749, .F. ) ;
#1028 = PLANE ( 'NONE',  #692 ) ;
#1029 = PLANE ( 'NONE',  #1357 ) ;
#1030 = ORIENTED_EDGE ( 'NONE', *, *, #409, .F. ) ;
#1031 = LINE ( 'NONE', #85, #742 ) ;
#1032 = FACE_OUTER_BOUND ( 'NONE', #472, .T. ) ;
#1033 = VERTEX_POINT ( 'NONE', #1203 ) ;
#1034 = LINE ( 'NONE', #908, #413 ) ;
#1035 = DIRECTION ( 'NONE',  ( 0.0000000000000000000, 0.0000000000000000000, 1.000000000000000000 ) ) ;
#1036 = ORIENTED_EDGE ( 'NONE', *, *, #1399, .T. ) ;
#1037 = MANIFOLD_SOLID_BREP ( 'L_ShouHan_CYA0630.STEP[1]', #1504 ) ;
#1038 = EDGE_CURVE ( 'NONE', #1402, #1458, #718, .T. ) ;
#1039 = LINE ( 'NONE', #919, #1017 ) ;
#1040 = EDGE_LOOP ( 'NONE', ( #756, #107, #848, #650 ) ) ;
#1041 = AXIS2_PLACEMENT_3D ( 'NONE', #1424, #496, #624 ) ;
#1042 = CARTESIAN_POINT ( 'NONE',  ( -3.200000000000000178, 1.500000000000000000, 1.500000000000000000 ) ) ;
#1043 = DIRECTION ( 'NONE',  ( 0.0000000000000000000, 0.0000000000000000000, 1.000000000000000000 ) ) ;
#1044 = CIRCLE ( 'NONE', #1274, 0.1000000000000000472 ) ;
#1045 = VERTEX_POINT ( 'NONE', #579 ) ;
#1046 = VECTOR ( 'NONE', #1099, 1000.000000000000000 ) ;
#1047 = PLANE ( 'NONE',  #576 ) ;
#1048 = AXIS2_PLACEMENT_3D ( 'NONE', #1730, #667, #519 ) ;
#1049 = DIRECTION ( 'NONE',  ( 0.0000000000000000000, 1.000000000000000000, 0.0000000000000000000 ) ) ;
#1050 = ORIENTED_EDGE ( 'NONE', *, *, #263, .T. ) ;
#1051 = COLOUR_RGB ( '',0.9843137254901960231, 0.9803921568627450567, 0.9607843137254902244 ) ;
#1052 = PLANE ( 'NONE',  #1048 ) ;
#1053 = ADVANCED_FACE ( 'NONE', ( #719 ), #1230, .T. ) ;
#1054 = DIRECTION ( 'NONE',  ( 0.0000000000000000000, 0.0000000000000000000, -1.000000000000000000 ) ) ;
#1055 = ORIENTED_EDGE ( 'NONE', *, *, #124, .F. ) ;
#1056 = CARTESIAN_POINT ( 'NONE',  ( -1.800000000000000044, -1.500000000000000000, 0.1000000000000000056 ) ) ;
#1057 = CARTESIAN_POINT ( 'NONE',  ( 1.800000000000000044, 1.500000000000000000, 0.0000000000000000000 ) ) ;
#1058 = EDGE_LOOP ( 'NONE', ( #386, #1411, #305, #1643 ) ) ;
#1059 = FACE_OUTER_BOUND ( 'NONE', #1, .T. ) ;
#1060 = EDGE_CURVE ( 'NONE', #737, #762, #851, .T. ) ;
#1061 = CARTESIAN_POINT ( 'NONE',  ( -3.153553390593273775, -3.453553390593273598, 3.000000000000000000 ) ) ;
#1062 = EDGE_CURVE ( 'NONE', #99, #1619, #189, .T. ) ;
#1063 = ORIENTED_EDGE ( 'NONE', *, *, #508, .T. ) ;
#1064 = CARTESIAN_POINT ( 'NONE',  ( 1.649999999999999911, 0.0000000000000000000, 3.000000000000000000 ) ) ;
#1065 = PLANE ( 'NONE',  #750 ) ;
#1066 = ORIENTED_EDGE ( 'NONE', *, *, #1323, .T. ) ;
#1067 = CARTESIAN_POINT ( 'NONE',  ( 3.299999999999999822, 1.500000000000000000, 0.0000000000000000000 ) ) ;
#1068 = FILL_AREA_STYLE ('',( #14 ) ) ;
#1069 = CIRCLE ( 'NONE', #238, 0.1000000000000000472 ) ;
#1070 = CARTESIAN_POINT ( 'NONE',  ( -3.299999999999999822, -1.600000000000000089, 0.1000000000000000056 ) ) ;
#1071 = EDGE_CURVE ( 'NONE', #31, #1345, #70, .T. ) ;
#1072 = VECTOR ( 'NONE', #373, 1000.000000000000000 ) ;
#1073 = SURFACE_SIDE_STYLE ('',( #1354 ) ) ;
#1074 = VECTOR ( 'NONE', #814, 1000.000000000000000 ) ;
#1075 = ORIENTED_EDGE ( 'NONE', *, *, #1495, .F. ) ;
#1076 = VECTOR ( 'NONE', #1225, 1000.000000000000000 ) ;
#1077 = CARTESIAN_POINT ( 'NONE',  ( -2.799999999999999822, 3.100000000000000089, 3.000000000000000000 ) ) ;
#1078 = CIRCLE ( 'NONE', #361, 0.5000000000000000000 ) ;
#1079 = DIRECTION ( 'NONE',  ( 1.000000000000000000, 0.0000000000000000000, 0.0000000000000000000 ) ) ;
#1080 = FACE_OUTER_BOUND ( 'NONE', #1154, .T. ) ;
#1081 = CARTESIAN_POINT ( 'NONE',  ( 1.699999999999999956, -1.600000000000000089, 0.0000000000000000000 ) ) ;
#1082 =( NAMED_UNIT ( * ) PLANE_ANGLE_UNIT ( ) SI_UNIT ( $, .RADIAN. ) );
#1083 = EDGE_CURVE ( 'NONE', #904, #1497, #1253, .T. ) ;
#1084 = ORIENTED_EDGE ( 'NONE', *, *, #511, .F. ) ;
#1085 = CARTESIAN_POINT ( 'NONE',  ( -1.800000000000000044, 1.500000000000000000, 0.1000000000000000056 ) ) ;
#1086 = ORIENTED_EDGE ( 'NONE', *, *, #1026, .F. ) ;
#1087 = DIRECTION ( 'NONE',  ( 1.000000000000000000, 0.0000000000000000000, 0.0000000000000000000 ) ) ;
#1088 = ADVANCED_FACE ( 'NONE', ( #40 ), #112, .T. ) ;
#1089 = DIRECTION ( 'NONE',  ( 1.000000000000000000, 0.0000000000000000000, 0.0000000000000000000 ) ) ;
#1090 = CARTESIAN_POINT ( 'NONE',  ( -3.100000000000000089, -1.500000000000000000, 0.2000000000000000111 ) ) ;
#1091 = DIRECTION ( 'NONE',  ( 0.0000000000000000000, 1.000000000000000000, 0.0000000000000000000 ) ) ;
#1092 = ORIENTED_EDGE ( 'NONE', *, *, #1464, .T. ) ;
#1093 = DIRECTION ( 'NONE',  ( 0.0000000000000000000, 0.0000000000000000000, 1.000000000000000000 ) ) ;
#1094 = ORIENTED_EDGE ( 'NONE', *, *, #349, .T. ) ;
#1095 = DIRECTION ( 'NONE',  ( 0.0000000000000000000, -1.000000000000000000, 0.0000000000000000000 ) ) ;
#1096 = EDGE_CURVE ( 'NONE', #664, #244, #1013, .T. ) ;
#1097 = DIRECTION ( 'NONE',  ( 0.0000000000000000000, -1.000000000000000000, 0.0000000000000000000 ) ) ;
#1098 = VERTEX_POINT ( 'NONE', #886 ) ;
#1099 = DIRECTION ( 'NONE',  ( 0.0000000000000000000, 0.0000000000000000000, 1.000000000000000000 ) ) ;
#1100 = ORIENTED_EDGE ( 'NONE', *, *, #1638, .T. ) ;
#1101 = AXIS2_PLACEMENT_3D ( 'NONE', #1678, #1649, #1251 ) ;
#1102 = VECTOR ( 'NONE', #870, 1000.000000000000000 ) ;
#1103 = DIRECTION ( 'NONE',  ( 0.0000000000000000000, 0.0000000000000000000, 1.000000000000000000 ) ) ;
#1104 = EDGE_LOOP ( 'NONE', ( #539, #1612, #1392, #1149 ) ) ;
#1105 = CARTESIAN_POINT ( 'NONE',  ( -1.800000000000000044, 1.500000000000000000, 0.1000000000000000056 ) ) ;
#1106 = AXIS2_PLACEMENT_3D ( 'NONE', #1725, #912, #1455 ) ;
#1107 = DIRECTION ( 'NONE',  ( -0.7071067811865475727, -0.7071067811865475727, 0.0000000000000000000 ) ) ;
#1108 = EDGE_CURVE ( 'NONE', #900, #687, #1421, .T. ) ;
#1109 = CARTESIAN_POINT ( 'NONE',  ( -3.200000000000000178, -1.500000000000000000, 0.1000000000000000056 ) ) ;
#1110 = VECTOR ( 'NONE', #1406, 1000.000000000000000 ) ;
#1111 = CARTESIAN_POINT ( 'NONE',  ( 3.200000000000000178, -1.500000000000000000, 0.0000000000000000000 ) ) ;
#1112 = EDGE_LOOP ( 'NONE', ( #922, #1738, #1370, #340 ) ) ;
#1113 = ORIENTED_EDGE ( 'NONE', *, *, #599, .T. ) ;
#1114 = CARTESIAN_POINT ( 'NONE',  ( -3.299999999999999822, 1.600000000000000089, 0.1000000000000000056 ) ) ;
#1115 = DIRECTION ( 'NONE',  ( 9.251858538542969116E-17, 1.000000000000000000, 0.0000000000000000000 ) ) ;
#1116 = EDGE_CURVE ( 'NONE', #254, #1716, #83, .T. ) ;
#1117 = DIRECTION ( 'NONE',  ( 0.0000000000000000000, -1.000000000000000000, 0.0000000000000000000 ) ) ;
#1118 = EDGE_CURVE ( 'NONE', #1279, #664, #1152, .T. ) ;
#1119 = EDGE_LOOP ( 'NONE', ( #113, #704, #400, #513 ) ) ;
#1120 = EDGE_CURVE ( 'NONE', #988, #714, #897, .T. ) ;
#1121 = DIRECTION ( 'NONE',  ( 0.0000000000000000000, 0.0000000000000000000, 1.000000000000000000 ) ) ;
#1122 = ORIENTED_EDGE ( 'NONE', *, *, #37, .T. ) ;
#1123 = CARTESIAN_POINT ( 'NONE',  ( 1.699999999999999956, -1.600000000000000089, 0.1000000000000000056 ) ) ;
#1124 = DIRECTION ( 'NONE',  ( 0.0000000000000000000, -1.000000000000000000, 0.0000000000000000000 ) ) ;
#1125 = ORIENTED_EDGE ( 'NONE', *, *, #109, .F. ) ;
#1126 = ADVANCED_FACE ( 'NONE', ( #92 ), #630, .T. ) ;
#1127 = VECTOR ( 'NONE', #1705, 1000.000000000000000 ) ;
#1128 = EDGE_LOOP ( 'NONE', ( #1231, #1055, #1379, #488 ) ) ;
#1129 = CARTESIAN_POINT ( 'NONE',  ( -1.699999999999999956, 0.8000000000000000444, 0.0000000000000000000 ) ) ;
#1130 = AXIS2_PLACEMENT_3D ( 'NONE', #1502, #1523, #296 ) ;
#1131 = CARTESIAN_POINT ( 'NONE',  ( -3.299999999999999822, -1.500000000000000000, 1.500000000000000000 ) ) ;
#1132 = VECTOR ( 'NONE', #53, 1000.000000000000000 ) ;
#1133 = CARTESIAN_POINT ( 'NONE',  ( -3.241421356237309759, -0.7500000000000000000, 0.05857864376269061174 ) ) ;
#1134 = CIRCLE ( 'NONE', #1510, 0.1000000000000000472 ) ;
#1135 = ORIENTED_EDGE ( 'NONE', *, *, #1071, .F. ) ;
#1136 = DIRECTION ( 'NONE',  ( -0.7071067811865475727, 0.7071067811865475727, 0.0000000000000000000 ) ) ;
#1137 = LINE ( 'NONE', #701, #1046 ) ;
#1138 = ORIENTED_EDGE ( 'NONE', *, *, #1248, .F. ) ;
#1139 = EDGE_CURVE ( 'NONE', #254, #434, #504, .T. ) ;
#1140 = CARTESIAN_POINT ( 'NONE',  ( 2.799999999999999822, -3.100000000000000089, 0.0000000000000000000 ) ) ;
#1141 = EDGE_LOOP ( 'NONE', ( #1036, #1549, #764, #554 ) ) ;
#1142 = ADVANCED_FACE ( 'NONE', ( #368 ), #1029, .F. ) ;
#1143 = DIRECTION ( 'NONE',  ( 0.0000000000000000000, -1.000000000000000000, 0.0000000000000000000 ) ) ;
#1144 = ORIENTED_EDGE ( 'NONE', *, *, #1327, .T. ) ;
#1145 = CARTESIAN_POINT ( 'NONE',  ( -3.299999999999999822, -3.600000000000000089, 0.0000000000000000000 ) ) ;
#1146 = LINE ( 'NONE', #1413, #1508 ) ;
#1147 = VERTEX_POINT ( 'NONE', #1689 ) ;
#1148 = DIRECTION ( 'NONE',  ( 0.0000000000000000000, 0.0000000000000000000, 1.000000000000000000 ) ) ;
#1149 = ORIENTED_EDGE ( 'NONE', *, *, #696, .T. ) ;
#1150 = DIRECTION ( 'NONE',  ( 0.7071067811865482389, 0.0000000000000000000, -0.7071067811865466846 ) ) ;
#1151 = EDGE_CURVE ( 'NONE', #1376, #88, #1747, .T. ) ;
#1152 = LINE ( 'NONE', #1133, #939 ) ;
#1153 = DIRECTION ( 'NONE',  ( 0.0000000000000000000, -1.000000000000000000, 0.0000000000000000000 ) ) ;
#1154 = EDGE_LOOP ( 'NONE', ( #1598, #1004, #1206, #784 ) ) ;
#1155 = ORIENTED_EDGE ( 'NONE', *, *, #1215, .F. ) ;
#1156 = VECTOR ( 'NONE', #1342, 1000.000000000000000 ) ;
#1157 = LINE ( 'NONE', #1713, #1278 ) ;
#1158 = DIRECTION ( 'NONE',  ( 0.0000000000000000000, 0.0000000000000000000, 1.000000000000000000 ) ) ;
#1159 = VECTOR ( 'NONE', #989, 1000.000000000000000 ) ;
#1160 = CIRCLE ( 'NONE', #1333, 0.2000000000000000666 ) ;
#1161 = ORIENTED_EDGE ( 'NONE', *, *, #921, .T. ) ;
#1162 = DIRECTION ( 'NONE',  ( 0.0000000000000000000, 0.0000000000000000000, -1.000000000000000000 ) ) ;
#1163 = VECTOR ( 'NONE', #923, 1000.000000000000000 ) ;
#1164 = ORIENTED_EDGE ( 'NONE', *, *, #783, .T. ) ;
#1165 = ORIENTED_EDGE ( 'NONE', *, *, #292, .F. ) ;
#1166 = FACE_OUTER_BOUND ( 'NONE', #817, .T. ) ;
#1167 = DIRECTION ( 'NONE',  ( 0.0000000000000000000, -1.000000000000000000, 0.0000000000000000000 ) ) ;
#1168 = DIRECTION ( 'NONE',  ( -0.7071067811865475727, 0.7071067811865475727, 0.0000000000000000000 ) ) ;
#1169 = PLANE ( 'NONE',  #1106 ) ;
#1170 = CARTESIAN_POINT ( 'NONE',  ( 2.799999999999999822, -3.600000000000000089, 3.000000000000000000 ) ) ;
#1171 = ORIENTED_EDGE ( 'NONE', *, *, #325, .T. ) ;
#1172 = DIRECTION ( 'NONE',  ( 0.0000000000000000000, 0.0000000000000000000, -1.000000000000000000 ) ) ;
#1173 = CARTESIAN_POINT ( 'NONE',  ( 3.153553390593273775, 3.453553390593273598, 0.0000000000000000000 ) ) ;
#1174 = DIRECTION ( 'NONE',  ( 1.000000000000000000, 0.0000000000000000000, 0.0000000000000000000 ) ) ;
#1175 = ORIENTED_EDGE ( 'NONE', *, *, #376, .T. ) ;
#1176 = CARTESIAN_POINT ( 'NONE',  ( 3.299999999999999822, -1.500000000000000000, 1.500000000000000000 ) ) ;
#1177 = CARTESIAN_POINT ( 'NONE',  ( -3.299999999999999822, 1.600000000000000089, 0.0000000000000000000 ) ) ;
#1178 = ORIENTED_EDGE ( 'NONE', *, *, #592, .T. ) ;
#1179 = CARTESIAN_POINT ( 'NONE',  ( -2.799999999999999822, -3.100000000000000089, 3.000000000000000000 ) ) ;
#1180 = CARTESIAN_POINT ( 'NONE',  ( 2.799999999999999822, -3.100000000000000089, 0.0000000000000000000 ) ) ;
#1181 = EDGE_CURVE ( 'NONE', #703, #1182, #1621, .T. ) ;
#1182 = VERTEX_POINT ( 'NONE', #920 ) ;
#1183 = CARTESIAN_POINT ( 'NONE',  ( 3.153553390593273775, -3.453553390593273598, 3.000000000000000000 ) ) ;
#1184 = VERTEX_POINT ( 'NONE', #1183 ) ;
#1185 = VECTOR ( 'NONE', #807, 1000.000000000000000 ) ;
#1186 = CARTESIAN_POINT ( 'NONE',  ( 3.100000000000000089, -0.7500000000000000000, 0.0000000000000000000 ) ) ;
#1187 = LINE ( 'NONE', #1615, #1074 ) ;
#1188 = VECTOR ( 'NONE', #1276, 1000.000000000000000 ) ;
#1189 = AXIS2_PLACEMENT_3D ( 'NONE', #1386, #598, #1124 ) ;
#1190 = VECTOR ( 'NONE', #1143, 1000.000000000000000 ) ;
#1191 = CARTESIAN_POINT ( 'NONE',  ( 2.799999999999999822, 3.100000000000000089, 3.000000000000000000 ) ) ;
#1192 = EDGE_LOOP ( 'NONE', ( #141, #350, #911, #1553 ) ) ;
#1193 = ADVANCED_FACE ( 'NONE', ( #1487 ), #391, .T. ) ;
#1194 = ORIENTED_EDGE ( 'NONE', *, *, #1008, .F. ) ;
#1195 = CARTESIAN_POINT ( 'NONE',  ( 2.799999999999999822, -3.600000000000000089, 0.0000000000000000000 ) ) ;
#1196 = ORIENTED_EDGE ( 'NONE', *, *, #1060, .T. ) ;
#1197 = CARTESIAN_POINT ( 'NONE',  ( 3.100000000000000089, -0.7500000000000000000, 0.2000000000000000111 ) ) ;
#1198 = DIRECTION ( 'NONE',  ( 0.0000000000000000000, -1.000000000000000000, 0.0000000000000000000 ) ) ;
#1199 = ORIENTED_EDGE ( 'NONE', *, *, #1464, .F. ) ;
#1200 = CARTESIAN_POINT ( 'NONE',  ( -3.250000000000000000, 0.0000000000000000000, 1.500000000000000000 ) ) ;
#1201 = ADVANCED_FACE ( 'NONE', ( #1059 ), #1208, .F. ) ;
#1202 = CARTESIAN_POINT ( 'NONE',  ( -3.100000000000000089, 0.7500000000000000000, 0.1000000000000000056 ) ) ;
#1203 = CARTESIAN_POINT ( 'NONE',  ( -3.299999999999999822, -3.100000000000000089, 3.000000000000000000 ) ) ;
#1204 = VERTEX_POINT ( 'NONE', #1476 ) ;
#1205 = LINE ( 'NONE', #10, #1534 ) ;
#1206 = ORIENTED_EDGE ( 'NONE', *, *, #364, .F. ) ;
#1207 = CARTESIAN_POINT ( 'NONE',  ( 1.699999999999999956, 1.600000000000000089, 0.1000000000000000056 ) ) ;
#1208 = PLANE ( 'NONE',  #184 ) ;
#1209 = LINE ( 'NONE', #967, #133 ) ;
#1210 = DIRECTION ( 'NONE',  ( 0.0000000000000000000, 0.0000000000000000000, 1.000000000000000000 ) ) ;
#1211 = CARTESIAN_POINT ( 'NONE',  ( 3.100000000000000089, 0.7500000000000000000, 0.2000000000000000111 ) ) ;
#1212 = VECTOR ( 'NONE', #207, 1000.000000000000000 ) ;
#1213 = CIRCLE ( 'NONE', #414, 0.2000000000000000666 ) ;
#1214 = ORIENTED_EDGE ( 'NONE', *, *, #950, .F. ) ;
#1215 = EDGE_CURVE ( 'NONE', #1468, #47, #659, .T. ) ;
#1216 = VECTOR ( 'NONE', #89, 1000.000000000000000 ) ;
#1217 = DIRECTION ( 'NONE',  ( 0.0000000000000000000, -1.000000000000000000, 0.0000000000000000000 ) ) ;
#1218 = CARTESIAN_POINT ( 'NONE',  ( -3.299999999999999822, 1.500000000000000000, 1.500000000000000000 ) ) ;
#1219 = LINE ( 'NONE', #1531, #935 ) ;
#1220 = CARTESIAN_POINT ( 'NONE',  ( -3.200000000000000178, -1.500000000000000000, 0.2000000000000000111 ) ) ;
#1221 = ORIENTED_EDGE ( 'NONE', *, *, #81, .F. ) ;
#1222 = DIRECTION ( 'NONE',  ( 0.0000000000000000000, 1.000000000000000000, 0.0000000000000000000 ) ) ;
#1223 = ORIENTED_EDGE ( 'NONE', *, *, #1616, .F. ) ;
#1224 = EDGE_CURVE ( 'NONE', #1744, #1283, #398, .T. ) ;
#1225 = DIRECTION ( 'NONE',  ( -1.000000000000000000, 0.0000000000000000000, 0.0000000000000000000 ) ) ;
#1226 = ORIENTED_EDGE ( 'NONE', *, *, #928, .T. ) ;
#1227 = CARTESIAN_POINT ( 'NONE',  ( 3.250000000000000000, 0.0000000000000000000, 1.500000000000000000 ) ) ;
#1228 = DIRECTION ( 'NONE',  ( 0.0000000000000000000, -1.000000000000000000, 0.0000000000000000000 ) ) ;
#1229 = CARTESIAN_POINT ( 'NONE',  ( -3.170710678118654702, 1.500000000000000000, 0.1292893218813452871 ) ) ;
#1230 = PLANE ( 'NONE',  #914 ) ;
#1231 = ORIENTED_EDGE ( 'NONE', *, *, #91, .F. ) ;
#1232 = ORIENTED_EDGE ( 'NONE', *, *, #1139, .T. ) ;
#1233 = EDGE_CURVE ( 'NONE', #1619, #1384, #272, .T. ) ;
#1234 = CARTESIAN_POINT ( 'NONE',  ( -3.299999999999999822, -1.500000000000000000, 0.0000000000000000000 ) ) ;
#1235 = EDGE_LOOP ( 'NONE', ( #1092, #1662, #1492, #562, #1221, #1063, #1674, #1242, #1262, #449 ) ) ;
#1236 = CARTESIAN_POINT ( 'NONE',  ( 3.299999999999999822, -1.800000000000000044, 0.1000000000000000056 ) ) ;
#1237 = PLANE ( 'NONE',  #747 ) ;
#1238 = DIRECTION ( 'NONE',  ( -1.000000000000000000, 0.0000000000000000000, 0.0000000000000000000 ) ) ;
#1239 = EDGE_LOOP ( 'NONE', ( #381, #1559, #673, #285 ) ) ;
#1240 = PLANE ( 'NONE',  #527 ) ;
#1241 = AXIS2_PLACEMENT_3D ( 'NONE', #326, #153, #983 ) ;
#1242 = ORIENTED_EDGE ( 'NONE', *, *, #409, .T. ) ;
#1243 = CIRCLE ( 'NONE', #128, 0.2000000000000000666 ) ;
#1244 = AXIS2_PLACEMENT_3D ( 'NONE', #228, #1439, #1704 ) ;
#1245 = DIRECTION ( 'NONE',  ( 0.7071067811865475727, -0.7071067811865475727, 0.0000000000000000000 ) ) ;
#1246 = ORIENTED_EDGE ( 'NONE', *, *, #791, .T. ) ;
#1247 = DIRECTION ( 'NONE',  ( 0.0000000000000000000, 0.0000000000000000000, 1.000000000000000000 ) ) ;
#1248 = EDGE_CURVE ( 'NONE', #167, #1045, #656, .T. ) ;
#1249 = AXIS2_PLACEMENT_3D ( 'NONE', #270, #1722, #118 ) ;
#1250 = DIRECTION ( 'NONE',  ( 0.0000000000000000000, -1.000000000000000000, 0.0000000000000000000 ) ) ;
#1251 = DIRECTION ( 'NONE',  ( -0.7071067811865475727, 0.7071067811865475727, 0.0000000000000000000 ) ) ;
#1252 = EDGE_CURVE ( 'NONE', #1577, #1335, #431, .T. ) ;
#1253 = LINE ( 'NONE', #51, #802 ) ;
#1254 = AXIS2_PLACEMENT_3D ( 'NONE', #587, #333, #1666 ) ;
#1255 = LINE ( 'NONE', #710, #1275 ) ;
#1256 = ORIENTED_EDGE ( 'NONE', *, *, #312, .T. ) ;
#1257 = PRESENTATION_STYLE_ASSIGNMENT (( #71 ) ) ;
#1258 = VERTEX_POINT ( 'NONE', #841 ) ;
#1259 = PLANE ( 'NONE',  #551 ) ;
#1260 = DIRECTION ( 'NONE',  ( 0.0000000000000000000, -1.000000000000000000, 0.0000000000000000000 ) ) ;
#1261 = EDGE_CURVE ( 'NONE', #845, #724, #1362, .T. ) ;
#1262 = ORIENTED_EDGE ( 'NONE', *, *, #582, .F. ) ;
#1263 = UNCERTAINTY_MEASURE_WITH_UNIT (LENGTH_MEASURE( 1.000000000000000082E-05 ), #79, 'distance_accuracy_value', 'NONE');
#1264 = CARTESIAN_POINT ( 'NONE',  ( -3.100000000000000089, 1.500000000000000000, 0.1000000000000000056 ) ) ;
#1265 = ORIENTED_EDGE ( 'NONE', *, *, #1083, .F. ) ;
#1266 = DIRECTION ( 'NONE',  ( -1.000000000000000000, 0.0000000000000000000, 0.0000000000000000000 ) ) ;
#1267 = CARTESIAN_POINT ( 'NONE',  ( 3.100000000000000089, -1.500000000000000000, 0.0000000000000000000 ) ) ;
#1268 = DIRECTION ( 'NONE',  ( 0.7071067811865475727, 0.7071067811865475727, 0.0000000000000000000 ) ) ;
#1269 = EDGE_CURVE ( 'NONE', #869, #1590, #451, .T. ) ;
#1270 = ORIENTED_EDGE ( 'NONE', *, *, #320, .T. ) ;
#1271 = FILL_AREA_STYLE ('',( #185 ) ) ;
#1272 = ORIENTED_EDGE ( 'NONE', *, *, #599, .F. ) ;
#1273 = CARTESIAN_POINT ( 'NONE',  ( 3.153553390593273775, -3.453553390593273598, 0.0000000000000000000 ) ) ;
#1274 = AXIS2_PLACEMENT_3D ( 'NONE', #1658, #429, #1361 ) ;
#1275 = VECTOR ( 'NONE', #569, 1000.000000000000000 ) ;
#1276 = DIRECTION ( 'NONE',  ( 0.0000000000000000000, -1.000000000000000000, 0.0000000000000000000 ) ) ;
#1277 = DIRECTION ( 'NONE',  ( 0.0000000000000000000, 1.000000000000000000, 0.0000000000000000000 ) ) ;
#1278 = VECTOR ( 'NONE', #1021, 1000.000000000000000 ) ;
#1279 = VERTEX_POINT ( 'NONE', #1347 ) ;
#1280 = CYLINDRICAL_SURFACE ( 'NONE', #268, 0.1000000000000000472 ) ;
#1281 = PRODUCT_DEFINITION_CONTEXT ( 'detailed design', #906, 'design' ) ;
#1282 = COLOUR_RGB ( '',0.9843137254901960231, 0.9803921568627450567, 0.9607843137254902244 ) ;
#1283 = VERTEX_POINT ( 'NONE', #1381 ) ;
#1284 = CARTESIAN_POINT ( 'NONE',  ( 3.299999999999999822, -0.7500000000000000000, 0.2000000000000000111 ) ) ;
#1285 = ORIENTED_EDGE ( 'NONE', *, *, #1316, .T. ) ;
#1286 = FACE_OUTER_BOUND ( 'NONE', #257, .T. ) ;
#1287 = LINE ( 'NONE', #196, #887 ) ;
#1288 = EDGE_LOOP ( 'NONE', ( #518, #867, #44, #1246 ) ) ;
#1289 = FACE_OUTER_BOUND ( 'NONE', #34, .T. ) ;
#1290 = VERTEX_POINT ( 'NONE', #566 ) ;
#1291 = EDGE_LOOP ( 'NONE', ( #534, #115, #1606, #657 ) ) ;
#1292 = DIRECTION ( 'NONE',  ( 1.000000000000000000, 0.0000000000000000000, 0.0000000000000000000 ) ) ;
#1293 = DIRECTION ( 'NONE',  ( 1.000000000000000000, 0.0000000000000000000, 0.0000000000000000000 ) ) ;
#1294 = DIRECTION ( 'NONE',  ( -1.000000000000000000, 0.0000000000000000000, 0.0000000000000000000 ) ) ;
#1295 = EDGE_LOOP ( 'NONE', ( #294, #363, #888, #726 ) ) ;
#1296 = DIRECTION ( 'NONE',  ( 0.0000000000000000000, 0.0000000000000000000, 1.000000000000000000 ) ) ;
#1297 = CARTESIAN_POINT ( 'NONE',  ( -3.170710678118654702, 0.7500000000000000000, 0.1292893218813452871 ) ) ;
#1298 = ORIENTED_EDGE ( 'NONE', *, *, #855, .F. ) ;
#1299 = VECTOR ( 'NONE', #1293, 1000.000000000000000 ) ;
#1300 = DIRECTION ( 'NONE',  ( -0.7071067811865481278, 0.0000000000000000000, -0.7071067811865467956 ) ) ;
#1301 = AXIS2_PLACEMENT_3D ( 'NONE', #425, #1498, #930 ) ;
#1302 = CARTESIAN_POINT ( 'NONE',  ( -2.850000000000000089, -1.500000000000000000, 0.1000000000000000056 ) ) ;
#1303 = STYLED_ITEM ( 'NONE', ( #945 ), #1037 ) ;
#1304 = ORIENTED_EDGE ( 'NONE', *, *, #530, .T. ) ;
#1305 = ADVANCED_FACE ( 'NONE', ( #682 ), #416, .F. ) ;
#1306 = LINE ( 'NONE', #1581, #471 ) ;
#1307 = VECTOR ( 'NONE', #163, 1000.000000000000000 ) ;
#1308 = EDGE_LOOP ( 'NONE', ( #695, #1691, #221, #1265, #644, #1194, #1155, #454, #627, #342 ) ) ;
#1309 = DIRECTION ( 'NONE',  ( -0.7071067811865482389, 0.0000000000000000000, -0.7071067811865466846 ) ) ;
#1310 =( LENGTH_UNIT ( ) NAMED_UNIT ( * ) SI_UNIT ( .MILLI., .METRE. ) );
#1311 = LINE ( 'NONE', #111, #45 ) ;
#1312 = DIRECTION ( 'NONE',  ( -1.000000000000000000, 9.251858538542969116E-17, 0.0000000000000000000 ) ) ;
#1313 = ORIENTED_EDGE ( 'NONE', *, *, #547, .F. ) ;
#1314 = CARTESIAN_POINT ( 'NONE',  ( 3.100000000000000089, 1.500000000000000000, 0.1000000000000000056 ) ) ;
#1315 = LINE ( 'NONE', #1177, #1570 ) ;
#1316 = EDGE_CURVE ( 'NONE', #594, #295, #1648, .T. ) ;
#1317 = ORIENTED_EDGE ( 'NONE', *, *, #1083, .T. ) ;
#1318 = CARTESIAN_POINT ( 'NONE',  ( -1.699999999999999956, 1.600000000000000089, 0.1000000000000000056 ) ) ;
#1319 = FACE_OUTER_BOUND ( 'NONE', #1239, .T. ) ;
#1320 = ORIENTED_EDGE ( 'NONE', *, *, #1151, .F. ) ;
#1321 = DIRECTION ( 'NONE',  ( 0.0000000000000000000, 1.000000000000000000, 0.0000000000000000000 ) ) ;
#1322 = ORIENTED_EDGE ( 'NONE', *, *, #399, .T. ) ;
#1323 = EDGE_CURVE ( 'NONE', #900, #904, #1134, .T. ) ;
#1324 = DIRECTION ( 'NONE',  ( 0.0000000000000000000, 0.0000000000000000000, 1.000000000000000000 ) ) ;
#1325 = CARTESIAN_POINT ( 'NONE',  ( 3.299999999999999822, 1.500000000000000000, 0.0000000000000000000 ) ) ;
#1326 = ORIENTED_EDGE ( 'NONE', *, *, #1517, .F. ) ;
#1327 = EDGE_CURVE ( 'NONE', #168, #418, #1209, .T. ) ;
#1328 = VECTOR ( 'NONE', #944, 1000.000000000000000 ) ;
#1329 = ORIENTED_EDGE ( 'NONE', *, *, #675, .T. ) ;
#1330 = VECTOR ( 'NONE', #1543, 1000.000000000000000 ) ;
#1331 = CARTESIAN_POINT ( 'NONE',  ( 3.200000000000000178, 1.500000000000000000, 0.0000000000000000000 ) ) ;
#1332 = CIRCLE ( 'NONE', #607, 0.1000000000000000472 ) ;
#1333 = AXIS2_PLACEMENT_3D ( 'NONE', #1090, #676, #684 ) ;
#1334 = LINE ( 'NONE', #953, #41 ) ;
#1335 = VERTEX_POINT ( 'NONE', #145 ) ;
#1336 = DIRECTION ( 'NONE',  ( 0.0000000000000000000, 0.0000000000000000000, 1.000000000000000000 ) ) ;
#1337 = CARTESIAN_POINT ( 'NONE',  ( 4.899999999999999467, -1.600000000000000089, 0.1000000000000000056 ) ) ;
#1338 = DIRECTION ( 'NONE',  ( 0.0000000000000000000, 0.0000000000000000000, 1.000000000000000000 ) ) ;
#1339 = DIRECTION ( 'NONE',  ( -0.7071067811865482389, 0.0000000000000000000, -0.7071067811865466846 ) ) ;
#1340 = ORIENTED_EDGE ( 'NONE', *, *, #154, .F. ) ;
#1341 = ADVANCED_FACE ( 'NONE', ( #1080 ), #558, .T. ) ;
#1342 = DIRECTION ( 'NONE',  ( 1.000000000000000000, 0.0000000000000000000, 0.0000000000000000000 ) ) ;
#1343 = FACE_OUTER_BOUND ( 'NONE', #1427, .T. ) ;
#1344 = FILL_AREA_STYLE_COLOUR ( '', #1051 ) ;
#1345 = VERTEX_POINT ( 'NONE', #170 ) ;
#1346 = CARTESIAN_POINT ( 'NONE',  ( 3.299999999999999822, -1.500000000000000000, 0.0000000000000000000 ) ) ;
#1347 = CARTESIAN_POINT ( 'NONE',  ( -3.241421356237309759, 1.500000000000000000, 0.05857864376269063950 ) ) ;
#1348 = LINE ( 'NONE', #1373, #1709 ) ;
#1349 = DIRECTION ( 'NONE',  ( 0.7071067811865481278, 0.0000000000000000000, -0.7071067811865467956 ) ) ;
#1350 = ADVANCED_FACE ( 'NONE', ( #309 ), #717, .F. ) ;
#1351 = CIRCLE ( 'NONE', #213, 0.5000000000000000000 ) ;
#1352 = FACE_OUTER_BOUND ( 'NONE', #1058, .T. ) ;
#1353 = VECTOR ( 'NONE', #1158, 1000.000000000000000 ) ;
#1354 = SURFACE_STYLE_FILL_AREA ( #544 ) ;
#1355 = AXIS2_PLACEMENT_3D ( 'NONE', #905, #899, #1426 ) ;
#1356 = ORIENTED_EDGE ( 'NONE', *, *, #547, .T. ) ;
#1357 = AXIS2_PLACEMENT_3D ( 'NONE', #1451, #1312, #347 ) ;
#1358 = LINE ( 'NONE', #1234, #389 ) ;
#1359 = EDGE_LOOP ( 'NONE', ( #837, #560, #366, #1030 ) ) ;
#1360 = VECTOR ( 'NONE', #480, 1000.000000000000000 ) ;
#1361 = DIRECTION ( 'NONE',  ( -0.7071067811865481278, 0.0000000000000000000, -0.7071067811865467956 ) ) ;
#1362 = LINE ( 'NONE', #1488, #445 ) ;
#1363 = LINE ( 'NONE', #39, #327 ) ;
#1364 = ORIENTED_EDGE ( 'NONE', *, *, #675, .F. ) ;
#1365 = CARTESIAN_POINT ( 'NONE',  ( 1.699999999999999956, 1.600000000000000089, 0.0000000000000000000 ) ) ;
#1366 = ADVANCED_FACE ( 'NONE', ( #590 ), #1237, .T. ) ;
#1367 = FACE_OUTER_BOUND ( 'NONE', #573, .T. ) ;
#1368 = ORIENTED_EDGE ( 'NONE', *, *, #1261, .T. ) ;
#1369 = LINE ( 'NONE', #1493, #275 ) ;
#1370 = ORIENTED_EDGE ( 'NONE', *, *, #198, .T. ) ;
#1371 = DIRECTION ( 'NONE',  ( -0.7071067811865481278, 0.0000000000000000000, -0.7071067811865467956 ) ) ;
#1372 = CARTESIAN_POINT ( 'NONE',  ( -3.299999999999999822, 1.500000000000000000, 0.0000000000000000000 ) ) ;
#1373 = CARTESIAN_POINT ( 'NONE',  ( -3.299999999999999822, -1.800000000000000044, 0.1000000000000000056 ) ) ;
#1374 = CARTESIAN_POINT ( 'NONE',  ( -1.800000000000000044, -1.500000000000000000, 0.1000000000000000056 ) ) ;
#1375 = EDGE_CURVE ( 'NONE', #1509, #375, #102, .T. ) ;
#1376 = VERTEX_POINT ( 'NONE', #621 ) ;
#1377 = DIRECTION ( 'NONE',  ( 0.0000000000000000000, 0.0000000000000000000, -1.000000000000000000 ) ) ;
#1378 = EDGE_CURVE ( 'NONE', #1509, #1645, #727, .T. ) ;
#1379 = ORIENTED_EDGE ( 'NONE', *, *, #563, .T. ) ;
#1380 = CARTESIAN_POINT ( 'NONE',  ( 3.153553390593273775, -3.453553390593273598, 0.0000000000000000000 ) ) ;
#1381 = CARTESIAN_POINT ( 'NONE',  ( 3.200000000000000178, 1.500000000000000000, 1.500000000000000000 ) ) ;
#1382 = EDGE_CURVE ( 'NONE', #167, #47, #991, .T. ) ;
#1383 = CARTESIAN_POINT ( 'NONE',  ( -3.299999999999999822, -3.600000000000000089, 3.000000000000000000 ) ) ;
#1384 = VERTEX_POINT ( 'NONE', #1541 ) ;
#1385 = UNCERTAINTY_MEASURE_WITH_UNIT (LENGTH_MEASURE( 1.000000000000000082E-05 ), #788, 'distance_accuracy_value', 'NONE');
#1386 = CARTESIAN_POINT ( 'NONE',  ( -2.550000000000000266, -2.775557561562889872E-16, 0.1000000000000000056 ) ) ;
#1387 = VECTOR ( 'NONE', #1089, 1000.000000000000000 ) ;
#1388 = ORIENTED_EDGE ( 'NONE', *, *, #1378, .T. ) ;
#1389 = AXIS2_PLACEMENT_3D ( 'NONE', #1197, #1091, #1506 ) ;
#1390 = VECTOR ( 'NONE', #172, 1000.000000000000000 ) ;
#1391 = CARTESIAN_POINT ( 'NONE',  ( 3.299999999999999822, 1.500000000000000000, 0.1000000000000000056 ) ) ;
#1392 = ORIENTED_EDGE ( 'NONE', *, *, #440, .F. ) ;
#1393 = VECTOR ( 'NONE', #22, 1000.000000000000000 ) ;
#1394 = ADVANCED_FACE ( 'NONE', ( #1000 ), #1569, .F. ) ;
#1395 = CARTESIAN_POINT ( 'NONE',  ( -1.699999999999999956, -1.600000000000000089, 0.1000000000000000056 ) ) ;
#1396 = DIRECTION ( 'NONE',  ( 0.0000000000000000000, 0.0000000000000000000, 1.000000000000000000 ) ) ;
#1397 = ORIENTED_EDGE ( 'NONE', *, *, #1529, .F. ) ;
#1398 = CARTESIAN_POINT ( 'NONE',  ( 1.800000000000000044, -1.500000000000000000, 0.0000000000000000000 ) ) ;
#1399 = EDGE_CURVE ( 'NONE', #1098, #907, #195, .T. ) ;
#1400 = DIRECTION ( 'NONE',  ( 0.7071067811865475727, 0.7071067811865475727, 0.0000000000000000000 ) ) ;
#1401 = DIRECTION ( 'NONE',  ( 0.0000000000000000000, 1.000000000000000000, 0.0000000000000000000 ) ) ;
#1402 = VERTEX_POINT ( 'NONE', #760 ) ;
#1403 = CYLINDRICAL_SURFACE ( 'NONE', #15, 0.5000000000000000000 ) ;
#1404 = APPLICATION_PROTOCOL_DEFINITION ( 'draft international standard', 'automotive_design', 1998, #906 ) ;
#1405 = ORIENTED_EDGE ( 'NONE', *, *, #364, .T. ) ;
#1406 = DIRECTION ( 'NONE',  ( 0.0000000000000000000, -1.000000000000000000, 0.0000000000000000000 ) ) ;
#1407 = VERTEX_POINT ( 'NONE', #1695 ) ;
#1408 = LINE ( 'NONE', #343, #1102 ) ;
#1409 = CARTESIAN_POINT ( 'NONE',  ( 3.200000000000000178, -1.500000000000000000, 0.0000000000000000000 ) ) ;
#1410 = DIRECTION ( 'NONE',  ( 0.0000000000000000000, 0.0000000000000000000, -1.000000000000000000 ) ) ;
#1411 = ORIENTED_EDGE ( 'NONE', *, *, #245, .T. ) ;
#1412 = DIRECTION ( 'NONE',  ( 0.0000000000000000000, 0.0000000000000000000, -1.000000000000000000 ) ) ;
#1413 = CARTESIAN_POINT ( 'NONE',  ( 3.299999999999999822, 1.600000000000000089, 0.0000000000000000000 ) ) ;
#1414 = EDGE_CURVE ( 'NONE', #854, #208, #483, .T. ) ;
#1415 = VERTEX_POINT ( 'NONE', #1006 ) ;
#1416 = VECTOR ( 'NONE', #131, 1000.000000000000000 ) ;
#1417 = ORIENTED_EDGE ( 'NONE', *, *, #1316, .F. ) ;
#1418 = VECTOR ( 'NONE', #645, 1000.000000000000000 ) ;
#1419 = DIRECTION ( 'NONE',  ( 0.0000000000000000000, 1.000000000000000000, 0.0000000000000000000 ) ) ;
#1420 = AXIS2_PLACEMENT_3D ( 'NONE', #584, #1651, #43 ) ;
#1421 = LINE ( 'NONE', #234, #1480 ) ;
#1422 = AXIS2_PLACEMENT_3D ( 'NONE', #879, #1410, #1752 ) ;
#1423 = EDGE_LOOP ( 'NONE', ( #1364, #1443, #1320, #356 ) ) ;
#1424 = CARTESIAN_POINT ( 'NONE',  ( -2.799999999999999822, -3.100000000000000089, 0.0000000000000000000 ) ) ;
#1425 = UNCERTAINTY_MEASURE_WITH_UNIT (LENGTH_MEASURE( 1.000000000000000082E-05 ), #1618, 'distance_accuracy_value', 'NONE');
#1426 = DIRECTION ( 'NONE',  ( 0.0000000000000000000, 0.0000000000000000000, 1.000000000000000000 ) ) ;
#1427 = EDGE_LOOP ( 'NONE', ( #936, #771, #810, #1135, #36, #9, #1094, #143, #19, #1329, #979, #873 ) ) ;
#1428 = ADVANCED_FACE ( 'NONE', ( #459 ), #1560, .T. ) ;
#1429 = FACE_OUTER_BOUND ( 'NONE', #711, .T. ) ;
#1430 = LINE ( 'NONE', #735, #1353 ) ;
#1431 = CARTESIAN_POINT ( 'NONE',  ( -4.899999999999999467, -1.600000000000000089, 0.1000000000000000056 ) ) ;
#1432 = DIRECTION ( 'NONE',  ( 1.000000000000000000, 0.0000000000000000000, 0.0000000000000000000 ) ) ;
#1433 = CARTESIAN_POINT ( 'NONE',  ( 3.299999999999999822, 1.500000000000000000, 1.500000000000000000 ) ) ;
#1434 = EDGE_LOOP ( 'NONE', ( #1441, #1388, #321, #1526 ) ) ;
#1435 = PRODUCT_RELATED_PRODUCT_CATEGORY ( 'part', '', ( #1663 ) ) ;
#1436 = ORIENTED_EDGE ( 'NONE', *, *, #453, .F. ) ;
#1437 = ADVANCED_FACE ( 'NONE', ( #1286 ), #1259, .F. ) ;
#1438 = CARTESIAN_POINT ( 'NONE',  ( 3.200000000000000178, 1.500000000000000000, 1.500000000000000000 ) ) ;
#1439 = DIRECTION ( 'NONE',  ( 0.0000000000000000000, -1.000000000000000000, 0.0000000000000000000 ) ) ;
#1440 = ADVANCED_FACE ( 'NONE', ( #639 ), #785, .F. ) ;
#1441 = ORIENTED_EDGE ( 'NONE', *, *, #462, .T. ) ;
#1442 = LINE ( 'NONE', #763, #632 ) ;
#1443 = ORIENTED_EDGE ( 'NONE', *, *, #901, .T. ) ;
#1444 = DIRECTION ( 'NONE',  ( 0.0000000000000000000, -1.000000000000000000, 0.0000000000000000000 ) ) ;
#1445 =( NAMED_UNIT ( * ) PLANE_ANGLE_UNIT ( ) SI_UNIT ( $, .RADIAN. ) );
#1446 = ORIENTED_EDGE ( 'NONE', *, *, #174, .T. ) ;
#1447 = VECTOR ( 'NONE', #1614, 1000.000000000000000 ) ;
#1448 = DIRECTION ( 'NONE',  ( -0.7071067811865482389, 0.0000000000000000000, -0.7071067811865466846 ) ) ;
#1449 = ADVANCED_FACE ( 'NONE', ( #1166 ), #388, .T. ) ;
#1450 = VECTOR ( 'NONE', #1167, 1000.000000000000000 ) ;
#1451 = CARTESIAN_POINT ( 'NONE',  ( -1.800000000000000044, 1.500000000000000000, 0.0000000000000000000 ) ) ;
#1452 = VECTOR ( 'NONE', #1706, 1000.000000000000000 ) ;
#1453 = ORIENTED_EDGE ( 'NONE', *, *, #582, .T. ) ;
#1454 = DIRECTION ( 'NONE',  ( -1.000000000000000000, 0.0000000000000000000, 0.0000000000000000000 ) ) ;
#1455 = DIRECTION ( 'NONE',  ( 0.0000000000000000000, 0.0000000000000000000, 1.000000000000000000 ) ) ;
#1456 = VECTOR ( 'NONE', #1486, 1000.000000000000000 ) ;
#1457 = AXIS2_PLACEMENT_3D ( 'NONE', #1140, #1148, #1245 ) ;
#1458 = VERTEX_POINT ( 'NONE', #397 ) ;
#1459 = FACE_OUTER_BOUND ( 'NONE', #522, .T. ) ;
#1460 = DIRECTION ( 'NONE',  ( 0.7071067811865475727, -0.7071067811865475727, 0.0000000000000000000 ) ) ;
#1461 = ORIENTED_EDGE ( 'NONE', *, *, #227, .T. ) ;
#1462 = ADVANCED_FACE ( 'NONE', ( #512 ), #1028, .F. ) ;
#1463 = ORIENTED_EDGE ( 'NONE', *, *, #1224, .T. ) ;
#1464 = EDGE_CURVE ( 'NONE', #1639, #1279, #583, .T. ) ;
#1465 = ORIENTED_EDGE ( 'NONE', *, *, #287, .T. ) ;
#1466 = EDGE_CURVE ( 'NONE', #759, #640, #1311, .T. ) ;
#1467 = PLANE ( 'NONE',  #1542 ) ;
#1468 = VERTEX_POINT ( 'NONE', #1741 ) ;
#1469 = CARTESIAN_POINT ( 'NONE',  ( 3.200000000000000178, -1.500000000000000000, 1.500000000000000000 ) ) ;
#1470 = CARTESIAN_POINT ( 'NONE',  ( 4.799999999999999822, -1.500000000000000000, 0.1000000000000000056 ) ) ;
#1471 = DIRECTION ( 'NONE',  ( 0.0000000000000000000, 1.000000000000000000, 0.0000000000000000000 ) ) ;
#1472 = ADVANCED_FACE ( 'NONE', ( #528 ), #1052, .T. ) ;
#1473 = DIRECTION ( 'NONE',  ( 0.0000000000000000000, 0.0000000000000000000, 1.000000000000000000 ) ) ;
#1474 = ORIENTED_EDGE ( 'NONE', *, *, #263, .F. ) ;
#1475 = CARTESIAN_POINT ( 'NONE',  ( -3.100000000000000089, 0.7500000000000000000, 0.2000000000000000111 ) ) ;
#1476 = CARTESIAN_POINT ( 'NONE',  ( 3.299999999999999822, 1.500000000000000000, 0.2000000000000000111 ) ) ;
#1477 = AXIS2_PLACEMENT_3D ( 'NONE', #559, #318, #452 ) ;
#1478 = VECTOR ( 'NONE', #1079, 1000.000000000000000 ) ;
#1479 = CARTESIAN_POINT ( 'NONE',  ( -3.299999999999999822, 1.500000000000000000, 0.2000000000000000111 ) ) ;
#1480 = VECTOR ( 'NONE', #1277, 1000.000000000000000 ) ;
#1481 = ORIENTED_EDGE ( 'NONE', *, *, #430, .T. ) ;
#1482 = VECTOR ( 'NONE', #1174, 1000.000000000000000 ) ;
#1483 = DIRECTION ( 'NONE',  ( 1.000000000000000000, 0.0000000000000000000, 0.0000000000000000000 ) ) ;
#1484 = EDGE_CURVE ( 'NONE', #793, #505, #1039, .T. ) ;
#1485 = ORIENTED_EDGE ( 'NONE', *, *, #1120, .F. ) ;
#1486 = DIRECTION ( 'NONE',  ( -1.000000000000000000, 0.0000000000000000000, 0.0000000000000000000 ) ) ;
#1487 = FACE_OUTER_BOUND ( 'NONE', #1434, .T. ) ;
#1488 = CARTESIAN_POINT ( 'NONE',  ( 1.699999999999999956, 0.8000000000000000444, 0.0000000000000000000 ) ) ;
#1489 = LINE ( 'NONE', #661, #179 ) ;
#1490 = PLANE ( 'NONE',  #1681 ) ;
#1491 =( NAMED_UNIT ( * ) PLANE_ANGLE_UNIT ( ) SI_UNIT ( $, .RADIAN. ) );
#1492 = ORIENTED_EDGE ( 'NONE', *, *, #653, .T. ) ;
#1493 = CARTESIAN_POINT ( 'NONE',  ( 3.299999999999999822, -1.800000000000000044, 1.500000000000000000 ) ) ;
#1494 = LINE ( 'NONE', #1105, #1478 ) ;
#1495 = EDGE_CURVE ( 'NONE', #1009, #418, #126, .T. ) ;
#1496 = LINE ( 'NONE', #536, #1447 ) ;
#1497 = VERTEX_POINT ( 'NONE', #1469 ) ;
#1498 = DIRECTION ( 'NONE',  ( 0.0000000000000000000, -1.000000000000000000, 0.0000000000000000000 ) ) ;
#1499 = ORIENTED_EDGE ( 'NONE', *, *, #1647, .F. ) ;
#1500 = DIRECTION ( 'NONE',  ( -0.7071067811865475727, 0.7071067811865475727, 0.0000000000000000000 ) ) ;
#1501 = ORIENTED_EDGE ( 'NONE', *, *, #138, .F. ) ;
#1502 = CARTESIAN_POINT ( 'NONE',  ( 2.500000000000000000, -2.775557561562889872E-16, 0.1000000000000000056 ) ) ;
#1503 = EDGE_CURVE ( 'NONE', #510, #793, #1157, .T. ) ;
#1504 = CLOSED_SHELL ( 'NONE', ( #836, #1428, #1088, #1650, #1341, #702, #1126, #872, #190, #1544, #1472, #484, #1702, #1576, #1201, #1718, #1449, #666, #739, #212, #1683, #1437, #801, #494, #477, #1394, #1305, #1631, #1053, #604 ) ) ;
#1505 = ORIENTED_EDGE ( 'NONE', *, *, #1607, .T. ) ;
#1506 = DIRECTION ( 'NONE',  ( 0.7071067811865482389, 0.0000000000000000000, -0.7071067811865466846 ) ) ;
#1507 = AXIS2_PLACEMENT_3D ( 'NONE', #561, #1617, #799 ) ;
#1508 = VECTOR ( 'NONE', #1600, 1000.000000000000000 ) ;
#1509 = VERTEX_POINT ( 'NONE', #1655 ) ;
#1510 = AXIS2_PLACEMENT_3D ( 'NONE', #297, #1515, #281 ) ;
#1511 = FACE_OUTER_BOUND ( 'NONE', #564, .T. ) ;
#1512 = ORIENTED_EDGE ( 'NONE', *, *, #50, .T. ) ;
#1513 = COLOUR_RGB ( '',0.9843137254901960231, 0.9803921568627450567, 0.9607843137254902244 ) ;
#1514 = PLANE ( 'NONE',  #633 ) ;
#1515 = DIRECTION ( 'NONE',  ( 0.0000000000000000000, -1.000000000000000000, 0.0000000000000000000 ) ) ;
#1516 = CARTESIAN_POINT ( 'NONE',  ( 3.299999999999999822, -3.600000000000000089, 0.0000000000000000000 ) ) ;
#1517 = EDGE_CURVE ( 'NONE', #803, #854, #1358, .T. ) ;
#1518 = CARTESIAN_POINT ( 'NONE',  ( -3.299999999999999822, 3.600000000000000089, 3.000000000000000000 ) ) ;
#1519 = ORIENTED_EDGE ( 'NONE', *, *, #653, .F. ) ;
#1520 = EDGE_CURVE ( 'NONE', #119, #980, #1369, .T. ) ;
#1521 = LINE ( 'NONE', #1207, #1076 ) ;
#1522 = ORIENTED_EDGE ( 'NONE', *, *, #292, .T. ) ;
#1523 = DIRECTION ( 'NONE',  ( 0.0000000000000000000, 0.0000000000000000000, 1.000000000000000000 ) ) ;
#1524 = DIRECTION ( 'NONE',  ( -0.0000000000000000000, 1.000000000000000000, 0.0000000000000000000 ) ) ;
#1525 = LINE ( 'NONE', #903, #1299 ) ;
#1526 = ORIENTED_EDGE ( 'NONE', *, *, #1661, .T. ) ;
#1527 = FACE_OUTER_BOUND ( 'NONE', #1359, .T. ) ;
#1528 = ORIENTED_EDGE ( 'NONE', *, *, #1060, .F. ) ;
#1529 = EDGE_CURVE ( 'NONE', #475, #99, #1521, .T. ) ;
#1530 = ORIENTED_EDGE ( 'NONE', *, *, #1062, .T. ) ;
#1531 = CARTESIAN_POINT ( 'NONE',  ( -1.800000000000000044, -1.500000000000000000, 0.0000000000000000000 ) ) ;
#1532 = FACE_OUTER_BOUND ( 'NONE', #917, .T. ) ;
#1533 = LINE ( 'NONE', #446, #1390 ) ;
#1534 = VECTOR ( 'NONE', #553, 1000.000000000000000 ) ;
#1535 = ADVANCED_FACE ( 'NONE', ( #1511 ), #549, .F. ) ;
#1536 = VECTOR ( 'NONE', #1471, 1000.000000000000000 ) ;
#1537 = CARTESIAN_POINT ( 'NONE',  ( -3.299999999999999822, -1.600000000000000089, 0.0000000000000000000 ) ) ;
#1538 = ORIENTED_EDGE ( 'NONE', *, *, #29, .T. ) ;
#1539 = CARTESIAN_POINT ( 'NONE',  ( -2.799999999999999822, 3.600000000000000089, 0.0000000000000000000 ) ) ;
#1540 = VECTOR ( 'NONE', #556, 1000.000000000000000 ) ;
#1541 = CARTESIAN_POINT ( 'NONE',  ( 3.299999999999999822, -1.600000000000000089, 0.1000000000000000056 ) ) ;
#1542 = AXIS2_PLACEMENT_3D ( 'NONE', #1584, #403, #256 ) ;
#1543 = DIRECTION ( 'NONE',  ( 0.0000000000000000000, 0.0000000000000000000, 1.000000000000000000 ) ) ;
#1544 = ADVANCED_FACE ( 'NONE', ( #1644 ), #427, .T. ) ;
#1545 = EDGE_LOOP ( 'NONE', ( #1436, #125, #266, #1641 ) ) ;
#1546 = CARTESIAN_POINT ( 'NONE',  ( 3.299999999999999822, -1.500000000000000000, 0.0000000000000000000 ) ) ;
#1547 = ORIENTED_EDGE ( 'NONE', *, *, #267, .F. ) ;
#1548 = DIRECTION ( 'NONE',  ( 0.0000000000000000000, 0.0000000000000000000, -1.000000000000000000 ) ) ;
#1549 = ORIENTED_EDGE ( 'NONE', *, *, #999, .T. ) ;
#1550 = CARTESIAN_POINT ( 'NONE',  ( 3.200000000000000178, 1.500000000000000000, 1.500000000000000000 ) ) ;
#1551 = EDGE_CURVE ( 'NONE', #247, #703, #273, .T. ) ;
#1552 = CARTESIAN_POINT ( 'NONE',  ( -3.200000000000000178, -1.500000000000000000, 0.0000000000000000000 ) ) ;
#1553 = ORIENTED_EDGE ( 'NONE', *, *, #1484, .F. ) ;
#1554 = PLANE ( 'NONE',  #1189 ) ;
#1555 = SHAPE_DEFINITION_REPRESENTATION ( #838, #949 ) ;
#1556 = ORIENTED_EDGE ( 'NONE', *, *, #1252, .F. ) ;
#1557 = DIRECTION ( 'NONE',  ( 1.000000000000000000, 0.0000000000000000000, 0.0000000000000000000 ) ) ;
#1558 = CARTESIAN_POINT ( 'NONE',  ( 1.800000000000000044, 1.500000000000000000, 0.1000000000000000056 ) ) ;
#1559 = ORIENTED_EDGE ( 'NONE', *, *, #1108, .T. ) ;
#1560 = CYLINDRICAL_SURFACE ( 'NONE', #1572, 0.5000000000000000000 ) ;
#1561 = DIRECTION ( 'NONE',  ( 1.000000000000000000, 0.0000000000000000000, 0.0000000000000000000 ) ) ;
#1562 = EDGE_CURVE ( 'NONE', #640, #1098, #435, .T. ) ;
#1563 = CARTESIAN_POINT ( 'NONE',  ( 1.699999999999999956, 1.600000000000000089, 0.0000000000000000000 ) ) ;
#1564 = DIRECTION ( 'NONE',  ( 0.0000000000000000000, 0.0000000000000000000, -1.000000000000000000 ) ) ;
#1565 = PLANE ( 'NONE',  #1688 ) ;
#1566 = AXIS2_PLACEMENT_3D ( 'NONE', #937, #662, #264 ) ;
#1567 = ORIENTED_EDGE ( 'NONE', *, *, #188, .T. ) ;
#1568 = VECTOR ( 'NONE', #975, 1000.000000000000000 ) ;
#1569 = PLANE ( 'NONE',  #242 ) ;
#1570 = VECTOR ( 'NONE', #1734, 1000.000000000000000 ) ;
#1571 = DIRECTION ( 'NONE',  ( -0.7071067811865475727, 0.7071067811865475727, 0.0000000000000000000 ) ) ;
#1572 = AXIS2_PLACEMENT_3D ( 'NONE', #352, #884, #219 ) ;
#1573 = CARTESIAN_POINT ( 'NONE',  ( 2.799999999999999822, -3.100000000000000089, 0.0000000000000000000 ) ) ;
#1574 = MECHANICAL_DESIGN_GEOMETRIC_PRESENTATION_REPRESENTATION (  '', ( #942 ), #48 ) ;
#1575 = CARTESIAN_POINT ( 'NONE',  ( -3.200000000000000178, 1.500000000000000000, 1.500000000000000000 ) ) ;
#1576 = ADVANCED_FACE ( 'NONE', ( #160 ), #20, .T. ) ;
#1577 = VERTEX_POINT ( 'NONE', #1632 ) ;
#1578 = ORIENTED_EDGE ( 'NONE', *, *, #555, .T. ) ;
#1579 = DIRECTION ( 'NONE',  ( -1.000000000000000000, 0.0000000000000000000, 0.0000000000000000000 ) ) ;
#1580 = CARTESIAN_POINT ( 'NONE',  ( -2.799999999999999822, 3.100000000000000089, 0.0000000000000000000 ) ) ;
#1581 = CARTESIAN_POINT ( 'NONE',  ( -3.153553390593273775, -3.453553390593273598, 0.0000000000000000000 ) ) ;
#1582 = VERTEX_POINT ( 'NONE', #847 ) ;
#1583 = CARTESIAN_POINT ( 'NONE',  ( 3.299999999999999822, -1.800000000000000044, 0.1000000000000000056 ) ) ;
#1584 = CARTESIAN_POINT ( 'NONE',  ( -1.699999999999999956, -1.600000000000000089, 0.0000000000000000000 ) ) ;
#1585 = EDGE_CURVE ( 'NONE', #411, #687, #720, .T. ) ;
#1586 = EDGE_LOOP ( 'NONE', ( #865, #1708, #1732, #337 ) ) ;
#1587 = CARTESIAN_POINT ( 'NONE',  ( -3.299999999999999822, -1.500000000000000000, 0.0000000000000000000 ) ) ;
#1588 = ORIENTED_EDGE ( 'NONE', *, *, #1233, .F. ) ;
#1589 = CARTESIAN_POINT ( 'NONE',  ( -3.250000000000000000, 0.0000000000000000000, 1.500000000000000000 ) ) ;
#1590 = VERTEX_POINT ( 'NONE', #674 ) ;
#1591 = LINE ( 'NONE', #1539, #1159 ) ;
#1592 =( NAMED_UNIT ( * ) SI_UNIT ( $, .STERADIAN. ) SOLID_ANGLE_UNIT ( ) );
#1593 = ORIENTED_EDGE ( 'NONE', *, *, #999, .F. ) ;
#1594 = EDGE_CURVE ( 'NONE', #980, #1283, #818, .T. ) ;
#1595 = AXIS2_PLACEMENT_3D ( 'NONE', #406, #114, #289 ) ;
#1596 = VECTOR ( 'NONE', #690, 1000.000000000000000 ) ;
#1597 = VECTOR ( 'NONE', #180, 1000.000000000000000 ) ;
#1598 = ORIENTED_EDGE ( 'NONE', *, *, #901, .F. ) ;
#1599 = LINE ( 'NONE', #393, #412 ) ;
#1600 = DIRECTION ( 'NONE',  ( 0.0000000000000000000, 0.0000000000000000000, -1.000000000000000000 ) ) ;
#1601 = AXIS2_PLACEMENT_3D ( 'NONE', #830, #1633, #1107 ) ;
#1602 = AXIS2_PLACEMENT_3D ( 'NONE', #1180, #1035, #1460 ) ;
#1603 = CARTESIAN_POINT ( 'NONE',  ( 1.649999999999999911, 0.0000000000000000000, 0.0000000000000000000 ) ) ;
#1604 = VERTEX_POINT ( 'NONE', #1085 ) ;
#1605 = DIRECTION ( 'NONE',  ( -0.7071067811865481278, 0.0000000000000000000, -0.7071067811865467956 ) ) ;
#1606 = ORIENTED_EDGE ( 'NONE', *, *, #1038, .F. ) ;
#1607 = EDGE_CURVE ( 'NONE', #359, #119, #955, .T. ) ;
#1608 = LINE ( 'NONE', #1634, #1185 ) ;
#1609 = ORIENTED_EDGE ( 'NONE', *, *, #820, .F. ) ;
#1610 = PLANE ( 'NONE',  #1507 ) ;
#1611 = SURFACE_STYLE_FILL_AREA ( #395 ) ;
#1612 = ORIENTED_EDGE ( 'NONE', *, *, #1484, .T. ) ;
#1613 = DIRECTION ( 'NONE',  ( 0.0000000000000000000, 0.0000000000000000000, 1.000000000000000000 ) ) ;
#1614 = DIRECTION ( 'NONE',  ( 0.0000000000000000000, 0.0000000000000000000, -1.000000000000000000 ) ) ;
#1615 = CARTESIAN_POINT ( 'NONE',  ( 1.800000000000000044, -1.500000000000000000, 0.0000000000000000000 ) ) ;
#1616 = EDGE_CURVE ( 'NONE', #434, #737, #856, .T. ) ;
#1617 = DIRECTION ( 'NONE',  ( 0.0000000000000000000, 0.0000000000000000000, -1.000000000000000000 ) ) ;
#1618 =( LENGTH_UNIT ( ) NAMED_UNIT ( * ) SI_UNIT ( .MILLI., .METRE. ) );
#1619 = VERTEX_POINT ( 'NONE', #611 ) ;
#1620 = DIRECTION ( 'NONE',  ( 0.0000000000000000000, 1.000000000000000000, 0.0000000000000000000 ) ) ;
#1621 = LINE ( 'NONE', #415, #1654 ) ;
#1622 = VECTOR ( 'NONE', #23, 1000.000000000000000 ) ;
#1623 = AXIS2_PLACEMENT_3D ( 'NONE', #90, #629, #1400 ) ;
#1624 = LINE ( 'NONE', #1202, #1328 ) ;
#1625 = SURFACE_SIDE_STYLE ('',( #252 ) ) ;
#1626 = AXIS2_PLACEMENT_3D ( 'NONE', #541, #1401, #969 ) ;
#1627 = ORIENTED_EDGE ( 'NONE', *, *, #473, .F. ) ;
#1628 = VECTOR ( 'NONE', #1677, 1000.000000000000000 ) ;
#1629 = CYLINDRICAL_SURFACE ( 'NONE', #990, 0.5000000000000000000 ) ;
#1630 = VERTEX_POINT ( 'NONE', #1264 ) ;
#1631 = ADVANCED_FACE ( 'NONE', ( #751 ), #203, .F. ) ;
#1632 = CARTESIAN_POINT ( 'NONE',  ( 3.299999999999999822, -3.100000000000000089, 3.000000000000000000 ) ) ;
#1633 = DIRECTION ( 'NONE',  ( 0.0000000000000000000, 0.0000000000000000000, -1.000000000000000000 ) ) ;
#1634 = CARTESIAN_POINT ( 'NONE',  ( -3.200000000000000178, 1.500000000000000000, 0.0000000000000000000 ) ) ;
#1635 = CARTESIAN_POINT ( 'NONE',  ( 3.299999999999999822, 3.100000000000000089, 0.0000000000000000000 ) ) ;
#1636 = FACE_OUTER_BOUND ( 'NONE', #490, .T. ) ;
#1637 = EDGE_LOOP ( 'NONE', ( #1232, #186, #1499, #874 ) ) ;
#1638 = EDGE_CURVE ( 'NONE', #1010, #436, #916, .T. ) ;
#1639 = VERTEX_POINT ( 'NONE', #474 ) ;
#1640 = CARTESIAN_POINT ( 'NONE',  ( 2.475000000000000089, 1.600000000000000089, 0.0000000000000000000 ) ) ;
#1641 = ORIENTED_EDGE ( 'NONE', *, *, #54, .F. ) ;
#1642 = CARTESIAN_POINT ( 'NONE',  ( 3.200000000000000178, 1.500000000000000000, 0.0000000000000000000 ) ) ;
#1643 = ORIENTED_EDGE ( 'NONE', *, *, #312, .F. ) ;
#1644 = FACE_OUTER_BOUND ( 'NONE', #104, .T. ) ;
#1645 = VERTEX_POINT ( 'NONE', #712 ) ;
#1646 = CARTESIAN_POINT ( 'NONE',  ( -3.200000000000000178, 1.500000000000000000, 1.500000000000000000 ) ) ;
#1647 = EDGE_CURVE ( 'NONE', #1716, #737, #732, .T. ) ;
#1648 = LINE ( 'NONE', #439, #218 ) ;
#1649 = DIRECTION ( 'NONE',  ( 0.0000000000000000000, 0.0000000000000000000, -1.000000000000000000 ) ) ;
#1650 = ADVANCED_FACE ( 'NONE', ( #1673 ), #56, .T. ) ;
#1651 = DIRECTION ( 'NONE',  ( 0.0000000000000000000, 0.0000000000000000000, 1.000000000000000000 ) ) ;
#1652 = VECTOR ( 'NONE', #336, 1000.000000000000000 ) ;
#1653 = ORIENTED_EDGE ( 'NONE', *, *, #958, .T. ) ;
#1654 = VECTOR ( 'NONE', #1054, 1000.000000000000000 ) ;
#1655 = CARTESIAN_POINT ( 'NONE',  ( 3.241421356237309759, -1.500000000000000000, 0.05857864376269063950 ) ) ;
#1656 = ORIENTED_EDGE ( 'NONE', *, *, #390, .T. ) ;
#1657 = MECHANICAL_DESIGN_GEOMETRIC_PRESENTATION_REPRESENTATION (  '', ( #276 ), #918 ) ;
#1658 = CARTESIAN_POINT ( 'NONE',  ( -3.100000000000000089, -1.500000000000000000, 0.2000000000000000111 ) ) ;
#1659 = DIRECTION ( 'NONE',  ( 0.0000000000000000000, 1.000000000000000000, 0.0000000000000000000 ) ) ;
#1660 = DIRECTION ( 'NONE',  ( 0.7071067811865475727, 0.7071067811865475727, 0.0000000000000000000 ) ) ;
#1661 = EDGE_CURVE ( 'NONE', #1204, #1693, #875, .T. ) ;
#1662 = ORIENTED_EDGE ( 'NONE', *, *, #526, .T. ) ;
#1663 = PRODUCT ( '8F9143C3-0923-43CF-B089-6E86E5796502', '8F9143C3-0923-43CF-B089-6E86E5796502', '', ( #672 ) ) ;
#1664 = LINE ( 'NONE', #455, #499 ) ;
#1665 = VERTEX_POINT ( 'NONE', #1537 ) ;
#1666 = DIRECTION ( 'NONE',  ( 0.7071067811865475727, 0.7071067811865475727, 0.0000000000000000000 ) ) ;
#1667 = VERTEX_POINT ( 'NONE', #1391 ) ;
#1668 = FACE_OUTER_BOUND ( 'NONE', #954, .T. ) ;
#1669 = CARTESIAN_POINT ( 'NONE',  ( -3.100000000000000089, -1.500000000000000000, 0.0000000000000000000 ) ) ;
#1670 = DIRECTION ( 'NONE',  ( 0.0000000000000000000, 0.0000000000000000000, -1.000000000000000000 ) ) ;
#1671 = EDGE_CURVE ( 'NONE', #396, #159, #694, .T. ) ;
#1672 = ORIENTED_EDGE ( 'NONE', *, *, #516, .T. ) ;
#1673 = FACE_OUTER_BOUND ( 'NONE', #1423, .T. ) ;
#1674 = ORIENTED_EDGE ( 'NONE', *, *, #323, .T. ) ;
#1675 = LINE ( 'NONE', #782, #743 ) ;
#1676 = EDGE_CURVE ( 'NONE', #1020, #803, #868, .T. ) ;
#1677 = DIRECTION ( 'NONE',  ( 0.0000000000000000000, 1.000000000000000000, 0.0000000000000000000 ) ) ;
#1678 = CARTESIAN_POINT ( 'NONE',  ( -2.799999999999999822, 3.100000000000000089, 0.0000000000000000000 ) ) ;
#1679 = CARTESIAN_POINT ( 'NONE',  ( 3.100000000000000089, 1.500000000000000000, 0.2000000000000000111 ) ) ;
#1680 = AXIS2_PLACEMENT_3D ( 'NONE', #1580, #370, #1136 ) ;
#1681 = AXIS2_PLACEMENT_3D ( 'NONE', #1064, #157, #1483 ) ;
#1682 = DIRECTION ( 'NONE',  ( -1.000000000000000000, 0.0000000000000000000, 0.0000000000000000000 ) ) ;
#1683 = ADVANCED_FACE ( 'NONE', ( #46 ), #1565, .F. ) ;
#1684 = ORIENTED_EDGE ( 'NONE', *, *, #1248, .T. ) ;
#1685 = LINE ( 'NONE', #1129, #770 ) ;
#1686 = AXIS2_PLACEMENT_3D ( 'NONE', #601, #1682, #193 ) ;
#1687 = MANIFOLD_SOLID_BREP ( 'L_ShouHan_CYA0630.STEP[2]', #798 ) ;
#1688 = AXIS2_PLACEMENT_3D ( 'NONE', #741, #986, #1557 ) ;
#1689 = CARTESIAN_POINT ( 'NONE',  ( 1.800000000000000044, 1.500000000000000000, 0.0000000000000000000 ) ) ;
#1690 = LINE ( 'NONE', #1518, #100 ) ;
#1691 = ORIENTED_EDGE ( 'NONE', *, *, #421, .T. ) ;
#1692 = CARTESIAN_POINT ( 'NONE',  ( -2.799999999999999822, -3.100000000000000089, 0.0000000000000000000 ) ) ;
#1693 = VERTEX_POINT ( 'NONE', #655 ) ;
#1694 = ADVANCED_FACE ( 'NONE', ( #365 ), #489, .T. ) ;
#1695 = CARTESIAN_POINT ( 'NONE',  ( 3.200000000000000178, -1.500000000000000000, 0.1000000000000000056 ) ) ;
#1696 = CARTESIAN_POINT ( 'NONE',  ( 3.299999999999999822, -3.100000000000000089, 0.0000000000000000000 ) ) ;
#1697 = MANIFOLD_SOLID_BREP ( 'L_ShouHan_CYA0630.STEP[3]', #987 ) ;
#1698 = LINE ( 'NONE', #487, #1536 ) ;
#1699 = ORIENTED_EDGE ( 'NONE', *, *, #1096, .F. ) ;
#1700 = SURFACE_SIDE_STYLE ('',( #725 ) ) ;
#1701 = ORIENTED_EDGE ( 'NONE', *, *, #696, .F. ) ;
#1702 = ADVANCED_FACE ( 'NONE', ( #1720 ), #1467, .T. ) ;
#1703 = LINE ( 'NONE', #492, #1652 ) ;
#1704 = DIRECTION ( 'NONE',  ( -0.7071067811865482389, 0.0000000000000000000, -0.7071067811865466846 ) ) ;
#1705 = DIRECTION ( 'NONE',  ( 1.000000000000000000, 0.0000000000000000000, 0.0000000000000000000 ) ) ;
#1706 = DIRECTION ( 'NONE',  ( 0.0000000000000000000, -1.000000000000000000, 0.0000000000000000000 ) ) ;
#1707 = EDGE_CURVE ( 'NONE', #1345, #1335, #1078, .T. ) ;
#1708 = ORIENTED_EDGE ( 'NONE', *, *, #1671, .T. ) ;
#1709 = VECTOR ( 'NONE', #729, 1000.000000000000000 ) ;
#1710 = AXIS2_PLACEMENT_3D ( 'NONE', #705, #437, #1371 ) ;
#1711 = ORIENTED_EDGE ( 'NONE', *, *, #1026, .T. ) ;
#1712 = VECTOR ( 'NONE', #74, 1000.000000000000000 ) ;
#1713 = CARTESIAN_POINT ( 'NONE',  ( -2.899999999999999911, 1.500000000000000000, 0.1000000000000000056 ) ) ;
#1714 = VECTOR ( 'NONE', #1003, 1000.000000000000000 ) ;
#1715 = CARTESIAN_POINT ( 'NONE',  ( -3.299999999999999822, 1.500000000000000000, 0.0000000000000000000 ) ) ;
#1716 = VERTEX_POINT ( 'NONE', #239 ) ;
#1717 = DIRECTION ( 'NONE',  ( 0.0000000000000000000, -1.000000000000000000, 0.0000000000000000000 ) ) ;
#1718 = ADVANCED_FACE ( 'NONE', ( #758 ), #646, .T. ) ;
#1719 = ORIENTED_EDGE ( 'NONE', *, *, #355, .T. ) ;
#1720 = FACE_OUTER_BOUND ( 'NONE', #668, .T. ) ;
#1721 = ORIENTED_EDGE ( 'NONE', *, *, #224, .T. ) ;
#1722 = DIRECTION ( 'NONE',  ( 0.0000000000000000000, -1.000000000000000000, 0.0000000000000000000 ) ) ;
#1723 = ORIENTED_EDGE ( 'NONE', *, *, #457, .T. ) ;
#1724 = LINE ( 'NONE', #1563, #713 ) ;
#1725 = CARTESIAN_POINT ( 'NONE',  ( -3.200000000000000178, 1.500000000000000000, 0.0000000000000000000 ) ) ;
#1726 = ADVANCED_FACE ( 'NONE', ( #1319 ), #792, .F. ) ;
#1727 = CARTESIAN_POINT ( 'NONE',  ( 3.299999999999999822, 1.600000000000000089, 0.0000000000000000000 ) ) ;
#1728 =( NAMED_UNIT ( * ) PLANE_ANGLE_UNIT ( ) SI_UNIT ( $, .RADIAN. ) );
#1729 = EDGE_LOOP ( 'NONE', ( #1304, #87, #1144, #1075 ) ) ;
#1730 = CARTESIAN_POINT ( 'NONE',  ( -2.500000000000000000, -2.775557561562889872E-16, 0.1000000000000000056 ) ) ;
#1731 = EDGE_CURVE ( 'NONE', #680, #1147, #1748, .T. ) ;
#1732 = ORIENTED_EDGE ( 'NONE', *, *, #91, .T. ) ;
#1733 = CARTESIAN_POINT ( 'NONE',  ( 1.699999999999999956, 1.600000000000000089, 0.1000000000000000056 ) ) ;
#1734 = DIRECTION ( 'NONE',  ( 0.0000000000000000000, 0.0000000000000000000, -1.000000000000000000 ) ) ;
#1735 = ORIENTED_EDGE ( 'NONE', *, *, #376, .F. ) ;
#1736 = DIRECTION ( 'NONE',  ( -0.7071067811865475727, -0.7071067811865475727, 0.0000000000000000000 ) ) ;
#1737 =( NAMED_UNIT ( * ) SI_UNIT ( $, .STERADIAN. ) SOLID_ANGLE_UNIT ( ) );
#1738 = ORIENTED_EDGE ( 'NONE', *, *, #68, .T. ) ;
#1739 = ADVANCED_FACE ( 'NONE', ( #1429 ), #1065, .F. ) ;
#1740 = VECTOR ( 'NONE', #1412, 1000.000000000000000 ) ;
#1741 = CARTESIAN_POINT ( 'NONE',  ( 1.800000000000000044, -1.500000000000000000, 0.1000000000000000056 ) ) ;
#1742 = VECTOR ( 'NONE', #258, 1000.000000000000000 ) ;
#1743 = PRESENTATION_LAYER_ASSIGNMENT (  '', '', ( #1303 ) ) ;
#1744 = VERTEX_POINT ( 'NONE', #823 ) ;
#1745 = DIRECTION ( 'NONE',  ( 0.0000000000000000000, 1.000000000000000000, 0.0000000000000000000 ) ) ;
#1746 = CARTESIAN_POINT ( 'NONE',  ( -3.100000000000000089, -0.7500000000000000000, 0.0000000000000000000 ) ) ;
#1747 = CIRCLE ( 'NONE', #1422, 0.5000000000000000000 ) ;
#1748 = LINE ( 'NONE', #1325, #304 ) ;
#1749 = ORIENTED_EDGE ( 'NONE', *, *, #124, .T. ) ;
#1750 = CARTESIAN_POINT ( 'NONE',  ( 3.153553390593273775, 3.453553390593273598, 0.0000000000000000000 ) ) ;
#1751 = ADVANCED_FACE ( 'NONE', ( #1367 ), #947, .T. ) ;
#1752 = DIRECTION ( 'NONE',  ( -0.7071067811865475727, -0.7071067811865475727, 0.0000000000000000000 ) ) ;
ENDSEC;
END-ISO-10303-21;
